yard,yard_id,make,model,year,row,fingerprint,date_added
BOISE,1020,ACURA,LEGEND,1991,59,a9cfe6845fbf3a68b3e8f2b64772974df1e53838cd482cebedba84a92057c5a7,2026-06-26
BOISE,1020,ACURA,MDX,2007,57,b1066e7dda3747efb1eb54bde04cb7c4d89c4f0ad8355f27657682bbdcdf2e71,2026-06-18
BOISE,1020,ACURA,MDX,2005,54,207d7b1c33c425654ee04d76dc638bd2bcf37a0be0f796178f264e4def836949,2026-06-10
BOISE,1020,ACURA,MDX,2005,41,977e9ff06131732e3353acb06328e17a8f414eaa9ba5106ae0656c29fc98f949,2026-08-19
BOISE,1020,ACURA,MDX,2001,42,3c3dd3539eaaaaf7260209f0314f9bda4064d1e00a0e41f9246d206b84d2c746,2026-08-21
BOISE,1020,ACURA,RL,2000,61,1fe6e6690531c17670330378609f90b9a6ad26fa7b75f97681ad3f9263a0eb4b,2026-07-01
BOISE,1020,ACURA,TL,2005,45,2391470045dfddcbcedf2499a323fc5fa901e1515cd88b3899fad07a81aee3d8,2026-08-28
BOISE,1020,ACURA,TL,2004,52,c0021d3813b27a24b03d851dec6b7048716a3c9be383607bbac71d6370ea9c26,2026-06-04
BOISE,1020,ACURA,TL,2005,28,fe2c63691e860974563f6573f1c390243f5fad61b692a64cbb00e4e31bbf5c2a,2026-07-14
BOISE,1020,ACURA,TL,1997,35,c61228ea8290831d1b0a1590387714127366dd18e5bc72c3957b6a39fa9831de,2026-08-05
BOISE,1020,ACURA,TSX,2004,26,878ec7f2af47662efcda2925fe6b6c49f0861840a312b49c5575b3e9b3859fdd,2026-07-10
BOISE,1020,AUDI,A3,2010,25,4b35964bbdd25dfe689b95e913ab8be4acb56e1d86dc5e4c1ba0e41b69cde369,2026-07-07
BOISE,1020,AUDI,A4,2010,56,4af3d2e644265bd08777afffa7df0067320ed7095f420e205c82700d7aa76f5c,2026-06-16
BOISE,1020,AUDI,A4,2008,52,5200907c46221b994e4fc3e503859b7a5cd4ea3f0e2053a035a8abd3c4e90d03,2026-06-04
BOISE,1020,AUDI,A4,2009,54,e5f67ca88082f894eeff61517f36ae76135782d5461619fa4773ffffd148666f,2026-06-10
BOISE,1020,AUDI,A6,2006,58,0d8f82cf8cfb0d36485d336fda2f9827d5fa16a63a0ab80981f466cf1debd1d9,2026-06-23
BOISE,1020,AUDI,ALLROAD,2005,46,08e6ae3edf38700d36ab4ef036a35049c68a94504bca24dd3c02c5ee95bb5ada,2026-08-28
BOISE,1020,AUDI,Q5,2012,39,31dd09054b899ad3e3d7ca9ec36078d0749807899f91c523c8799f7be493327d,2026-08-13
BOISE,1020,BMW,3 SERIES,2000,51,1994944dfeab58d07554aa00b302c09244ff74972bba77353dcb544d3bba693a,2026-06-04
BOISE,1020,BMW,3 SERIES,2005,32,5e0c7bb4fa5a75601c6a661b791419bda6d1010d92f0836713303a5b38a7f26e,2026-07-25
BOISE,1020,BMW,3 SERIES,1990,38,fa1ede9eb103a1d7a58e1e205d93a25c1f5de14396e1273750cda5a467d2af46,2026-08-12
BOISE,1020,BMW,3 SERIES,2002,44,3c993547c883297981b1f30bc63a0a85c9b02d79ce9034e0a801471521ddfdda,2026-08-27
BOISE,1020,BMW,3 SERIES,2009,49,514c3d1429b6ced5a7d2be267c8e5357b5b0944b64565d2a05a70a0e853c17a2,2026-09-05
BOISE,1020,BMW,5 SERIES,1995,42,4ed09bb0b445d2275af5626ad79b26ea4e655cc0014f5c31fdfbd7dab8ae94ef,2026-08-21
BOISE,1020,BMW,5 SERIES,1992,59,53db9d18ebf4f07ec6c91d98b259b917dbb79b5eb5c7032be363a5a2a2228eaf,2026-06-26
BOISE,1020,BMW,5 SERIES,1997,25,f38a40c6eb0d09b71314c2ca88e02e57584d37c0614a8ea8a3f90582ffcf655e,2026-07-07
BOISE,1020,BMW,5 SERIES,1985,34,a560c7af278fa6732df0ebf5a72ef8af9994911397eadb2f0d42f91b024544d1,2026-07-30
BOISE,1020,BMW,X5,2002,28,fd70a56c3064017ff1e72bc26d425c0c94c4ceda7676cfb083a2cf052d125d89,2026-07-14
BOISE,1020,BMW,X5,2008,40,13fba5825104c257e067850a869b50abc6941a28063079449831e77b869c5aa7,2026-08-15
BOISE,1020,BUICK,CENTURY,2002,78,c87869a2b1bcf1646a705bd4b30a7bbbe6e6fc214bb04bf346ac90911c2c5188,2026-06-19
BOISE,1020,BUICK,ENCLAVE,2010,9,cdb2e189766c6b53cb54a50d740deb58d57b3c9ca57316bd2269f2aaacd7e28b,2026-05-06
BOISE,1020,BUICK,ENCLAVE,2008,9,96a11e657ddcfe42a0f53f184a190c66f429d9805396a1840ff84e1e1fa0b65c,2026-05-06
BOISE,1020,BUICK,ENCLAVE,2013,15,7573f0325c9f38c22aaede7f08c48ebd53156ed6f21563b970994d1e048f0e00,2026-07-16
BOISE,1020,BUICK,ENCORE,2014,9,c414080814b30e6a1330cb01eb32c226e5e0f676e57377952ed2fb56eb4b16ea,2026-05-06
BOISE,1020,BUICK,ENCORE,2016,16,c18d20454dead9ee8277f6289ccbc3c36e794cdf4039b4d1b9437b4c50db6d04,2026-09-01
BOISE,1020,BUICK,ENCORE,2013,16,270d19a5d9db892d9a2876d75b9187179c27fc02982b1710d447261f6b0db2f6,2026-09-01
BOISE,1020,BUICK,ENVISION,2019,16,b6e4ff955f71a2d60bd87f64373b32c0807490fe545504c07a676d6d87fd3e7c,2026-09-01
BOISE,1020,BUICK,LACROSSE,2012,72,b88fc94b4e0c2795de0063ecccafa7ff7313d984112a35deefacc7a8b3f89053,2026-08-14
BOISE,1020,BUICK,LACROSSE,2007,72,0973f430fc1e36ac5baf12a3f302c209994172c843797db713cdc546da51097c,2026-08-14
BOISE,1020,BUICK,LACROSSE,2017,73,e54b23a48353ccbd969c2986a13135aa84f200aa91907661462689bd8dcc28d9,2026-09-09
BOISE,1020,BUICK,LESABRE,2002,71,b7472ca59d6109dd7605072528b66c03b7a7274597e5dd97da2c094b7da6a124,2026-07-15
BOISE,1020,BUICK,PARK AVENUE,2000,75,43f7b67dea191ed1615238644fe2815c44d02dddb59a48f7add1b7d9ec6c3ee5,2026-06-30
BOISE,1020,BUICK,REGAL,2011,74,52506671815b0781e2569ae28317f485cc922e25fa25acb896281b0ab55999b0,2026-06-05
BOISE,1020,BUICK,VERANO,2015,74,57b5d237173536ebff738dedc03222482b485cfd9c162002cd32733e199df6de,2026-06-05
BOISE,1020,BUICK,VERANO,2014,77,b56e1b92985bb240de14736e926f090525398c14aea0cddb55df136463c5030f,2026-08-29
BOISE,1020,BUICK,VERANO,2014,76,37dc36c61c224fd64de804af2c8d2b9d7b57b45a7ecf3a45e0bf34dcb05af20a,2026-07-29
BOISE,1020,BUICK,VERANO,2015,77,2ed9c2875824faf14856d37d7ce95271f057a516c63309eadb60b32da9294d7d,2026-08-29
BOISE,1020,CADILLAC,CTS,2008,71,28e1bfc6edc6bd57a7d16f5524c3c5de24d642ecd69c81b70c0cb7817f2d289c,2026-07-15
BOISE,1020,CADILLAC,CTS,2006,72,ce1ea1b37964bd267422da519ea933b2bd7acd0361aa0b8e61313d5f983a1e77,2026-08-14
BOISE,1020,CADILLAC,DTS,2008,75,473cd84dc7becaade21be1a4aadf759febeb7d3dd7b0e56d1d57e021a144c01b,2026-06-30
BOISE,1020,CADILLAC,ESCALADE,2008,10,1522b51fd480ad1b33966f2d516588eb68600918dec9af90e6c832fd3f771c7d,2026-06-11
BOISE,1020,CADILLAC,SEVILLE,2003,73,356e216cfd1313075ccbc8375197b3185262de2e11620f75a644cc407074ecf3,2026-09-09
BOISE,1020,CADILLAC,SRX,2012,13,f90f70f9914eecb0bc18dedfe6db67aa3e1cd48924bec622e1895e9a6f825774,2026-07-04
BOISE,1020,CADILLAC,SRX,2007,72,06522d8d6714cb475cd488aba4c2de10332d6e5c25c5201096dfba6a508e5f4b,2026-08-14
BOISE,1020,CADILLAC,STS,2005,78,9319b7e84f0a6c041d4516c8c68cb9eef957f97a2a04b3c89cc4edd39bac6eed,2026-06-19
BOISE,1020,CHEVROLET,ASTRO,2002,16,b5057710600e3fcd31a45f9c9df45d90066b09875a34ffe9ea805c0b25958bf8,2026-09-01
BOISE,1020,CHEVROLET,AVEO,2006,76,f41023b8440a30fa8d51acfaac7d01d8496e5da7fdc13f0b21f91e76f4041771,2026-07-29
BOISE,1020,CHEVROLET,AVEO,2005,72,e81bc544094b27b397a5eeddbdf5231323a06bf14d4c47da9f15568a535b8242,2026-08-14
BOISE,1020,CHEVROLET,BLAZER,1999,9,3e19139662bf19ba9d9a5b6cd85e7b4015d186f5b9cc7ab77791750d71773d78,2026-05-06
BOISE,1020,CHEVROLET,BLAZER,2002,13,14e62715a41161b83d59e69ca6be812e6a8ab9a7df92bafe4f3db48c92f219b9,2026-07-04
BOISE,1020,CHEVROLET,BLAZER,1997,10,9fbb371744eb43f43b7e707f2b2f98cff52663f142fa4c96bfde780281f4503d,2026-06-11
BOISE,1020,CHEVROLET,BLAZER,2000,14,c7c9388bd3d64a29df1be7a43222aeb1c212669a6dfc7df32d41907022271233,2026-06-25
BOISE,1020,CHEVROLET,BLAZER,1995,15,89129206bff3e5e3a7040f465eca7ebd67ba3176d734939c4f7ccb0de60d3983,2026-07-16
BOISE,1020,CHEVROLET,BLAZER,1989,12,8a57d50e5c0166c56c581dff4df5d38415ba4cdd96133e961ecae4673ca358bf,2026-07-31
BOISE,1020,CHEVROLET,C1500,1995,11,170564b5b7124e271d45a5f0b0f212e5e0967afcdd71a636a3288b60ddc4b0ca,2026-05-20
BOISE,1020,CHEVROLET,C1500,1992,12,2845687260faa2e313a510e38b376e916ddf89f936bf4408464484b12811c756,2026-07-31
BOISE,1020,CHEVROLET,CAVALIER,1996,78,e5be0069a34de6b808924d3042792ac39c6191f3a2a042767492611d17801b09,2026-06-21
BOISE,1020,CHEVROLET,CAVALIER,1999,71,7401adf7e26a9ba005f7253547d9b643ec2b3eef788402e07696246f4ce51a76,2026-07-15
BOISE,1020,CHEVROLET,COBALT,2010,76,855dfa9fa225351a9cfa5a26ba140853b4a0e885e5823983312267aa1ee81ac5,2026-07-29
BOISE,1020,CHEVROLET,COBALT,2005,72,3f745c860fc4376ba519a6c796092a58414e3574eb16691afd4c6d3720f87a78,2026-08-14
BOISE,1020,CHEVROLET,COLORADO,2006,15,ec8df69290a8b9cb3c0a1b04304155429de8d38719b6694a8aa38b95855ee081,2026-07-16
BOISE,1020,CHEVROLET,CRUZE,2013,74,618b43542ab9b6ec03c0fc6b7e4103e094939e2eb51011a5082915cf059fd07e,2026-06-05
BOISE,1020,CHEVROLET,CRUZE,2013,75,de71963c77f5b098d1b92c7d5fac18f654af83bbaf75b03768c115aaf54948e4,2026-06-30
BOISE,1020,CHEVROLET,CRUZE,2015,73,5600ab914344323cb8819093cc4d718786e3685b3cfcde7a4f3c4917c77bdf23,2026-09-09
BOISE,1020,CHEVROLET,CRUZE,2013,73,835e8f19f8d2b519b1402e8cb26c04f7092c2fe23024b138fc21f203229877b6,2026-09-09
BOISE,1020,CHEVROLET,CRUZE,2014,73,07bb1a63dbf248b9b9e2d24f0ef61adc49b66eaf439e5fd98ff5fb7f93166ea7,2026-09-09
BOISE,1020,CHEVROLET,CRUZE LIMITED,2016,72,e2d9de14f5ea570b1b9fb08c58dc1e8fcb8f6f9fcf097f63863490efcddb7df6,2026-08-14
BOISE,1020,CHEVROLET,EQUINOX,2012,9,83f3b9499f40226dfb001a05838b094816910731591214d673bb0493c19d923b,2026-05-06
BOISE,1020,CHEVROLET,EQUINOX,2008,11,11d4e27873a892da50d93c001600a817d192cbeb9a8c47897db21db164f5d712,2026-05-21
BOISE,1020,CHEVROLET,EQUINOX,2012,11,99b1ee3f83be4067fa9bdd81ebec9ab563b7618e7d8b04fb76efbb97470f010a,2026-05-21
BOISE,1020,CHEVROLET,EQUINOX,2010,10,fb38bbf3c1672f7e31a9f25fb165efe32370acd1b0c745d14a93d257177ed3ea,2026-06-11
BOISE,1020,CHEVROLET,EQUINOX,2013,15,138d284f15bd4ace717a3b0020b6b44b0514badafe94b893f3e0121f9ff1b5d2,2026-07-16
BOISE,1020,CHEVROLET,EQUINOX,2010,13,a97c70723f7d37fdb9ecac82102ee1c2702e558883b19c73d876228658b8d024,2026-07-04
BOISE,1020,CHEVROLET,EXPRESS,2000,13,65c4deb678bf69c93aa5ee7da6b5497712e3d06da3025532765b2d329521fd73,2026-07-04
BOISE,1020,CHEVROLET,EXPRESS,2006,13,f67dd58b1a1713eddb8d59e250396d86005d76bd74b3f1f585f70251be8bc70d,2026-07-04
BOISE,1020,CHEVROLET,HHR,2010,75,6da34aeaf5e428a726d1f96e4e086b3723cfea462fb4fd50ef3cf908683eeae2,2026-06-30
BOISE,1020,CHEVROLET,HHR,2008,76,21e8279918f898cf01d2b2e560ac84e5891b2b20aecf2e66828a59ec386219a7,2026-07-29
BOISE,1020,CHEVROLET,HHR,2007,76,140f0bf0416d6a73751fe1a979569211e5757e2ba7089d714df068b34e453aba,2026-07-29
BOISE,1020,CHEVROLET,HHR,2010,73,dc9cc4ae6cd855f3a40cdc2eca50e81bf6412c5d78829ee49b9936092025fefe,2026-09-10
BOISE,1020,CHEVROLET,IMPALA,2009,74,c3eecbe226001ab36ab5db94b7086a221ec13a2afc6e737cdeaaf8694d582871,2026-06-05
BOISE,1020,CHEVROLET,IMPALA,2006,74,3028be024c2f0bf4f57f79c73fe42ac528e5956cc05c9e13475de3700b60a105,2026-06-05
BOISE,1020,CHEVROLET,IMPALA,2011,78,b28dddeebfe28886b96ce57af58e7dc22e64311795041064e4a1c2e289062904,2026-06-19
BOISE,1020,CHEVROLET,IMPALA,2008,75,ecee26a6c49e2d85b3760a9d1baafc1a54daeabb89de8116c2656489831ef877,2026-06-30
BOISE,1020,CHEVROLET,IMPALA,2017,75,d2bcb6cfb4e152fd7e4f2664d1c61490eaae0ac87e29b53a6ab0b69de6b6ba7f,2026-06-30
BOISE,1020,CHEVROLET,IMPALA,2006,75,431d09100f52d0b0020d4ba8acc6e12cb32c73c0d6a41d5635617b6f134cefb7,2026-06-30
BOISE,1020,CHEVROLET,IMPALA,2008,71,57fb733f4e0613b0872467d1511e188cb1f20e67e73f352a215e0eb89942b304,2026-07-15
BOISE,1020,CHEVROLET,IMPALA,2006,77,ede957033c0d1b313f029d077e83bbeaea6bc53869351b46e4e536bf3fe5b43a,2026-08-29
BOISE,1020,CHEVROLET,IMPALA,2016,77,38bd60b9d768c910ae48f3449a7bc7ccc336648196fb30ff54bac77efcc0b6cb,2026-08-29
BOISE,1020,CHEVROLET,IMPALA,2002,76,5d1c364e7c7a150a422c81b2f72ab06e6bbcbf515b6d9dbe40894174c6100ea8,2026-07-29
BOISE,1020,CHEVROLET,IMPALA,2010,73,d20e95c19bdde01296d29a7c50b80725ca110ea4bdf14acc21d2aba8874a4903,2026-09-09
BOISE,1020,CHEVROLET,IMPALA,2006,73,ae7f48e94620960c7e05fad00289d0dee6266a0f5c0b6435fa0878e5f96ab8a0,2026-09-09
BOISE,1020,CHEVROLET,K1500,1996,11,5e0b44b9b01cd1e6ceb33b19593dcd9b6f78beef289ef55f43bc2e22303f13ef,2026-05-20
BOISE,1020,CHEVROLET,K1500,1995,14,a9a267210fb77b14a5cb5e9584ab240a1dcc8857591f7ba9d509a2501cb1600d,2026-06-25
BOISE,1020,CHEVROLET,K1500,1994,16,baa7042821615431c1b97cad42276b2ed12660f1fc3af8a7ef065fcd0d510cd6,2026-09-01
BOISE,1020,CHEVROLET,K1500,1994,16,baa7042821615431c1b97cad42276b2ed12660f1fc3af8a7ef065fcd0d510cd6,2026-09-01
BOISE,1020,CHEVROLET,MALIBU,2012,74,2dc7b3ca7d3cb860d8069a21fed3c1bb604a2cbf420a56c5c5a124538eac91dc,2026-06-05
BOISE,1020,CHEVROLET,MALIBU,2009,78,b8830433b6f72e2a147bf2a15dd9b71e684b77ac8e3028cb290430926386e65c,2026-06-19
BOISE,1020,CHEVROLET,MALIBU,2001,75,ebec31cff9cceccd90d8d819d82f5efadf5675ac9a7061b8352feae83e81f363,2026-06-30
BOISE,1020,CHEVROLET,MALIBU,2012,71,ee5cf95c0dc5c4c044f2051715fcd4dab25bead81e639012a8c08cd36eed88ce,2026-07-15
BOISE,1020,CHEVROLET,MALIBU,2004,71,22217340e9610ead49348c519d7b217964b1a992cef5c15732395106ffd784bf,2026-07-15
BOISE,1020,CHEVROLET,MALIBU,2015,73,b20b529a8e15fe80fd4132d0e2697ac17a086a4f2c7224d41c8b549d23c596ef,2026-09-09
BOISE,1020,CHEVROLET,MALIBU,2015,77,aaf42609781884bb87c111550d6de01fb2c07eb5cbbaa276c115da66613409e2,2026-08-29
BOISE,1020,CHEVROLET,MALIBU,2012,77,6260a802c38fc9e0f7995adaa893706566858c6beeac8360955156734714c3b1,2026-08-29
BOISE,1020,CHEVROLET,MALIBU,1998,77,6da18f20425e4915a06f4e985b62b3caa6c976b9994dc63e0a28eea5517dbaca,2026-08-29
BOISE,1020,CHEVROLET,MALIBU MAXX,2006,78,99bb3a92f7fe24dca859042e009f7260d55d938a7fb6c60b37915f90b7e04b08,2026-06-20
BOISE,1020,CHEVROLET,MONTE CARLO,1995,73,8e4f618eb32741986c09370ba25ed246a27923150767d52159741ba8a356ce1f,2026-09-09
BOISE,1020,CHEVROLET,PRIZM,1998,78,c98150c6535f22a7bd1ed8d49cb9bdce532e0187d0042e85abd748b3724347a3,2026-06-20
BOISE,1020,CHEVROLET,PRIZM,2000,75,7fa7ecdadb4be0363c5e3526d9054e2bfe1a733111c0a89b1580af258fec3cd3,2026-06-30
BOISE,1020,CHEVROLET,S10,1992,13,e163e03e5bc03703fcb53dde247978d0c670b332d48ee86c5d2187d567f78da7,2026-07-04
BOISE,1020,CHEVROLET,S10,1992,12,77a0d23c4946a9f46072397cbd8f40587cb389418b7d9cd4e7b52a0bd065eb02,2026-07-31
BOISE,1020,CHEVROLET,S10,1996,12,fe84108ce47972b5a0ba5e4afb63afb3933eef09e705b099dc3f34b10f9359ae,2026-07-31
BOISE,1020,CHEVROLET,S10,1996,12,fe84108ce47972b5a0ba5e4afb63afb3933eef09e705b099dc3f34b10f9359ae,2026-07-31
BOISE,1020,CHEVROLET,SILVERADO,2002,9,1882f03f892c582586fe9db6586eb99ab71cb25e494ae9b7626326c25cd3e292,2026-05-06
BOISE,1020,CHEVROLET,SILVERADO,2011,14,a68a2694359a230deece326e718a44660d55dd26b1cf0aabbc3b1e45a7bf26c4,2026-06-25
BOISE,1020,CHEVROLET,SILVERADO,2007,16,ecea78ec4b745ca4385fb96a3dc38ba87feea0dee63e97a35c84cb61d6f10b4e,2026-09-01
BOISE,1020,CHEVROLET,SILVERADO,2011,16,1fd2aa78021918ec996370cf6e191b97ed96cca63fce6b957cd43a09248ab880,2026-09-01
BOISE,1020,CHEVROLET,SUBURBAN,1997,10,e320dda3c7acfdea23c6dd37c8d00fab75bd99b85d68411e73fa7240f9d9fbd7,2026-06-11
BOISE,1020,CHEVROLET,SUBURBAN,1999,10,982f16e45c2ec928d11b03d426aa71e4a449f3dac9af67a1d4ac84b0ce4d7939,2026-06-11
BOISE,1020,CHEVROLET,SUBURBAN,1995,15,741fa09aab7a32de8004e7de5e17f1426195e1ba26a0b03c7252a3ec575d6ff6,2026-07-16
BOISE,1020,CHEVROLET,SUBURBAN,2003,15,7881db77b26a82842bcb82152b87db396c7d7ea9a7b76f4f52919e0147733a30,2026-07-16
BOISE,1020,CHEVROLET,TAHOE,2001,11,fa99e05f4e8845480b5fe1524772d1a403b657ddcf19ab8b7037011409a9d9bf,2026-05-20
BOISE,1020,CHEVROLET,TAHOE,2000,11,da21c2800bdb647883803afc5745789485d2858b5d1563a5584c1e7007be5068,2026-05-20
BOISE,1020,CHEVROLET,TAHOE,2006,10,f83d271ef597df70b80c8afae83511f20cb45bd13e9ca3d89417869be61f45d6,2026-06-11
BOISE,1020,CHEVROLET,TAHOE,1998,14,ee9b248b9b4f2e57205526073f8e5ea45f7fbfaeb0a66ed4880646c1ab674703,2026-06-25
BOISE,1020,CHEVROLET,TAHOE,2013,15,7a9587c9d4cc6f0b901337eccba5c3b734c0d743385b08f9bad47b412774d282,2026-07-16
BOISE,1020,CHEVROLET,TAHOE,2007,16,455040da35697cef531aa48cd66993d941f223f840f69e0358a45c483c990686,2026-09-01
BOISE,1020,CHEVROLET,TRAILBLAZER,2005,9,a11544c5798c58c4f37ec5a768eabe75382a87c717004000024dd3e718c97921,2026-05-06
BOISE,1020,CHEVROLET,TRAILBLAZER,2004,10,64f1d98990db30ac4caf4f9beeee89d3eced28e18bdca18fd976908a80acc880,2026-06-11
BOISE,1020,CHEVROLET,TRAILBLAZER,2003,12,545ee126fd4924c42663d2a20e5a590de3b1ee06553c8c1b1ac54f81a3e80759,2026-07-31
BOISE,1020,CHEVROLET,TRAILBLAZER,2007,12,2f56094f71fe86e3c93572915a1559dde3fd432532040fa12fe7ea8f93973008,2026-07-31
BOISE,1020,CHEVROLET,TRAILBLAZER,2004,12,cd3bb04100d7ab28eccfb1ee0c6883d085d3c8954cf279db97c9d81d189773f0,2026-07-31
BOISE,1020,CHEVROLET,TRAILBLAZER,2002,12,01732da37b4a3cb4c3d67bfd8b41a58e699e1f3421f2e752d7d9d7dc5f0a0068,2026-07-31
BOISE,1020,CHEVROLET,TRAILBLAZER EXT,2004,14,930168a37c659808ac4bb35097a74ced20d870a4a7fda627bad7ba14422f7241,2026-06-25
BOISE,1020,CHEVROLET,TRAVERSE,2009,9,9979951c3b84c726dfd03ffd53cac4f3afafd14313c029063b143f3a024ca6ed,2026-05-06
BOISE,1020,CHEVROLET,TRAVERSE,2011,9,607ba4577ebd1f0b2612ca27bd52215937ca201ef72a22d427ccba6d1a9594dd,2026-05-06
BOISE,1020,CHEVROLET,TRAVERSE,2009,11,d11bf4a9067f9714ba14298525addfebdd9fe6ec19d80098c914b6a616236c7e,2026-05-21
BOISE,1020,CHEVROLET,TRAVERSE,2012,11,4dfa037bd3af90aab70d0fa5faa58f8783c04dfd26e801bc7a6fc2e70406e653,2026-05-21
BOISE,1020,CHEVROLET,TRAVERSE,2011,13,2f14536a9d04bb2abb7adccceaabd1381379cd625fa0af6274f8cd15082ef15b,2026-07-04
BOISE,1020,CHEVROLET,TRAVERSE,2012,13,f46a1ba8a719a026d76cf48d904b91efc10cc3067b7228f7f9f806be0dc9e20a,2026-07-04
BOISE,1020,CHEVROLET,TRAVERSE,2015,15,a12ccf9cbea2e4d247c39a640d4caa75c2be7d2d4d018038d631c196cd1a4eea,2026-07-16
BOISE,1020,CHEVROLET,TRAVERSE,2009,16,da3682d2dc38802ea95162cd9110710b50bbcda0b2cc9d25170eccbd10cbd4e9,2026-09-01
BOISE,1020,CHEVROLET,TRAX,2015,15,09174d251801fa096aa4707b0445a89ac3662d51a29296862d59b0371433d219,2026-07-16
BOISE,1020,CHEVROLET,UPLANDER,2006,16,4228bc589d82be627b138c282b0c2c6e6a4e6f87cb88982af7e01d0aeff7cc36,2026-09-01
BOISE,1020,CHEVROLET,XG350,2006,11,d3f557578f207a8b1377641754c603c75fe8068a7d62d1fd653421332169954d,2026-05-20
BOISE,1020,CHRYSLER,200,2013,84,dcf1a3a01778de601f090523fe673ed449e13b3801a95b4daa83ff909b758515,2026-04-29
BOISE,1020,CHRYSLER,200,2011,80,e8e38f3f05177f0a4913c7ed1edeb4db2e290c67615f403e9b0178e8f4526bdf,2026-06-20
BOISE,1020,CHRYSLER,200,2014,80,d014c7d89bbea6cd6a8365d3b4fface79c6021ac3c50f84c6caa2b7fb6f076e8,2026-06-20
BOISE,1020,CHRYSLER,200,2015,81,bff1d0d386fe40f6ce9d64230c982f87ec60a73aca698b9094c99223804ea891,2026-08-01
BOISE,1020,CHRYSLER,200,2015,82,64978a8be34f0e89fd1c2154a399ae5cc0e0ae45c3f3b33415f473f8f42c4459,2026-08-15
BOISE,1020,CHRYSLER,200,2011,82,fd75be84292082fc262e508e1c3c96d9b8401ac43c41e103baafaf0e94088ccc,2026-08-15
BOISE,1020,CHRYSLER,300,2006,84,be68a076f8da0c128a8e70ddd85cf5e36709fa64fd0b9dde7ca0db46df93772c,2026-04-25
BOISE,1020,CHRYSLER,300,2006,81,3844a7b2f6a92f7ec60aa5f2f6682b382e3b8def59d32537ba44d6caf87b4802,2026-08-01
BOISE,1020,CHRYSLER,300,2007,82,2736c7bbd26639a65d5edf9292dcd3e9e3cb32d1f0339a33a68aaf76812767a1,2026-08-15
BOISE,1020,CHRYSLER,PT CRUISER,2006,84,8a42195499d0ae39431dcd25d074fb051726944b84ace9a72cb6945491895415,2026-05-05
BOISE,1020,CHRYSLER,PT CRUISER,2004,79,9f7e498b9c60b67b68a62bf055fa919d3c96d0cec099bd8d0a6aa235daa5ed42,2026-05-26
BOISE,1020,CHRYSLER,PT CRUISER,2004,79,9f7e498b9c60b67b68a62bf055fa919d3c96d0cec099bd8d0a6aa235daa5ed42,2026-05-26
BOISE,1020,CHRYSLER,PT CRUISER,2006,79,0363c96ebb3f7fa85f1edbac785e9c55f1f05a48890b80439c2281c03a056d5c,2026-05-26
BOISE,1020,CHRYSLER,PT CRUISER,2008,80,53236463c876ec0080a78b622bb32916f0c464c82f62c067752512e0da4c8a09,2026-06-26
BOISE,1020,CHRYSLER,PT CRUISER,2007,80,a662f2e68c657758668e4808895a7f5a8c5496a0cf80920c837975b3dee2456b,2026-06-20
BOISE,1020,CHRYSLER,SEBRING,1999,79,53bdf490847d340009245482017c262d47263b40ac0f0fdc01ed4d132b73e04a,2026-05-26
BOISE,1020,CHRYSLER,SEBRING,2008,81,c52bf60836b8058e5f6e71edf5a31597fabca66e6772bfc86a4e48f8b6568f8e,2026-08-01
BOISE,1020,CHRYSLER,SEBRING,2007,81,4b13b90e599db1bf8dbceb36fbf2af6f66f06d119660a389d8ad563d6ffd88c5,2026-08-01
BOISE,1020,CHRYSLER,TOWN & COUNTRY,2008,24,3b3effe196e4f2e9c8e5f4f3d516ccf143ba858131e9aa11192f14f2d409a43a,2026-04-22
BOISE,1020,CHRYSLER,TOWN & COUNTRY,2009,24,48071704b4760b6a927b434d901ebb189014044f594f7b416b384c9026df8b50,2026-04-21
BOISE,1020,CHRYSLER,TOWN & COUNTRY,2008,24,3b3effe196e4f2e9c8e5f4f3d516ccf143ba858131e9aa11192f14f2d409a43a,2026-04-22
BOISE,1020,CHRYSLER,TOWN & COUNTRY,2014,22,735fddf46cd1b79cd3a324a161cb15d190bc17827b584e96a45ddd1788695b02,2026-06-18
BOISE,1020,CHRYSLER,TOWN & COUNTRY,2005,22,3a20550f87be397cf3d2b8f9a1e4d58c0b499e4f60fac789882c622c777b3fde,2026-06-17
BOISE,1020,CHRYSLER,TOWN & COUNTRY,2014,19,1dcc47cb7c5b32f68c18c2fa0ef0b828f3ef9a67419ed552fa830783acdc65f7,2026-07-21
BOISE,1020,CHRYSLER,TOWN & COUNTRY,2010,23,ed0f12a061c7ca9f2e922be2d76397e59de1315e07a9431f0283a9b270798ee1,2026-07-09
BOISE,1020,CHRYSLER,TOWN & COUNTRY,2011,19,bf7448daff3f84a0f83b387828dfcd4d87125e6df8382e7637cf31f94b850424,2026-07-22
BOISE,1020,CHRYSLER,TOWN & COUNTRY,2014,19,1dcc47cb7c5b32f68c18c2fa0ef0b828f3ef9a67419ed552fa830783acdc65f7,2026-07-21
BOISE,1020,DODGE,AVENGER,2008,84,bb58bd925d4245cd0878782b13bbf1ae281177af5a6aa466feb29fb917627a0b,2026-04-25
BOISE,1020,DODGE,AVENGER,2012,79,972bcd653395c19beae90da61ca8904b2785f9589453b284625d2ef38b6ac4a8,2026-05-26
BOISE,1020,DODGE,AVENGER,2014,80,fe7a1f58ffbb3a1b1184dd5299491178f0b1eecd81435171961c302601e303fd,2026-03-03
BOISE,1020,DODGE,AVENGER,2012,82,d300dc7963a9423f566effd668d020b332a4556dfc7367099c48b574237e0fba,2026-08-15
BOISE,1020,DODGE,AVENGER,2014,82,c5b4e1532fa0bd45e39f0857cc6d28e9d4006bac6eeba0cf6ed454dd515f7fcc,2026-08-15
BOISE,1020,DODGE,CALIBER,2008,79,29a8e2db04cceca7a2fd842d6e8b7e6f69273d939dd106854e46d3dc2bbf6f12,2026-05-26
BOISE,1020,DODGE,CALIBER,2008,79,29a8e2db04cceca7a2fd842d6e8b7e6f69273d939dd106854e46d3dc2bbf6f12,2026-05-26
BOISE,1020,DODGE,CALIBER,2007,80,73f96650af2e5e721977b17c56f77fbcf53bb96261efb61c21007ae3ada87ab6,2026-06-26
BOISE,1020,DODGE,CALIBER,2008,81,b5d38049c50e9618929c5ff04818cc53d464307d7ec943bd221d41435f9ceb89,2026-08-01
BOISE,1020,DODGE,CALIBER,2007,81,b4cb5e4553e251c870a18bd01bf7124b6c41d40b429fa5be9b6a3b4cf88998a0,2026-08-01
BOISE,1020,DODGE,CALIBER,2010,82,1e7ef363d795b8f3aca1281982731d7399061e05635d70cae5443539742089b4,2026-08-18
BOISE,1020,DODGE,CHARGER,2010,84,e18d2ca26ccf6355967f42381abaa85d13df2409951835082657a35990fd9f3c,2026-04-28
BOISE,1020,DODGE,CHARGER,2011,84,84d53c60b65b045a624310840079913634bc9dd72ea0c5958291b39311cbee39,2026-05-05
BOISE,1020,DODGE,CHARGER,2010,79,6b96ab58b9ef5932a1bafd24c6dbabe3cf02d5f36b2078b74ad69d64ed115184,2026-05-26
BOISE,1020,DODGE,CHARGER,2006,80,ffca662a3f9deac1a83474f951a53b0d249e6e42a207cb4084aa448a691e7413,2026-06-20
BOISE,1020,DODGE,DAKOTA,1992,18,ebb588e3d792f51062c169556de2a0ef1172835bd73e404b4fcf07174cae7f56,2026-04-01
BOISE,1020,DODGE,DAKOTA,1990,18,1bcde52d4ede7fb29c544d16c76c97c31d685ffd35e3471436723df550b2151a,2026-04-01
BOISE,1020,DODGE,DAKOTA,2006,24,4196d5858b90c92c3aca9b1bbd3bf071c3ef46545890a058cd1768efade9ae3d,2025-10-17
BOISE,1020,DODGE,DAKOTA,1995,20,331d391414373354c3723988829236b27d685a6078ab3f1f00901f503a67e6dc,2026-06-02
BOISE,1020,DODGE,DAKOTA,1988,20,2f15c6995570caaab612d6133ffd47533b38d66febcbb50b72d783a1123f40f5,2026-06-02
BOISE,1020,DODGE,DART,2016,84,bbd40b44712718fe3749b448ca4c2e46864d599b24a2291ceab5c1a6b069a5a2,2026-04-25
BOISE,1020,DODGE,DART,2013,81,6824a0f9ecf9f206925f972f3eab266b980fd6485a9fe85e729bc0a22529d31c,2026-08-01
BOISE,1020,DODGE,DART,2015,81,eb83d477784d9c753dd6bab9bc7a182754249215d9eb6e162592a7fdf6799827,2026-08-01
BOISE,1020,DODGE,DART,2016,82,34a23acb9882ac912ae470cad1f484f5318daee4a65abf5f9d69627206de754a,2026-08-18
BOISE,1020,DODGE,DURANGO,2002,21,12a33b6861b70df01451be21a60c5fd8f3ffa0c1ec75cd5aee7a95819dbf833c,2026-05-06
BOISE,1020,DODGE,DURANGO,1998,18,bd3f7dea9d63366dc522a010355201795618b3cfd53f3b60e1c9ebb2f9aa5df6,2026-04-01
BOISE,1020,DODGE,DURANGO,2004,20,327ffbf1276a80e6316f57a26eadd332c7d22e2b05e4b9e7e7aa925969e4b72f,2026-06-02
BOISE,1020,DODGE,DURANGO,2003,22,b5f2653118aa98ce6891f1d502da887878e4587d770f88078063a6138f255ff1,2026-06-17
BOISE,1020,DODGE,DURANGO,1999,19,28c481a9357e32b91529789229885f341af2ec1ef60018454dc27613d5b90932,2026-07-21
BOISE,1020,DODGE,DURANGO,2007,17,9add3024952b133307c6707b2788b67681b2f25d0bcade69ad556ce584726d8f,2026-08-27
BOISE,1020,DODGE,DURANGO,2002,17,f21bcb5f73d5bc9ccb2cea1d71c9f2a73766e958fc3a760b2cd154fb2f30147f,2026-08-27
BOISE,1020,DODGE,GRAND CARAVAN,2016,24,30ffddc31e3fb8e9ef20c041ba3f8192758ae2b2c1eaac47f2da19ecdd83e358,2026-04-22
BOISE,1020,DODGE,GRAND CARAVAN,2007,20,fa5e31571d17410108bccd896f3fea203c0549de2ba980fba9bfbde32181c6d0,2026-06-02
BOISE,1020,DODGE,GRAND CARAVAN,2005,20,ac1d142e5ceaa745b9c49898c7055acf134de69916b54b1094cabd1485716692,2026-06-02
BOISE,1020,DODGE,GRAND CARAVAN,2014,22,5f007b3bd510c410fb112f5e9dff136e6e5891900ab2d5a22645d3fbf6086fda,2026-06-17
BOISE,1020,DODGE,GRAND CARAVAN,2010,22,6ca36ad5b16ebb8ee4ef36ae0e92b469938eb599e06bf3f6f7004000d4d24bf1,2026-06-17
BOISE,1020,DODGE,GRAND CARAVAN,2013,23,1e077f1482fe0c80b92fd61988d50b292066dc2d6ffd9ba355648ac043e23052,2026-07-08
BOISE,1020,DODGE,GRAND CARAVAN,2010,23,80c2228e23ee01da5d3b2511a8819de7b6b518aa5e79e1ed471f50e89d9c66fb,2026-07-08
BOISE,1020,DODGE,GRAND CARAVAN,2007,23,093d6a4a8c4725172e9d15ff186216896469f60263a87b6ad31c8a5495268a2a,2026-07-08
BOISE,1020,DODGE,GRAND CARAVAN,2012,17,0392dfc7be5221edc900d02e4f11a144f6b2bc7a5fbe49c80bb4d4f178ad9aaa,2026-08-27
BOISE,1020,DODGE,GRAND CARAVAN,2013,17,3936eb4c4d8d4938c983c49171e918d8ae917b0ae32caac597f519a3a52aba59,2026-08-27
BOISE,1020,DODGE,INTREPID,2000,82,bd6138aa0282bb0175f6838c7f077ef0292269fd12f51a4d8be84a1bc46a4fe8,2026-08-15
BOISE,1020,DODGE,JOURNEY,2016,84,0480541f56f826dde90ce5df3bd724cd5df929a26a12bebf87d3bcbacafa4a11,2026-04-25
BOISE,1020,DODGE,JOURNEY,2009,79,4b09fe1432e17f1d7d300867719aeea7d5d227558529982d98e2ce2e015bca7e,2026-05-26
BOISE,1020,DODGE,JOURNEY,2013,80,731f96d2201d1779e7e814ad5e60910f884d0c6d0810466ef099a264664aa3ff,2026-06-20
BOISE,1020,DODGE,NEON,2004,79,60d220078d430b6ef38a02d93052d23ca038e6a3e6bd820865069f7e337469f1,2026-05-26
BOISE,1020,DODGE,NEON,2004,81,2d16bb7f63f99a0b495c3cfc2b1c54c125f88f066d0e92d5b1a1b60ef76fd313,2026-08-01
BOISE,1020,DODGE,NEON,2004,81,2d16bb7f63f99a0b495c3cfc2b1c54c125f88f066d0e92d5b1a1b60ef76fd313,2026-08-01
BOISE,1020,DODGE,NITRO,2009,24,9eaf2565bc0c612dfd73fe5e286879537250015e073f707105dac7d30aba2173,2026-04-21
BOISE,1020,DODGE,NITRO,2011,18,e53b06327313dcbdcf415328917f3d1cc2bc634670982a7edfc884e7fa19e953,2026-04-02
BOISE,1020,DODGE,RAM PICKUP,2003,24,684b27389d9e688f307981fa0274a1041b0a68c4fe9677f13e512b8ef80290f0,2026-04-21
BOISE,1020,DODGE,RAM PICKUP,2009,18,28c686e9bd9ee2e7a8aad8da3455a20d5c7bc7a972aab6fc11e499d670d9c8a2,2026-04-01
BOISE,1020,DODGE,RAM PICKUP,2003,18,2f41338f94ab5526959b5127d5f3bcafcbdfa38a5fc10538c2c8f033550a018d,2026-04-01
BOISE,1020,DODGE,RAM PICKUP,1997,18,d3923c2caea4c29e44a58702e22504fd937aacbd01bbcd115c7d4e71b54faf1b,2026-04-01
BOISE,1020,DODGE,RAM PICKUP,2008,18,d16cf700e81155cf2ecc160e8c24f760fdc9c2bbe479de7572cde52e8386b954,2026-04-01
BOISE,1020,DODGE,RAM PICKUP,1995,18,2939fc410a79251595dfd0ed6ea66a90876ad368710dcce8df0c0b3354dfd5aa,2026-04-01
BOISE,1020,DODGE,RAM PICKUP,1999,24,a5f09c303b8393ae69680f639539139c1da88c93d2d36939372929541480c9ec,2025-10-17
BOISE,1020,DODGE,RAM PICKUP,1998,21,fc6d2a3f99b5f51953de487e82de39f0ccd0c93c6c3d207db4ed3a35d496eeed,2026-05-06
BOISE,1020,DODGE,RAM PICKUP,2005,20,5e76d370070a2a8a1c8014e24287f7e9fb81296c63171aac6bf808c8f293e9b8,2026-06-02
BOISE,1020,DODGE,RAM PICKUP,2007,22,cae0748c94c75bb2e12ca7f2b1c3d6995ac37a854467197e3c842ed82fd5c9b9,2026-06-17
BOISE,1020,DODGE,RAM PICKUP,1997,23,8f6dbe6d8736be6d490c47687becfab899f1ffcb17cda810b42b7c97a9e9441e,2026-07-08
BOISE,1020,DODGE,RAM PICKUP,2005,23,46dc5c1b83c53aea4f3624f90653141fbee979a745f71c46f6551e3413c13f3a,2026-07-08
BOISE,1020,DODGE,RAM PICKUP,2003,19,d3f3ee4dc7084e3c732075080e52a62e29f14bf54ececfd33fd2c6ba210dd9c7,2026-07-21
BOISE,1020,DODGE,RAM PICKUP,2001,19,4519d6ed770d86fe4bf7caeb942ac58b11fecc8f149ca08015647135acb5586b,2026-07-21
BOISE,1020,DODGE,RAM PICKUP,1999,19,3bd59d65b390ae4dbbe7f652e99c90f48d1697ba94ab64af1be4312c536a60bf,2026-07-21
BOISE,1020,DODGE,RAM PICKUP,1997,17,612b626ab4faeff19056acd4858e2c534e71c22b5ec33a3ae93aa4fa4d7086f8,2026-08-27
BOISE,1020,DODGE,RAM PICKUP,2004,17,537a006c95c19f72f6f52f3601b9607134486e8e7f40d6d52961ad8de806d19f,2026-08-27
BOISE,1020,DODGE,RAM PICKUP,2005,17,d2c0a496e61c61fed8826db7df1d09840828b0a58857c11e6024c955108be805,2026-08-27
BOISE,1020,DODGE,RAM VAN,1997,23,4196b2c26253676b50646a31a0148c9124d38a43a4925c4def0403d41c4a90de,2026-07-08
BOISE,1020,FIAT,500,2013,54,1b9fb15f7462118294e50a1eb3fe2c0b32670813eb5b56fcc4ce369b8b26111e,2026-06-10
BOISE,1020,FIAT,500,2013,43,166e48e3872d3ae118196dcbd4857074382581ca34df811cb4e6a3b4fc9d9a62,2026-08-22
BOISE,1020,FIAT,500,2012,45,4349cac11cdf39d78de8a837711106f7650d74cbc063b0657754b3984b7fbd71,2026-08-27
BOISE,1020,FIAT,500L,2014,41,4252ce0379084da77880f2a29a75c448b1ae81f8a9ba8cf903c450c1707a7e6e,2026-08-19
BOISE,1020,FORD,AEROSTAR,1993,4,11e833633e197bfa87e299afbf919f818fc15475fa040f3e836793283d529498,2026-06-12
BOISE,1020,FORD,AEROSTAR,1997,2,185066daa7135238af5c1233edf1afa58b227524a0472e5193bcb605166c8132,2026-09-10
BOISE,1020,FORD,BRONCO,1988,3,8e02926c4942f6324f1a4ad9ff247cc52bcdb7d67f0bb6030d2659c1b4ef54a2,2026-05-27
BOISE,1020,FORD,C-MAX HYBRID,2015,63,92cbf9dc2c833a5efe84d5a80a623c59b04e0624651e718d412526855e040abd,2026-01-01
BOISE,1020,FORD,CROWN VICTORIA,2010,64,9a60ba04aaba284d3438fdadd279f80e15b0d5175a15cbe60c31af816ab55acf,2026-05-01
BOISE,1020,FORD,CROWN VICTORIA,2011,63,b8c1ae4a1facf45603afdb430854338c66f1b8b02a248bb23f471bc14120c403,2026-05-22
BOISE,1020,FORD,CROWN VICTORIA,2000,70,2ce382bd002f64b0ffe7bce20ad4c26d27ef8baa9c2b393493462489c213cb5e,2026-06-06
BOISE,1020,FORD,ECONOLINE,2000,3,d6cb13f99c07a16acceca9018e1de868f133536297923adfb00631d1efe93e64,2026-05-27
BOISE,1020,FORD,ECONOLINE,2005,4,a04bb1ab42270801773443188afb3d5b6299955ae68726f3ba8e84fbf174c8aa,2026-06-12
BOISE,1020,FORD,ECONOLINE,2013,6,c33e4b6397d5b802942f8e717d34d33b52ab2a0b582a7fcb5e16cf14cf7a2931,2026-07-03
BOISE,1020,FORD,ECONOLINE,2005,6,90e387e7ea1fb2fcfccddb12f74bb638f5c4d4cf73198d644e0a01ff5def5179,2026-07-03
BOISE,1020,FORD,ECONOLINE,2003,1,a62e7da6bb1b2f3e6a421a184cd3109bfc44fe033509a414625156daf09082fb,2026-08-20
BOISE,1020,FORD,ECONOLINE,2010,2,765bf18ec7069fe0a8cc044f536d7a9f9af9a223d9d536a8e1e98fd223acf2fa,2026-09-08
BOISE,1020,FORD,EDGE,2010,69,c4788413256d2c24b0eb11f1aab0da067efdab18545ed9a0bbb30c09a1e5332a,2026-05-08
BOISE,1020,FORD,EDGE,2013,69,4dae907dfb4ac37097dc1bcaed60f026b43c0f66e2e9d1da99624b46a11a2a5e,2026-05-08
BOISE,1020,FORD,EDGE,2007,69,daaa7560a1ae9e67a393b1cb09941133142fe6902beb15dd4c6e7b6b29458b9e,2026-05-08
BOISE,1020,FORD,EDGE,2010,70,402263f4a89135011bcf2ad76dbb60cb4b1a0b463c93363c867d39cb5324dcf0,2026-06-09
BOISE,1020,FORD,EDGE,2008,70,a4eb2a9ff8cae5a9e7580a9f95dd3836e8d056bf6664eace647d88f3bf2f9772,2026-06-06
BOISE,1020,FORD,EDGE,2007,68,20aba5f95e67fbd3262f1e17b52cf37b3c50668c92372b5084d4e57ce181f5b3,2026-07-09
BOISE,1020,FORD,ESCAPE,2014,8,0a0083d400fcdf58a57e4e35c2358d2257ca5ed1e317bbba3419860980cbf621,2026-08-06
BOISE,1020,FORD,ESCAPE,2013,5,2ffb5658a757baaf9d407622edb5edb71cd03c95fe5a56b91e739122569e05b4,2026-06-24
BOISE,1020,FORD,ESCAPE,2006,6,8bb15cf900faeb48e18ad9e97c208b8dc183bf34dfb4aa592af6f749d28fe6ec,2026-07-03
BOISE,1020,FORD,ESCAPE,2006,8,6bb83e12213261dbc96d2ae76f6c34b1d6db587b5bce720b94c25588c462f909,2026-08-06
BOISE,1020,FORD,ESCAPE,2011,8,8f9c3cd2838b71f0e55d46121f12a084c637bbeb073b0df574b9ddfeaf3593a2,2026-08-06
BOISE,1020,FORD,ESCAPE,2013,1,36a8c3f98259b03b7455ea4a37d3ec90575ca3e0a77cff698d4f500d1facb2c2,2026-08-21
BOISE,1020,FORD,ESCAPE,2010,1,0b8b46f68b95bbb96e1930d6cc4ab8bb7e0c5b982f5c5e464f5bd9ca716635f1,2026-08-21
BOISE,1020,FORD,ESCAPE HYBRID,2008,5,4dc8104b4da67ea12e25d4afac4adb41bd12ab6ec59ec07e4bdc36b71be053c4,2026-06-24
BOISE,1020,FORD,ESCORT,1992,63,3e3b0e4d574afed839f631b2ad383789c210eaee0ffbbd8c3a097812c9af8c4a,2026-05-22
BOISE,1020,FORD,EXPEDITION,2001,4,0a778a82cbd0b8640c1258037cebd49172878e46808ac28a5de339ca4a71eed1,2026-06-12
BOISE,1020,FORD,EXPEDITION,2005,5,a7d3426de2f9f81f1e2318c47f39f131b31ddfc2da0b813c5929c7f41520a437,2026-06-24
BOISE,1020,FORD,EXPEDITION,2001,5,a98cf16d78bac68e87ea80e9d168b3dd5d9aa9b139f0fd9318989f37b10a6228,2026-06-24
BOISE,1020,FORD,EXPEDITION,1997,8,617047f4927aa9f2e73857ea80e49671f655b1756fa5d8ad41a8d70c7897b838,2026-08-05
BOISE,1020,FORD,EXPEDITION,2003,7,89676094777d5f64bbb0cacd6b6935c858a9cc217b6996b016e3266c256bb40d,2026-07-24
BOISE,1020,FORD,EXPEDITION,2013,1,d45718093579cb11085201be4dd5f2c3ff5ed580275f292a027668fa3e95e7e2,2026-08-20
BOISE,1020,FORD,EXPEDITION,2005,2,7f87a3421f4efefcdcacfb857a67ecf38c0f5671c0a7ffbfc342819003c71055,2026-05-13
BOISE,1020,FORD,EXPEDITION EL,2010,7,38e021ce6a0cf400e404fd6325c4f8d620dea13672ab01500edd7bfcfec12da5,2026-07-24
BOISE,1020,FORD,EXPLORER,1995,4,7f14c5bfd8b2fdb72c7362da34ec6ef83bbac297770f7753f4f071737d4cfdee,2026-06-12
BOISE,1020,FORD,EXPLORER,1994,3,0bdf2d64c621ed889866eda693c748ceb57e934eb7cae7885c902b6052768c30,2026-05-27
BOISE,1020,FORD,EXPLORER,2004,3,724b5f22dbede73578cd0624a815a9d0ab4af20bf7c2e47689ad2720c9dc8aae,2026-05-27
BOISE,1020,FORD,EXPLORER,1993,4,3bc11480aa2e6bcc4d3368a7cad6c0d055892f296138dc88b7c6334b711786fc,2026-06-12
BOISE,1020,FORD,EXPLORER,2008,5,05632a285ca43f31493b9f7cbcd38fdd95904ebe7e6445c2c83f834fda12edbd,2026-06-24
BOISE,1020,FORD,EXPLORER,2005,6,586b6f6d677845106e66b4220c65c56a97a920b59aa5d763f7c88bfbd02f7c0f,2026-07-03
BOISE,1020,FORD,EXPLORER,2002,7,87bef25684d1dc63bdf7a80cee13bc06df9f520fe8768f0d1fe33639404d0809,2026-07-24
BOISE,1020,FORD,EXPLORER,2002,7,87bef25684d1dc63bdf7a80cee13bc06df9f520fe8768f0d1fe33639404d0809,2026-07-24
BOISE,1020,FORD,EXPLORER,2002,7,87bef25684d1dc63bdf7a80cee13bc06df9f520fe8768f0d1fe33639404d0809,2026-07-24
BOISE,1020,FORD,EXPLORER,2006,8,377d55522c1fb031e4d83a428bbd71f5c948499e7d4f86167b7cc945208702c7,2026-08-05
BOISE,1020,FORD,EXPLORER,2005,1,fbce7659e7c673e7f7d3b69925f0949b831a8b3339885bae52787dac60ca8fed,2026-08-20
BOISE,1020,FORD,EXPLORER,1996,2,3f02af71c9fac6fd5df9faa91aa55685da80a7a579d7b428d93722275c819021,2026-09-10
BOISE,1020,FORD,EXPLORER SPORT,2003,2,76fca8ca8e89188832f932183053e0c59a27745b177a7bc4b0475090e60babee,2026-09-10
BOISE,1020,FORD,EXPLORER SPORT TRAC,2004,3,aa7b8a802c620d3bc6da204a8db3eae9f0de71d1550536f27522e1410040adf0,2026-05-27
BOISE,1020,FORD,F150,2006,3,5d253dff038e89ed3d905109b3070cce939b7a86381bd37ba7deb35384d37592,2026-05-28
BOISE,1020,FORD,F150,2013,3,abf8a0e286ec433313176755c8884059ad9bd5270f443da2139aa6f84f58fca0,2026-05-28
BOISE,1020,FORD,F150,2006,3,5d253dff038e89ed3d905109b3070cce939b7a86381bd37ba7deb35384d37592,2026-05-28
BOISE,1020,FORD,F150,1986,3,3959ef727875458803a18dcb02fb0d9204d374760bf157f630755fad72f8809b,2026-05-28
BOISE,1020,FORD,F150,2002,4,f141789d3a4513e4a0011846f59ef273a847f7cb43833aaf2712456ea612e791,2026-06-13
BOISE,1020,FORD,F150,1985,4,86b9a8c92daa46fe5a9b2fbc800b5b205a2c8ca228ba67d3d70de98fc2c683d9,2026-06-12
BOISE,1020,FORD,F150,2006,5,4edf5f926d8c6d9909b9f5d63e94dded4cff353bd4a4707da0b93e0e70937dc2,2026-06-24
BOISE,1020,FORD,F150,2005,5,51304a55cfd53fe3b972df66c841525d0dee80ccfa3eb8578a1fafbe3b284316,2026-06-24
BOISE,1020,FORD,F150,1991,6,3f9b6a2a57915f3b276ee94e7fcf4310376b0907dd8460fb2b40d759ec4c2e7c,2026-07-04
BOISE,1020,FORD,F150,2002,6,16a139c0f53352f83c8bc9164d1f635a97e40adad1fe68701e6bdda15670685c,2026-07-03
BOISE,1020,FORD,F150,2004,7,933192f29af996ce1f6002fe84e90407b2e061e140fb683244185458e7b5911b,2026-07-24
BOISE,1020,FORD,F150,2002,7,6fb704b5d887ead24e5e06a4424a53403aaa108234d585a0c4446ee4cb43ddbe,2026-07-24
BOISE,1020,FORD,F150,2008,7,4216679c2b6152cdc893ed518f2ee34a568ace53a423b43dee970c540d574f02,2026-07-24
BOISE,1020,FORD,F150,1995,8,b755513c4238e010582e39538f716f7e17570e27de79876a4b46c348b0b4bf6e,2026-08-06
BOISE,1020,FORD,F150,2000,8,fa77ec8ad0938f8fe6ccedeac48e4faeb6fefbb422cef536d6061386588d0aab,2026-08-05
BOISE,1020,FORD,F150,1988,2,61f19d25e5c84226e7be2dc31c57cb42372cec85ba012e7397fc73e231a20355,2026-09-08
BOISE,1020,FORD,F150,2010,2,af3284ae46289748448f07318f9207afefad33e6f40dacd33d1dc94fe580f8d1,2026-09-09
BOISE,1020,FORD,F250,1989,1,8b2c93687904f2a68674525822fe8433bcd3e87d3c554720816dfc5e0fd504b2,2026-08-20
BOISE,1020,FORD,F250,2001,1,1b330ff26d27018df513a9c69ca88eb05a028494d429b8e744a0585d683c9782,2026-08-21
BOISE,1020,FORD,F250,2005,6,579eaece8ce577f72ce8e20cb3582d8ff83a92a3e559020358543df48c9ddb16,2026-07-09
BOISE,1020,FORD,F250,1992,1,9e59a358e6f20188ec46f196af877c9a297f1ed7f9f9584939d9264f287939b3,2026-08-21
BOISE,1020,FORD,F250,1993,8,5e2eabf6a2fe3a5dc8818f85f3ffa771e65dc6c6fbde3c7598f0371db77abfad,2026-08-06
BOISE,1020,FORD,F-350,1999,4,ae8bc2f5e6d03079f4322958838bdea024815bee10ef64bc9968b48165e1c863,2026-06-12
BOISE,1020,FORD,F-350,2004,8,35a9c9dd18c3da083ff525dc01390e16fd4c77a75660449626c589609cd973b6,2026-08-05
BOISE,1020,FORD,FIESTA,2017,64,2ab70ddf7290faad7ca5acacdbef86f6bbead0599f802f6462604131665e393b,2026-05-01
BOISE,1020,FORD,FIESTA,2015,63,acdb5d52cb3133578b558db9768f1f1a1f21c37d7ee47b960736be7c616c0260,2026-05-23
BOISE,1020,FORD,FOCUS,2014,64,cd57a7969e64434221ec811796bf03e5589f60bf6eaf6daf540316dc8253a088,2026-05-01
BOISE,1020,FORD,FOCUS,2009,64,cc8a63f66e777717bf3c83696e711dd5d20d80f1180f40225d34c46794b5bbe5,2026-05-01
BOISE,1020,FORD,FOCUS,2015,63,49e49488332b49b39738b2877c1e1a374e287dba8dabfb52a787482462e8b741,2026-05-23
BOISE,1020,FORD,FOCUS,2009,69,18d492c7dc98903e04c62b740d5dbb366a8b7b69392d57935f9360d8db557d45,2026-05-08
BOISE,1020,FORD,FOCUS,2018,64,5c021fe3d5150673589db09c322d320f8d96a2bff2dc922d1213d2438705507e,2026-05-01
BOISE,1020,FORD,FOCUS,2010,64,09264d9de2138f986c7d114d08ae922d6a7dbab3ef5b20e7afa78ac32a421f0e,2026-05-01
BOISE,1020,FORD,FOCUS,2014,69,e149e1af9b1f0f913b06839f8f1fe8f71a54e25e800be8ba56378576ab100d41,2026-05-08
BOISE,1020,FORD,FOCUS,2014,69,e149e1af9b1f0f913b06839f8f1fe8f71a54e25e800be8ba56378576ab100d41,2026-05-08
BOISE,1020,FORD,FOCUS,2010,63,e1ef4e5cad1e8360d4817048204712cda2b1b861626bd962b8c5043b98f6410c,2026-05-23
BOISE,1020,FORD,FOCUS,2007,63,447fd28126d2e1dc0ff1589867a08f5e91eaa17b017c7761122ca06e92ac2288,2026-05-23
BOISE,1020,FORD,FOCUS,2007,63,447fd28126d2e1dc0ff1589867a08f5e91eaa17b017c7761122ca06e92ac2288,2026-05-23
BOISE,1020,FORD,FOCUS,2000,70,3108bdb87185f422e004fe4e617a466c6505661a4ad2a6ae5cac13c9945aea00,2026-06-09
BOISE,1020,FORD,FOCUS,2000,70,3108bdb87185f422e004fe4e617a466c6505661a4ad2a6ae5cac13c9945aea00,2026-06-09
BOISE,1020,FORD,FOCUS,2010,70,a6540113829fb2fab3d9888f99707eafb78b33eae3f66c13d4b64c08ac127910,2026-06-09
BOISE,1020,FORD,FOCUS,2007,70,f3dffe1a21f543800fb5499bcf88fdbceeeb4d459d4f475477d937c5666fcdd0,2026-06-09
BOISE,1020,FORD,FOCUS,2012,68,19f05ffae8e9e10ffbbd3aa10a7e885ae1ce1dbaeacdc2ce6234f875119b24a4,2026-07-10
BOISE,1020,FORD,FOCUS,2009,68,c1ae3435d5f5ac76081b3cdb30c40f40277cffefbb5ffe841c0e38a8289550ec,2026-07-10
BOISE,1020,FORD,FOCUS,2005,68,05f6a61fa399755bca9bd5e00531b2730873fc7189670020eb537c371cb75458,2026-07-10
BOISE,1020,FORD,FOCUS,2010,67,ca72f7b6a25ac51dc80c6a39096592f07babb0d0e4950b4187ea38076feccef1,2026-07-24
BOISE,1020,FORD,FOCUS,2010,67,ca72f7b6a25ac51dc80c6a39096592f07babb0d0e4950b4187ea38076feccef1,2026-07-24
BOISE,1020,FORD,FOCUS,2009,66,395ceda2b6bbe5aa7e361b41124d1eb2963762503fc960c041446721443a4d4e,2026-08-19
BOISE,1020,FORD,FOCUS,2015,66,3eaac38f78327dc445927412a590361258c9f08ffd9ffa877e7079c38fb33f60,2026-08-19
BOISE,1020,FORD,FOCUS,2015,66,3eaac38f78327dc445927412a590361258c9f08ffd9ffa877e7079c38fb33f60,2026-08-19
BOISE,1020,FORD,FREESTAR,2006,5,0fc900fc9fb817461fbfee7046fbeb2feea092185c566ae1b2e16f3ccd04ec78,2026-06-24
BOISE,1020,FORD,FREESTAR,2004,6,7c22b9ddb6c8f83626306957acb197e13eaa9c9f1674f567685e19564d813777,2026-07-03
BOISE,1020,FORD,FREESTYLE,2005,64,9d0dc9e58d1c8f6ce8a1b5970a81ae6f1bf6c89c42c1fc7829cd8de311bd0271,2026-05-01
BOISE,1020,FORD,FUSION,2009,63,059f8cca9eaaa0be234fc4c1f6b1a0d9d32365f58f5b62ce5acd566af6f8b967,2026-05-23
BOISE,1020,FORD,FUSION,2008,69,52d3cb00f975b4e6a4e2e6434585675d392a8efb3a7cb3edd144d8845e32cc93,2026-05-08
BOISE,1020,FORD,FUSION,2007,70,559b47d9683b1b994efb676892091ffb0625b143a64c71221b896c67f2b550f9,2026-06-09
BOISE,1020,FORD,FUSION,2008,69,52d3cb00f975b4e6a4e2e6434585675d392a8efb3a7cb3edd144d8845e32cc93,2026-05-08
BOISE,1020,FORD,FUSION,2019,64,1e0f838b5f30af1c0566055a909ed80b8676a62c53fa9d3405f7492182ccfc4d,2026-05-01
BOISE,1020,FORD,FUSION,2013,69,cc0bfb6ab1ac2b5fabbbd2d2f57e4f1a6ee289bdc7e08dbc133c6779e5135ee7,2026-05-08
BOISE,1020,FORD,FUSION,2013,70,b7021561ff5a737cb198185e347429cd30a8ad54a40e037f5fd68405dcedaf19,2026-06-06
BOISE,1020,FORD,FUSION,2008,66,55f9c32cd4d1708c84911ed7457901ad2b6ccda47e0d95e7a6b02b20a7d223d6,2026-08-19
BOISE,1020,FORD,FUSION,2012,68,d0d277b3de39b7a234562a797972dce67a7076518c324e0d24396bcc5aaba3c8,2026-02-11
BOISE,1020,FORD,FUSION,2010,67,aaf5338f44e8bad6dd41050f6726ee63eb369a280407ae815cf16133e949df06,2026-07-23
BOISE,1020,FORD,FUSION,2012,67,ee58208987ba1c69359e46fdb4decb9a7d4d766dcb2337e8f2f434e723877b69,2026-07-23
BOISE,1020,FORD,FUSION,2012,67,ee58208987ba1c69359e46fdb4decb9a7d4d766dcb2337e8f2f434e723877b69,2026-07-23
BOISE,1020,FORD,FUSION,2009,67,58db036b0ca2941f31046c4dcf7488fe165550dadac3648e47d363476a502717,2026-07-23
BOISE,1020,FORD,FUSION,2010,67,aaf5338f44e8bad6dd41050f6726ee63eb369a280407ae815cf16133e949df06,2026-07-23
BOISE,1020,FORD,FUSION,2009,67,58db036b0ca2941f31046c4dcf7488fe165550dadac3648e47d363476a502717,2026-07-23
BOISE,1020,FORD,FUSION,2006,66,47f9ffdc10b256d26d49d2457ebf4887dfb64e151fd03b8b81c4b6a9fdd47dbd,2026-08-18
BOISE,1020,FORD,FUSION,2010,66,82eb73b7a3f106f85a4ae785c2cc3ce511076e4c07e1d5d41776a3a5f42ebf27,2026-08-18
BOISE,1020,FORD,FUSION,2009,66,6b079f5d6c102b6732d9bc908e5fed4a900c35f4d2d4b3a452b14d0849f765f6,2026-08-18
BOISE,1020,FORD,FUSION ENERGI,2014,66,b113601da6eafe83a9cf325a071fedd2a0580a7a4dfaaac5f455babcf7b5f48e,2026-08-19
BOISE,1020,FORD,FUSION HYBRID,2010,66,30aa9d2a5df49caf4c6a416874a2350356c2c89aed81161f13c20f6e08300737,2026-03-21
BOISE,1020,FORD,MUSTANG,2004,64,a9b06aa4d907e3835ddc0c112303d5b8f46216f97538df1d822817aaa09ce348,2026-05-01
BOISE,1020,FORD,MUSTANG,2005,64,f211b743747cb51ec3460df02d47b2c6062c3e629304b0ca211aa1b15baf994e,2026-05-01
BOISE,1020,FORD,MUSTANG,2000,68,e53b0f2d06b566802c51d78b906474b2ca95d8601d120d8d308efe6ad2afd7f0,2026-07-09
BOISE,1020,FORD,MUSTANG,2009,68,184b37fe5539c78608974bb15b35d2506761d9693fc5c97f0a411641180491a0,2026-07-10
BOISE,1020,FORD,MUSTANG,2006,66,ef6d9cb2abb9d0675df016f3f945b00e0ec4cbbe27e3c3a4b67f2ceb96e0901a,2026-08-18
BOISE,1020,FORD,RANGER,2002,3,0031c27a69b09545ac78238f532f6089f8616b987dee863070fd845ac2b62404,2026-05-29
BOISE,1020,FORD,RANGER,1999,4,91611904ef6e1ad06de2442494fc8f901d8b32580826fbd20487a1d3b0b3997c,2026-06-12
BOISE,1020,FORD,RANGER,1996,5,f0e5720159b6c997b73b611d09cbf1bd153c9943426561425755c0313f481d60,2026-06-24
BOISE,1020,FORD,RANGER,2001,7,f203c8e94aeb91c97dc2367350438201785ac5fb88edc3dadc9bbce647efbd15,2026-07-25
BOISE,1020,FORD,RANGER,1991,7,bf7cef5375baaf6f79cfd0df9c7ae9069581826a9031ad6c8e5bf321cee96efc,2026-07-25
BOISE,1020,FORD,RANGER,1997,1,acea32dbfd252191bb72ae6b558192f19313216f70b6ee2cff0d8e27213977ec,2026-08-21
BOISE,1020,FORD,RANGER,2002,2,087762d30d1c87a6a8508557bdd3489b33d49233149fbb4387bebbc0e5ae8776,2026-09-10
BOISE,1020,FORD,TAURUS,2005,69,26d7fd5a8ed03701c76efd17d35dd6d9b226ca788d752bad5794db0c356ccec3,2026-05-08
BOISE,1020,FORD,TAURUS,2000,63,83792a369f0c21f6cf8cc5800f956aff501119816bdcf67109a7a13470e163a4,2026-05-22
BOISE,1020,FORD,TAURUS,2016,70,9c756c6abe723e82416189fe798503850b19b792e7325d833c04d978b5957c26,2026-06-06
BOISE,1020,FORD,TAURUS,1998,68,c43a670a5767bf9f42247d77ff1f2a3d77e772963dffb2c97fbbda22174003c7,2026-07-11
BOISE,1020,FORD,TAURUS,2014,68,7ecbd25b334cf34076a242b703055a36a078be85602456dc69adda9deffe0cad,2026-07-09
BOISE,1020,FORD,TAURUS,1996,67,96f30cf3a1eb50ceb5d52ad657d28e464a95b3c587a47cd4d0f5261cf8d27fde,2026-07-23
BOISE,1020,FORD,TAURUS,2000,65,9f555153519cce60c7abec573873cec99760c3e98c731a32bfff0efd0709a4c6,2026-09-10
BOISE,1020,FORD,THUNDERBIRD,1996,66,a729adeafec965bfefbf74f4c6d425ff61cb5d6cde53646b1a7d822903bd84e0,2026-08-18
BOISE,1020,FORD,TRANSIT CONNECT,2013,2,c7527ddc7a7bb9fbf8e93c32a991769898c564fb51b3ad3a8950c9713f5224ca,2026-09-10
BOISE,1020,FORD,TRANSIT CONNECT,2014,1,42b497a7483033e258dc8597b7b43b94090c26f92707a82be799b0bdb858eb40,2026-08-20
BOISE,1020,FORD,TRANSIT VAN,2018,5,7eec7cbbd02d9f5768db7166479bf5059321c5c5eaa556613c846f0cb731a835,2026-06-24
BOISE,1020,GMC,ACADIA,2010,14,f4eaf2009e96e7436716a319bcd1f8312228c59b4e089898af95ac9697cb6459,2026-06-25
BOISE,1020,GMC,ENVOY,2004,10,38d1bd4a8b083eded4155ada3f1087e7cdfa5025852e874859d5d9b3e4f3785f,2026-06-11
BOISE,1020,GMC,JIMMY,1998,14,9b1f96840a3f3fc14f760968f1c74e3720131b2f2851e878209f1686c24510eb,2026-06-25
BOISE,1020,GMC,JIMMY,1997,14,6aed19c4d13c6be90eaecb465b1eaafb3d309684474a6b1bd71b86e1bd477beb,2026-06-25
BOISE,1020,GMC,JIMMY,1998,15,ae7116be66a579557e7624fdb9e300383cfb4b32e50ec55b90415e9ae6631f7d,2026-07-16
BOISE,1020,GMC,SIERRA,1993,11,0a63e06845a367c2b9b8a9a9b9b2f66fa192a42deb5d9861dcd4f903358669c1,2026-05-20
BOISE,1020,GMC,SIERRA,2001,13,8e3ea8d501e3534ee4641d197a84d48a833c0e4e8fcc1b61a39c40a57fa33141,2026-07-04
BOISE,1020,GMC,SIERRA,1994,15,efcb7538823093bd235bef6eb1186114df48f9cda660bee13c64081831512d8f,2026-07-16
BOISE,1020,GMC,SIERRA,2008,12,64723fe42b7f866308f12dc5627d56e8a3897408a7cb5c0b611005957f8c1e12,2026-07-31
BOISE,1020,GMC,SUBURBAN,1999,11,4e24853c97b9721e777a62d2d3886a2f52314af2a317b715d5185d1360d204a1,2026-05-20
BOISE,1020,GMC,SUBURBAN,1997,14,81a979e0781353d84dc6cfef78a05674dfbe70c07bca94b5865f44b6f1f149cb,2026-06-25
BOISE,1020,GMC,YUKON,2007,10,eaa186caac48a53f9879181b46f5a6c772ca41d0319d8745076dd689e056e403,2026-06-11
BOISE,1020,GMC,YUKON,2004,13,667f3b37af75ffb4f70bcc8fcd63fea82a0973c764c9112c3695a3c936eff856,2026-07-04
BOISE,1020,HONDA,ACCORD,1991,57,8598377bade3c674e30a427a0fec6652ff210b913c76413cf6bb25b963cc080f,2026-06-18
BOISE,1020,HONDA,ACCORD,2009,54,4726094902d4e2b0fbb4cc3484345c92d8b9033999cc66949a5a55f18c037e2a,2026-06-10
BOISE,1020,HONDA,ACCORD,2006,51,fd6252d35ce9753633248e955d9372cead96c87b43d0b1b577098185dfee5799,2026-06-04
BOISE,1020,HONDA,ACCORD,2002,56,01c17179b3aaa00d3fde425e7e1be5826cb925aabfcbe394a5e69ddd03bd0834,2026-06-16
BOISE,1020,HONDA,ACCORD,1995,55,4fb0797731dccf3cf9fe0ed7ae5ef4e46e981e8c8c39edc6c953ce376b8861e9,2026-06-13
BOISE,1020,HONDA,ACCORD,2012,57,375ae31cdac7d3af47b937262505a03b7e6831fbb193a6a508ffbb8d414ae737,2026-06-18
BOISE,1020,HONDA,ACCORD,2001,56,37f498e3d0f02dbd6af2fc4e934eb31022e74ea2e8c42d2c1bdaf1c6ec92bdaf,2026-06-16
BOISE,1020,HONDA,ACCORD,1991,55,fc4cdb4289a886f71a1c4b4e7c323f5ff67a225d1441156e3e57184c296727a8,2026-06-13
BOISE,1020,HONDA,ACCORD,2003,62,314937a380416363dd932e198a520235e24161883e97b36b3df6bb5da1957c0f,2026-07-02
BOISE,1020,HONDA,ACCORD,2007,26,c2732454192dffb8fb1b8ef52ffb7641daad6d23e82adfc42dcb591447c1cc2e,2026-07-10
BOISE,1020,HONDA,ACCORD,2017,45,21048514f326f6121059e7d58e61f902937aef50887305f2153d0f88e8b4f46a,2026-08-27
BOISE,1020,HONDA,ACCORD,1997,61,b490f12c337f83e066eca3aa85dada61317e8b4f3ec20db3a984bb2631dc6b2e,2026-07-02
BOISE,1020,HONDA,ACCORD,2008,26,91571b2172372ba290a214b7729a71fe34b3d02ed5e41350d5548cd1132b7713,2026-07-10
BOISE,1020,HONDA,ACCORD,2003,25,363db176b2b1ccaef81d0076877fc16325617fd2bb42691a0d8a4814f183523b,2026-07-07
BOISE,1020,HONDA,ACCORD,1999,28,1a65572b5e2a2b85e0706f3d2159be8c9aa90c356361df9fdfd780553e1aa3a7,2026-07-14
BOISE,1020,HONDA,ACCORD,2005,29,549cdf21dc393c464dd944f7271de07869fbe2f02d18aad1a531d249a9dc3b21,2026-07-17
BOISE,1020,HONDA,ACCORD,2003,31,c443f089415770d445b1decc02e8d890dcc0657f3cc671b6b4059a48804ed4ea,2026-07-22
BOISE,1020,HONDA,ACCORD,2004,32,c6a54113c9987811775d222a24a4662688443bf705ed642fe6f5a78d8505e52c,2026-07-25
BOISE,1020,HONDA,ACCORD,2007,35,03e0b3b109a0d7b2bd47f66b3a09f2bd945a92aa0ddcd48712d699b704357262,2026-08-04
BOISE,1020,HONDA,ACCORD,2009,40,0da4bc06c0794a31321e52834dc67211317c50b7119031086e4d30668698c74d,2026-08-15
BOISE,1020,HONDA,ACCORD,2012,39,452b44d2ac4bb84c30a77de4b13b93d3fa6dda3e62c0598a833a3fbb462e9574,2026-08-13
BOISE,1020,HONDA,ACCORD,2008,39,0a5985803f58a68cc7035f79adbe3b2902374d8873acee9ec97afec3c82a7ef3,2026-08-13
BOISE,1020,HONDA,ACCORD,1987,37,3b0bb4171a8f9db1cd9d559c68c42606cad1776ae00fba053ffb24f9352bc354,2026-08-11
BOISE,1020,HONDA,ACCORD,2000,39,c2e3baf79edc76dcea46918a7ad3874e96e54c79ed52538322b5e77b47f7850a,2026-08-13
BOISE,1020,HONDA,ACCORD,2004,40,f6c55c041a885db1d9be775adfed80cf86af8fbf6de2c38b4176acadd366b652,2026-08-15
BOISE,1020,HONDA,ACCORD,2000,44,1da4840f0be4888ce3ab1a8ee48867cc1d196ab3a92abb92f8be2a3c559dc0d9,2026-08-25
BOISE,1020,HONDA,ACCORD,2000,44,1da4840f0be4888ce3ab1a8ee48867cc1d196ab3a92abb92f8be2a3c559dc0d9,2026-08-25
BOISE,1020,HONDA,ACCORD,2003,46,58607b653cb14535059a23295dff9d5c883fbe48bb81de50e69ff5b98891a2b4,2026-09-02
BOISE,1020,HONDA,ACCORD,2003,48,80ba3b3d7279f8b90f2f435c58fc4fc031c924263e938c173821c42b6d994082,2026-09-04
BOISE,1020,HONDA,CIVIC,1998,51,c9987183561ea617bdba7b4a2a6ef48f4605721d2e45046d4bb699a1b45b2ecf,2025-11-19
BOISE,1020,HONDA,CIVIC,2004,54,b5a86c4924cd04cc0f3a28c2e6e6713d6c6dcbb4b9885ca4702076c92d267027,2026-06-10
BOISE,1020,HONDA,CIVIC,2012,56,37552072fcf08d9d0d759a0fab56cbfebde25fb57c03c160491813072ac24a59,2026-06-16
BOISE,1020,HONDA,CIVIC,2010,56,0442e75b937ac11c71c77d87ac34ddeaede1222fd72e7324fa6ae169c8ce6328,2026-06-16
BOISE,1020,HONDA,CIVIC,2010,58,5b1ca55a6e7f6e999dc14fd57746b5d628e078769d82278b9546bb4dc2e0a77c,2026-06-23
BOISE,1020,HONDA,CIVIC,1998,60,d093e793f7ef2dbed1768258e0bd12bb6129f9397e381e8f929bd70ca39b7e6e,2026-07-01
BOISE,1020,HONDA,CIVIC,2005,61,3a6b492ac634cb8bc57cd7983413c50dbc3a6874e8f41cf9a920536622aebfa9,2026-07-02
BOISE,1020,HONDA,CIVIC,2004,30,19c9be69d1f902a9cd2c1e817ef39ddd27d781400a4b4ddaac0c95f6f32a4ea4,2026-07-18
BOISE,1020,HONDA,CIVIC,2008,30,eb1ee4c0944317cf378b48861e4b140d84eebe7b3a3273e5b94ab168d3b2a0aa,2026-07-18
BOISE,1020,HONDA,CIVIC,2000,32,75eae13a780eaf05c8f204c910f496a848b4eeb9768027515fb89614f20a33aa,2026-07-25
BOISE,1020,HONDA,CIVIC,2004,32,0ab8ebf0de68726e40d735771430f2037bcd41a05c77b321f4ee90e7c8af415d,2026-07-25
BOISE,1020,HONDA,CIVIC,2003,49,b765fe217a551ee3319b2101e3e54d17119db156c076e226e601fed337177a6b,2026-09-05
BOISE,1020,HONDA,CIVIC,1999,32,ea95bdd443a18ee94b47e632c7ed0e38a7333af76f13e7c5a81e239eb2246223,2026-07-25
BOISE,1020,HONDA,CIVIC,2001,35,63ecea00adb51ac94f41bcfae1d4d4e87ce477cf7625cc48e3bc723aee336f6d,2026-08-05
BOISE,1020,HONDA,CIVIC,2005,39,930f278e2c011a7b18e222caef3ee67e9486f76df106f065814054169ea378d3,2026-08-13
BOISE,1020,HONDA,CIVIC,1990,36,071d574705ed9eb4edad598277e8caf812ab001e51c5ea535ff8f77a347ecc17,2026-08-11
BOISE,1020,HONDA,CIVIC,2008,41,0a29719a99975af10a60f5c225f32f0e8bb1f6e5ce7861b3cae75a8f87ba98d7,2026-08-19
BOISE,1020,HONDA,CIVIC,2008,42,61f5a99e83775931f4da85adbed270ed614b77411ab4ab1b5631da86d29d990a,2026-08-21
BOISE,1020,HONDA,CIVIC,2004,48,2769437e3a0aa67b7cda6c8f828e6ae85eb8521b59cb469d27ec5316996595e0,2026-09-03
BOISE,1020,HONDA,CIVIC,1988,48,690969293f774292bde0052a09bb23bc1997e76ab7e9dd91518aa6df7d934355,2026-09-04
BOISE,1020,HONDA,CIVIC,2006,50,ea76ad5c3efd2b496f5433ad247d3eac471f56d475765a0564c0a3c377ac1057,2026-09-08
BOISE,1020,HONDA,CR-V,1999,56,3dbf04c837544e892cdb974db154acd166132331df8f181d52b901a4598ea832,2026-06-16
BOISE,1020,HONDA,CR-V,2006,34,a8ace60c48775aa927145949913283b4fde89a1dae74c812e771784bcbf22385,2026-07-30
BOISE,1020,HONDA,CR-V,1999,35,23d67bd61fd6a53a4db875bc633c254953a62bc3c112f5f36f58426999d3a99e,2026-08-04
BOISE,1020,HONDA,CR-V,2000,40,2a0ed5de2eae7879d93cf8d181419b1db23eab729e77ea5a1da23f44f604b4a3,2026-08-15
BOISE,1020,HONDA,CR-V,1997,40,265e314ea24ac88c273839c714eee0da439ee4012fe339740b3c679807a546d9,2026-08-15
BOISE,1020,HONDA,CR-V,2002,46,97c6a0897d7acef1871e2cd268a0bc28d9ea348671685a19bac193dfe5953120,2026-08-28
BOISE,1020,HONDA,ODYSSEY,2010,28,08ad3a10a5a9bcf892b981c226f1e0ecedbc038d7c82cf70d3158ea19bdcf630,2026-07-14
BOISE,1020,HONDA,ODYSSEY,2003,25,253d8f1034d6a37830c4c8ab55599c33e75564142dca154e87806765172e6d23,2026-07-07
BOISE,1020,HONDA,ODYSSEY,2008,37,797e3194645a03817938b3a9c19f033fc3ea89e5f3467a75ea2af13281a56390,2026-08-11
BOISE,1020,HONDA,ODYSSEY,2000,41,bac7524dac0aae014c2521a37396f8d8e2e66b173408293cb7202d92cf1dd94d,2026-08-19
BOISE,1020,HONDA,ODYSSEY,2007,47,62c27fbe0fac8727b0de84289770b781a700ee82e3dd1c06eb7ecb68b1df0ce5,2026-09-02
BOISE,1020,HONDA,ODYSSEY,2003,48,42f837becf5d72aad486d30fd3378eff1b064d1881cf73bb42f1b599564febe8,2026-09-03
BOISE,1020,HONDA,ODYSSEY,2002,50,6a17aee29ff97dd451d793aae1dd2e680ce696842299e44611722a5b44b915df,2026-09-08
BOISE,1020,HONDA,PASSPORT,1996,62,8bda4a43727affe287c48d3972599665612044b687017c7056654f08f275e474,2026-07-02
BOISE,1020,HONDA,PILOT,2003,53,94222db187b9fa8a01d3acc0228c007b18ba9d5a0cb153965c4a085088f608f5,2026-06-09
BOISE,1020,HONDA,PILOT,2003,55,15d0fa7bc25cbd895ab4b138b176bd79718338c4875b763dbb8c8087c87b2d11,2026-06-13
BOISE,1020,HONDA,PILOT,2007,26,9ea55f4aa6bebd5cd3fd1260a788671290fb04381e9479368a8342784eb20064,2026-07-10
BOISE,1020,HONDA,PILOT,2008,36,401114f710c7a22eaa780eda3a60a55aba400df77ae6a0cd123a4081f15edf9a,2026-08-06
BOISE,1020,HONDA,PILOT,2011,38,0665caaaff52b6d9781bd03c4f65217d8e43e378d6151189ef3134420f82850d,2026-08-12
BOISE,1020,HONDA,PILOT,2007,46,33bedfa592e7b72ae41728db91b7356fc548aa902ba32404f88c859440861008,2026-08-28
BOISE,1020,HONDA,PRELUDE,1993,62,7cebe66a274874e1264901b954a8a864358eb6d5cf32c256b1020d6a10c0bded,2026-07-02
BOISE,1020,HYUNDAI,ACCENT,2003,51,03957d46d3d6cf431440eaeefbdefb0e80e22e2f51144a6298b425a7b7fef291,2026-06-04
BOISE,1020,HYUNDAI,ACCENT,2003,57,05158a1de2f5505a10b1048a98fae6f83a5b954b43c31abec2e0ebac2990c139,2026-06-19
BOISE,1020,HYUNDAI,ACCENT,2010,30,7eb758e39eb7bb0f7ded9edaf5d8ac32b72cb9529adf72dbb3e978268ac18b72,2026-07-18
BOISE,1020,HYUNDAI,ACCENT,2002,35,e2d1346ad8b2b275c25b60a0561f1a184d9a292394d4cdec2624070cf6cbbfbc,2026-08-05
BOISE,1020,HYUNDAI,ELANTRA,2014,43,a5bfa9d9ed42558dcbcdea0a1079c8ee9754cfcc01431ce67978bdc38a414428,2026-08-22
BOISE,1020,HYUNDAI,ELANTRA,2002,51,98abd1f22e8768de136080308ef77375a96dab0b7e11d031dd1be0450cf50a61,2026-06-03
BOISE,1020,HYUNDAI,ELANTRA,2003,60,1ec0b7fb63bdc381aa6dd750df1fc68590b2567d9740252b7183462acab531de,2026-07-01
BOISE,1020,HYUNDAI,ELANTRA,2013,33,c0bac7cbc59d863ea9d74aff255c162e41e77b39b4860e9cc561d5e600a8aa8f,2026-07-28
BOISE,1020,HYUNDAI,ELANTRA,2003,34,2e9addfeb80bf8363bc55403b93c825995eec9aff4da96866f9bc2c7db513de8,2026-07-30
BOISE,1020,HYUNDAI,ELANTRA,2004,46,dca277ddeb0ce6eaba1840c4a52e91d5e9c819c1396ffd5d544dccbfd76bd383,2026-09-02
BOISE,1020,HYUNDAI,ELANTRA,2005,48,d6af73640f753cf454906b2cfd050c308bccdcb9aaae6e10a08c05856d81b1dd,2026-09-03
BOISE,1020,HYUNDAI,ELANTRA GT,2014,28,e1eb2537312947e974bad079104a63153cbfb4bd482740169b943c870696c3f9,2026-07-14
BOISE,1020,HYUNDAI,GENESIS,2011,58,b9357dc6830d5d627e52d32f0479b316b25d6ba35a538c5a128c8712c3b479ff,2026-06-23
BOISE,1020,HYUNDAI,GENESIS,2010,37,f7b10e4dae12d85462a934dffc2048046cde5f197b372a94590226b31c67d4a2,2026-08-11
BOISE,1020,HYUNDAI,SANTA FE,2007,62,eac55d3b75fb9af606320eba5d245b177df4211fc8497cf4757e8ddf7026e075,2026-07-02
BOISE,1020,HYUNDAI,SANTA FE,2005,46,af0cba6ddc30e0c350d69736a0144a9420ff3180f9a9ef3d88006faf52bfb53d,2026-08-28
BOISE,1020,HYUNDAI,SANTA FE,2005,49,ded78f1a5dfc40f6d8e14444507ee2ed9d395e2f1b8bdf7d3c66b0909cd66fd3,2026-09-05
BOISE,1020,HYUNDAI,SANTA FE,2003,49,9d0393c81ef45a32eaef59906041885bcc04e7b7f4ca9e5bcaa353879ef314e4,2026-09-04
BOISE,1020,HYUNDAI,SANTA FE SPORT,2017,61,4a88370b98fbb24f2eee9f0b7b76cbeaea7202065716666bd489f22478527a8f,2026-07-02
BOISE,1020,HYUNDAI,SONATA,2005,52,35ac0e0acaf410d3c90fdaacf238728579e91b5190ad14b8d4430e6d409beb30,2026-06-04
BOISE,1020,HYUNDAI,SONATA,2004,57,e8eb6a1df9952bbd4051bb8ca8acafc932989eaa3124c8b3923a47495e8d5c2d,2026-06-18
BOISE,1020,HYUNDAI,SONATA,2011,57,ca066d25754be5ef6e3f7416a4c00ada3e260a4f9434bb2fcdbbc3f23e403aa8,2026-06-18
BOISE,1020,HYUNDAI,SONATA,2013,25,a752f8e4f5f07e699607c0dc613b4979571afe6ec864de5bac25477f72ca12ee,2026-07-07
BOISE,1020,HYUNDAI,SONATA,2004,27,428628f2a7dbcad2a1858b5c793e858c890c94c80306a49aa3c34feacf1fe9d9,2026-07-11
BOISE,1020,HYUNDAI,SONATA,2001,30,f51fe690c4ea723ef0516656b75ee83c6728604462a4953760e267a4a6e6cecf,2026-07-18
BOISE,1020,HYUNDAI,SONATA,2008,30,6f35fac8bdd9868c3734387b27e6d54505ca56f01704eacbcd1694df220f9278,2026-07-18
BOISE,1020,HYUNDAI,SONATA,2016,33,74e20e53fc04f995ef6e4c31b069eabdb3390558ae451dfe91097548d7c2a983,2026-07-28
BOISE,1020,HYUNDAI,SONATA,2012,36,0c52319aea89c561b096b87d37d5f339b8f740013afd3f54547da281451b0373,2026-08-06
BOISE,1020,HYUNDAI,SONATA,2015,39,6066c326a0f0feda51a523de1052ea80adc7eea249d8deaa63f218ad3836508a,2026-08-13
BOISE,1020,HYUNDAI,SONATA,2009,47,17fb7bef5598eadc0dd08c9d22d4c05963f92e0cec77a642e8c8ffa47af36909,2026-09-03
BOISE,1020,HYUNDAI,SONATA,2011,49,e38b90328b640d5da2a6248fe7b87f8e2d436ce3cd7c0e80b2cf86412308e623,2026-09-04
BOISE,1020,HYUNDAI,SONATA HYBRID,2011,29,b843a530571418663cdec30b363b0d2c6a7bde91770a51a92ad635cb25a0148e,2026-07-17
BOISE,1020,HYUNDAI,TIBURON,2000,52,d01a278a90501786b20145f2aaef49b12dbbbe337c1b6207a38aa1779d0df424,2026-06-05
BOISE,1020,HYUNDAI,VELOSTER,2013,53,c9217f471f508ad5aaf00271162d0146ca9d231f1a91d4e6e9b16e52827e48eb,2026-06-10
BOISE,1020,HYUNDAI,VELOSTER,2012,59,e333b1b303710194f0c45414fb3e750c802d618b4a1e6a94151f7dcf41583a09,2026-06-26
BOISE,1020,INFINITI,FX35,2005,25,82bbb281b76e9672e6fd6f360babb65d6a5bceba219742c7741beaea18e2011a,2026-07-07
BOISE,1020,INFINITI,G35,2004,31,c141ec5fbb6effe283fb34a7a0bd87f2f447ce093d2a6f96190d39c5992db7f7,2026-07-22
BOISE,1020,INFINITI,G35X,2007,43,ca33b8597cdec60131d2c9d9535be1a0caa056e714412f2992a44403095f25d7,2026-08-22
BOISE,1020,INFINITI,QX60,2014,46,16e256ecb6b1be452e3348527ecef958d6c6c003bed3dd226a9a650887aaa1c4,2026-08-28
BOISE,1020,ISUZU,RODEO,1998,61,02605b9cff2fde1a2ae1a8c1673179f85c30827a50c7558b49bf8f2170645488,2026-07-01
BOISE,1020,ISUZU,TROOPER,1998,33,cdec8a22e1c68a845b2b7b991f59a468ee68d8819d73bb7c7774cecda44f8580,2026-07-28
BOISE,1020,JAGUAR,X-TYPE,2004,58,2b63a051b6bb21e445874848253d39906ca3530043dfba27c09d0022231a58d6,2026-06-23
BOISE,1020,JAGUAR,X-TYPE,2004,57,2c505b083b51eb4b7916811e4376facf6538066981d421b451c1a1e4804300af,2026-06-18
BOISE,1020,JEEP,COMMANDER,2007,23,efb35127afe4233390c7536a90eff4739654824e7d0abd60a8678452133b7ad0,2026-07-08
BOISE,1020,JEEP,COMPASS,2011,23,0bb13dea9655a8edae5c387eb1e300aa64ba08d27dd13bbb739947877de30ef2,2026-07-09
BOISE,1020,JEEP,COMPASS,2014,17,d6dd4fd756d23036bacdcaaf3c92aa3c8338732cb404ec57e45c8dc90838ea3f,2026-08-27
BOISE,1020,JEEP,GRAND CHEROKEE,1993,24,fd2ffc0fae955bd46103a8ae316cef1e6014eb567cebbcb6ae4defd41ac9c1b5,2026-04-21
BOISE,1020,JEEP,GRAND CHEROKEE,1993,21,96a245a47b1c5d0f61b51b11af9c977944c0f90c24def78f91b7be9f74be0cde,2026-05-06
BOISE,1020,JEEP,GRAND CHEROKEE,1997,21,ef1131faf197c4053f0f2d15ee35ffc5f1f8fa16c363e2f206b58104100349d1,2026-05-06
BOISE,1020,JEEP,GRAND CHEROKEE,2014,21,bf4a6568cd3b62bc6e72f050640e7d20d71bf1204f290e1ce8116ab2494f4170,2026-05-06
BOISE,1020,JEEP,GRAND CHEROKEE,2005,21,2817468df7d3a6dbb87af8b80d0cbed974b6870976aae04556768f33dd3cb06c,2026-05-06
BOISE,1020,JEEP,GRAND CHEROKEE,1999,21,22572d158e355618734cd49ffe93126bbb64b33d49ed58d281f9a39abd623a99,2026-05-06
BOISE,1020,JEEP,GRAND CHEROKEE,2003,20,22c42f272d7a9587ff71a03c452fca9fa5b3bb33115e79d824c74a52c31e7045,2026-06-02
BOISE,1020,JEEP,GRAND CHEROKEE,1996,20,8e9161041773626a8ea870e9f761f55055235dcb47745fa38d35a42d75d93efc,2026-06-02
BOISE,1020,JEEP,GRAND CHEROKEE,2012,22,3ce5f39a467fb4486439216a447231d6f42eeda295d19c63c81a972122acf838,2026-06-17
BOISE,1020,JEEP,GRAND CHEROKEE,2007,19,90cec5eac12b4837d0a1aa28a21a324fa681b5e7e9942e489353362d9ef1ea73,2026-07-21
BOISE,1020,JEEP,GRAND CHEROKEE,2002,19,0ed19106fee4900d6d0d2b95ecc07447a9567a9a3cdf9b9ef9a0aae72499afbc,2026-07-21
BOISE,1020,JEEP,GRAND CHEROKEE,2001,19,5be9c6999c4d7c0b3ca55dc6185b9872314648b31a53cea13abcf818b8f01cff,2026-07-21
BOISE,1020,JEEP,GRAND CHEROKEE,1997,19,740099e02dbe1b023d719e48f82724d66cb44b2cac39585d04c8ed2512c3d104,2026-07-21
BOISE,1020,JEEP,GRAND CHEROKEE,2007,17,d5174577d30314c875f862ddae35f9dab294981188a4cde42eeffd6e7f6b098d,2026-08-27
BOISE,1020,JEEP,GRAND CHEROKEE,1995,17,0db760b57caf00cc7768aa546abb7fbbdd5ae50bf478fb43786a90c42c296965,2026-08-27
BOISE,1020,JEEP,LIBERTY,2009,18,2089b98f60fc71b777d6de7cd95fff434bd60eaaa6461c713d6834436dac91eb,2026-04-01
BOISE,1020,JEEP,LIBERTY,2012,21,f8079dae8db44c22aced358961894b819f584758b37b27980f32895e42ac9662,2026-05-06
BOISE,1020,JEEP,LIBERTY,2012,21,f8079dae8db44c22aced358961894b819f584758b37b27980f32895e42ac9662,2026-05-06
BOISE,1020,JEEP,LIBERTY,2005,21,aca186d03b13d25b46527f5e300d304161d6058fe0bac68fadba682c0471099b,2026-05-07
BOISE,1020,JEEP,LIBERTY,2003,22,5a474d5a565d40bb26cd3d4af833af5f8256e832d8c013437459f23f0eb681cd,2026-06-17
BOISE,1020,JEEP,LIBERTY,2003,20,e45ea51081b58ea7a71d4ce8395bd805b202a3056520b430c931e86bb2bb2c3c,2026-06-02
BOISE,1020,JEEP,LIBERTY,2003,20,e45ea51081b58ea7a71d4ce8395bd805b202a3056520b430c931e86bb2bb2c3c,2026-06-02
BOISE,1020,JEEP,LIBERTY,2007,22,c5fc09017a0bbc6e01f45ffab4b44099f21eb60fea8580bc3dc254c2675d7e6c,2026-06-17
BOISE,1020,JEEP,LIBERTY,2008,22,1ee2e0e9914ac9a27693e1fc1af15797ccac5fc510cd6faf39598c370b07e172,2026-06-18
BOISE,1020,JEEP,LIBERTY,2009,23,15b5d590804a463cf8fd9826665d884804b24a1bdd7ff00040481d14ff608af1,2026-07-09
BOISE,1020,JEEP,LIBERTY,2005,23,0a9c63b55fcc2dc48eae3021cb819246cb43640c10ff0894a447651b0e76a912,2026-07-09
BOISE,1020,JEEP,PATRIOT,2008,18,591509c5f410dcdae6b2521e639d9239ba992a8800185bfb35cc941a9a53208b,2026-04-02
BOISE,1020,JEEP,PATRIOT,2016,24,c538da3c96d9166ea2583e2a2180026c0d1aa589770ca163d6e8994c99b78e2c,2026-04-22
BOISE,1020,JEEP,PATRIOT,2017,21,fedca68ef31d1618bd91b129c8e2642ac8912f20735b186df09c2dc5d050ccfb,2026-05-07
BOISE,1020,JEEP,PATRIOT,2016,20,4acd2a23c9a2649d1fe5fde2be145cf487f5abbf9b85e9cdcff8547d0441bfc2,2026-06-02
BOISE,1020,JEEP,PATRIOT,2016,17,84beab951306304047df42104836e77946963a7f42aee3faa82da9f460bf43c1,2026-08-27
BOISE,1020,KIA,CADENZA,2015,39,678ae6223091a6b740d182679eff9199b1a812109e1897fd918d3a7c4985b132,2026-08-13
BOISE,1020,KIA,FORTE,2017,38,c0a2e2979653a9a2f2840e9a8c58cc8a9d13e280cf8d3aa9b5af3ab3c7408ab6,2026-08-12
BOISE,1020,KIA,OPTIMA,2006,30,ce020d9c280c673fc3103ae83b22ce35efde3589223d37a4a57573655b42394e,2026-07-18
BOISE,1020,KIA,OPTIMA,2013,38,3708741dee669a5ddc7355a056450ec0db327834b034e957b9bb6d14b4ca7f0c,2026-08-12
BOISE,1020,KIA,OPTIMA,2013,43,bc844d8346bb55b134fc81d3c350c229f9ecd2d743dc8a914849a8615b188bd6,2026-08-22
BOISE,1020,KIA,RIO,2007,41,4b644132504332a20bd1cb633d4777c5b0d59de25f1d1ae43f8efaedba52cab1,2026-08-20
BOISE,1020,KIA,SEDONA,2005,53,55797a53133fe610c48b1c810a4ce75853212875a2f1115bd5fea3b0ba7febf4,2026-06-09
BOISE,1020,KIA,SEDONA,2008,49,10b948b745c907e2214008439d9e815853702a24b732aceeab075d98a362e6ec,2026-09-05
BOISE,1020,KIA,SORENTO,2007,49,169a335251c44b5c6daac9ffa5994988a9017db9f72fa71e2a183194f037b29c,2026-09-05
BOISE,1020,KIA,SORENTO,2009,47,651594bc81bf41f9c2641e6f4875d3f7d478808f32c9330bc69e597d767cb7cf,2026-09-02
BOISE,1020,KIA,SOUL,2014,28,35deda917a29aec74d4f203a45cb814605ae04a261e843fbc253fe9786f6c51b,2026-07-14
BOISE,1020,KIA,SOUL,2013,29,bac60353517c2e7908320254c4cc04842b2ea42895a7a693d3c9b921408587bd,2026-07-17
BOISE,1020,KIA,SOUL,2013,50,d2a6cb8d8e582ddca64403f3462cacde920b0f34b33c26e1561a10a2f0a5ae1f,2026-09-09
BOISE,1020,KIA,SPECTRA,2007,60,a1cc0f7623d1100acfd15999871ccccc92484c9360784e179725bc6c6124bba3,2026-07-01
BOISE,1020,KIA,SPECTRA,2006,29,ecacb3bb24d7833f31e41c1b3385499bb016ce3e075088fabf9d0b4cf83899f2,2026-07-17
BOISE,1020,KIA,SPECTRA,2008,31,58793fe3dced4c13ef8b877e083fb2bc742a41554e012252423d06e7d4071ba6,2026-07-22
BOISE,1020,KIA,SPECTRA,2007,36,c5d8063cd5913f227d604591ce4d926f765c5ac235406ae8c3a788bae9db993b,2026-08-06
BOISE,1020,KIA,SPECTRA,2006,41,6e33afd6c278eb8830846c3441bdfeb98adb27cbc97d765fbd2718966d568c6d,2026-08-20
BOISE,1020,KIA,SPORTAGE,2009,39,3233f77512db9350c2b9bd518d1362f7243d3f0036af4097398cfc0ac492a6f4,2026-08-13
BOISE,1020,KIA,SPORTAGE,2001,40,9808c1d90b2f1d264068e03a6fa0eedf4d819438c593c66c550296f4e1cc9fb0,2026-08-15
BOISE,1020,KIA,SPORTAGE,2010,38,e46f89b927dd6ca9c0cbae7042a1c1afd2e01ec57dcdd8bff4b5028b244b3b82,2026-08-12
BOISE,1020,LAND ROVER,DISCOVERY,2003,55,951d3eb44885f978049647abb661921bf3bff232e7d4ca6f8676c194533d355c,2026-06-13
BOISE,1020,LAND ROVER,DISCOVERY II,2001,33,720e72b17f507f32f2635953f2e437baa22ebf2cdca3468ef6097d9ceab36dd5,2026-07-28
BOISE,1020,LAND ROVER,LR2,2014,62,93ab377387ac20552570ce93be0f63297ce84f4780dff9cb9ad9de5b5a9a3461,2026-07-02
BOISE,1020,LAND ROVER,LR2,2010,48,4224ef6a501eca50a74bf9ea0fa935a1eab97ac257a5951b507b4fcdb7ff9af8,2026-09-04
BOISE,1020,LAND ROVER,RANGE ROVER SPORT,2006,42,6176b6625911800d14a582b22f3b16d5c792647847a948ab6b123bd5450d553c,2026-08-21
BOISE,1020,LEXUS,ES 300,2003,56,5bbd84837b3a7f83405e9e195baf4562b21af4dd11ead13347c89160c74b1d1d,2026-06-16
BOISE,1020,LEXUS,ES 300,1996,31,157910e8dfd6f52b8e342fd92f374162c8f989e6e891acaf53977891e2e80cd6,2026-07-22
BOISE,1020,LEXUS,IS 250,2008,30,182e8a216b5d6ee89f444fe7ac6d1ad7db3ba0bb711cd3efa317ce00a0b9ad36,2026-07-18
BOISE,1020,LEXUS,IS 250C,2010,56,a6400cbde9f4586a1b96ecef2a3af25e941a695169e1f21a2360703a39b7b0df,2026-06-16
BOISE,1020,LEXUS,RX 300,2003,51,5e52448f6c044dd4643016c445173e8c0fd2ab26a705504dbed25e1637f17717,2026-06-03
BOISE,1020,LEXUS,RX 300,2001,46,fdf4cb5babc5bc571aa99d9f00ddd8abb7933114d7bff16c23a0274f2f4bdc16,2026-08-28
BOISE,1020,LEXUS,RX 330,2004,25,35198999f9056fa28132c5bb0f5cd4e6d2b9dae4cd454d875809763915d5323e,2026-07-07
BOISE,1020,LEXUS,RX 350,2009,53,011eb230a5d080506e1448fd773221744929e498da42ef96a979c73218ab466a,2026-06-09
BOISE,1020,LINCOLN,AVIATOR,2004,3,b64f7b17ba8e381e1cdb44854122d8f84e9e1a6e9149a6375b83f410381802ce,2026-05-29
BOISE,1020,LINCOLN,NAVIGATOR,2002,2,aa3c1df27c00ea587a31569ff930c19eda5b12a08e6faf5483b14f106fba04f2,2026-09-08
BOISE,1020,MAZDA,626,1998,53,6efa0a6d8dc917d8b68693a3eff1f72dedee4c2cf06134e7f62cec9aad4631dc,2026-06-09
BOISE,1020,MAZDA,B-SERIES,1986,50,8bebe8277e99c8404790db42599db5d263e6d7627f37aa4f64652d098c29b664,2026-09-05
BOISE,1020,MAZDA,CX-7,2007,49,70dde51fff64b41567b9fbe816660a9d827322d0c78f04d8ae5d78e8e9662c5c,2026-09-05
BOISE,1020,MAZDA,MAZDA3,2008,60,0605b44811d3adec83bfcab6a4098ee4a2ecda6e78f83f6905ceb6d9ad5085a0,2026-07-01
BOISE,1020,MAZDA,MAZDA3,2006,34,dd750c7efae12ec892f04d347884bda5ba8f9415f6510d6710084d68edfc4335,2026-07-30
BOISE,1020,MAZDA,MAZDA3,2017,40,849ec2b884acfcad2ca321da15342406a7632c5fcf891cdeb1f00bbb6ecce5af,2026-08-15
BOISE,1020,MAZDA,MAZDA3,2013,45,43c5797248d651b4983f5781ce7d247698d3a14e789c4b3560298fe8a75bf4dd,2026-08-28
BOISE,1020,MAZDA,MAZDA3,2009,41,220d4ac806d9f7e236a3b3c02e8e303ec1c68b97dd1d6a7cb3bf4c345f463d1b,2026-08-19
BOISE,1020,MAZDA,MAZDA3,2010,45,9cb57977c22674d975bae46fdcb8a36e19e26f9f3bc49638a3ea7c045713d8ee,2026-08-27
BOISE,1020,MAZDA,MAZDA5,2014,59,8aa72e41974aa2ea71f9a1e1fe64121e05c278a87ca8f66fdd4381384c6b74cc,2026-06-26
BOISE,1020,MAZDA,MAZDA6,2008,53,855cb92ec53c5eb3359845695b5f6d058bb33a8d89af6f5194f5235728b1192b,2026-06-09
BOISE,1020,MAZDA,MAZDA6,2007,58,c05e47c95c162535e6730101a479ea5fca49eaef225b695ff7323dd755dd6907,2026-06-23
BOISE,1020,MAZDA,MAZDA6,2006,61,cf5ca15166e89130c9345d65e0d7f64839789fb12fbb23d0fed3f81dc9e47844,2026-07-02
BOISE,1020,MAZDA,MIATA,1993,61,eb130410f4a1db15afe3f6452713799d2434be3d44942725106186861721dc33,2026-07-01
BOISE,1020,MAZDA,PROTEGE,2003,29,7bd9a40687f6675faf5d9ce89b0814d7670abec34d624b480f785a561f31e815,2026-07-17
BOISE,1020,MAZDA,TRIBUTE,2001,37,e206af6bbd5e6bc24fc822013c46c19199df8d60a31b9d5e884d1d2ab379be8f,2026-08-11
BOISE,1020,MAZDA,XG350,1994,53,3003e8483105fd58e1732fc90bd7f468a835c93a3c116b90aa9942bb403cf787,2026-06-09
BOISE,1020,MERCEDES-BENZ,300,1991,42,17ee90819610f89360011d56ae5d06ace84972b61b2121bf73a975121ff02610,2026-08-21
BOISE,1020,MERCEDES-BENZ,C-CLASS,2002,34,a91fdf4c17120fa8a86f9e7de47b85cb49892f7453b82b0f065bb4f9c6fc4627,2026-07-30
BOISE,1020,MERCEDES-BENZ,C-CLASS,2010,40,c716c1642b47466ff804290cec24bb4b8e78f2167e6b374b09bf4952d86b2907,2026-08-15
BOISE,1020,MERCEDES-BENZ,CLK-CLASS,2002,58,5d14d94c8e016f82d3994357baa2f07cbf5a3765ab0eb6fbbfbeea8b86c5b3f4,2026-06-23
BOISE,1020,MERCEDES-BENZ,E-CLASS,1995,52,bd1c71c9956ea6a505e8255914581448b5a8603207251b53cd8f20abf58b04da,2026-06-04
BOISE,1020,MERCEDES-BENZ,E-CLASS,1997,25,295dec7c6edb8c9c2104d255c7991ff2b358f98f976a722283eb073a02396dcd,2026-07-07
BOISE,1020,MERCEDES-BENZ,E-CLASS,2006,26,ce997cbd93e6b3d963fda2cfbf27302bb3c6dd9ed7c32f3178f47edcde9d3fd3,2026-07-10
BOISE,1020,MERCEDES-BENZ,E-CLASS,1996,43,9f91faf4833b1cfe754621c549ab0f17b2c461603b2ddd9c9ec9cfb679ecf414,2026-08-22
BOISE,1020,MERCEDES-BENZ,M-CLASS,2001,28,74160d66c93bfc49310dcf1b2d3a8ff0e94b9804e0084a74251f0f88a248e8c7,2026-07-14
BOISE,1020,MERCEDES-BENZ,M-CLASS,1999,29,066dd23b4ab75d6291dc0df236b5205d73dd677cc0db52a47e91037448055a30,2026-07-17
BOISE,1020,MERCURY,COUGAR,1975,64,2857907843b7dea75e85e98f9f729febe9262cf5f17794d31e1d2e4a5eb12c3d,2026-05-01
BOISE,1020,MERCURY,GRAND MARQUIS,2002,68,942f0d7273b1021d676c725c908f6662f5997eca41ebbad5c9199dddc71849df,2026-07-09
BOISE,1020,MERCURY,GRAND MARQUIS,2000,67,df654ea2e75da3c8bf4b867ee94596bad7d1d277a3b05852a2b67e36251b7738,2026-07-23
BOISE,1020,MERCURY,MARINER,2008,5,89c7f5f361a828ccc02c5d0882a8ea4ad697510c435deeb63987a5f396433efb,2026-06-24
BOISE,1020,MERCURY,MARINER,2008,8,0d1857acf6062038462901763208edec27a68b77b225aa7c92f05072d8d2eaa1,2026-08-06
BOISE,1020,MERCURY,MOUNTAINEER,2002,4,238575f7de0ca1eff8774f1029d11b10262eaaf12efb965fe53e566b767f5fce,2026-06-12
BOISE,1020,MERCURY,MOUNTAINEER,1997,6,c443d1c98f51643c0e4037b9f25bfdfc61478e8704edd1ffd00726570a49b799,2026-07-03
BOISE,1020,MERCURY,MOUNTAINEER,2001,6,af43459beb86eb9ebe3d5f86a7e47d6f9f3371b98b0cf8c5eb4b0684d93cfe64,2026-07-03
BOISE,1020,MERCURY,MOUNTAINEER,2007,7,497f722d99c78ca41c741c6baebb237679970fd819cd9ecd38062e9eaeba957c,2026-07-24
BOISE,1020,MERCURY,MOUNTAINEER,2002,1,92184ee037ce0618f1502890a534dc49c066c2d5af5fdc5be4c6da2e2649980a,2026-08-20
BOISE,1020,MINI,COOPER,2008,29,6753f5125a3e23a5d555c74eeea331f657c752f9d2c04863d0fb1320df4fee50,2026-07-17
BOISE,1020,MITSUBISHI,ECLIPSE,1998,55,1f7b1035f0efb4a6ed9525dea319de8deb4748d433d31aafafce30aa93f07163,2026-06-13
BOISE,1020,MITSUBISHI,ECLIPSE,1996,59,1c6a38ba3ec12bb63f00954b5285f7033438217a9e9a54fe5c39edf8b0803ebe,2026-06-26
BOISE,1020,MITSUBISHI,GALANT,2004,48,79330adc367210fde96aefcaa813b69ef1589e683bf8152cd8e73658c7d09482,2026-09-04
BOISE,1020,MITSUBISHI,LANCER,2008,33,6b17e697b3d7199f961d51e6a8e4c0b4321e8d6dc7b85612be35f3d54ac7f967,2026-07-28
BOISE,1020,MITSUBISHI,LANCER,2011,38,675dcbfaba3f91e92e51c32c361d462edbf510d9cb25a5a09c0e94d5e93d3ae4,2026-08-12
BOISE,1020,MITSUBISHI,LANCER,2008,49,caa2ca41507c1dffe68678fb89569d40972817866b3a34320ffed004e344d53d,2026-09-04
BOISE,1020,MITSUBISHI,MIRAGE,2000,55,364a6c32d87d3d716f6b2dfd53834feaf8512380242c1231ca599455146c96fd,2026-06-13
BOISE,1020,MITSUBISHI,MONTERO SPORT,2003,56,cb6c8a2cf36e41977b00e6c5b2576b8cf8a64a8a93ebdc8ffefa48d391be634e,2026-06-16
BOISE,1020,MITSUBISHI,MONTERO SPORT,2002,35,6d089998809ff5fa046a14b8c5038bc33b71038aed9b8f927948c9489bb9ff5e,2026-08-04
BOISE,1020,MITSUBISHI,OUTLANDER,2005,33,e5c481c7dfb3dccee62f878619a1f88410bc40ecc578ed80e38ec32c42f9687f,2026-07-28
BOISE,1020,MITSUBISHI,OUTLANDER,2003,43,51b24fe6b5051c7c2cf5bb01b25e8a992c773dba4b434b4b1a82a2a9e0f2b853,2026-08-22
BOISE,1020,MITSUBISHI,OUTLANDER,2008,47,d3dfac795c92e87bf4c7be64de50fc2a3636769ef75dfac667bb420efb75260f,2026-09-03
BOISE,1020,NISSAN,ALTIMA,2005,55,5235b819a39e9c47d42e4b45a1cd6b90ade4baac43673fd3a273370b130147f7,2026-06-13
BOISE,1020,NISSAN,ALTIMA,2002,55,49591965ee93c97ce38b6e1f74a035963ab760ec2c6426ee4dfb7efdfa11b901,2026-06-13
BOISE,1020,NISSAN,ALTIMA,2016,26,5bc474cca3c196ee0c116e51e5a6ea7d42f9d47d976d9f18a38ca3a9b5cd8f41,2026-07-10
BOISE,1020,NISSAN,ALTIMA,2011,31,db6068b970e0b9a1ca5a1c08c4d57db84310e8af2cc17ead66d21bc18b381e87,2026-07-22
BOISE,1020,NISSAN,ALTIMA,2016,31,2dd0e87a82b8c87401b9d58e327406692c24ec05a0e25006a2b3587195fd54d4,2026-07-22
BOISE,1020,NISSAN,ALTIMA,2014,36,2e9ad0aa967324560c5a04c142cafdadf9156e50dd63542b5f2402884ebc6004,2026-08-06
BOISE,1020,NISSAN,ALTIMA,2001,36,f8a868343ae757f63a6946e0ac820340575b9051662ecd07ea76edfc8995c616,2026-08-11
BOISE,1020,NISSAN,ALTIMA,2017,36,ed11c34c206b70bba6eb7b85eee17b02b9b081e2852a644e7286c649f548a09e,2026-08-06
BOISE,1020,NISSAN,ALTIMA,2012,36,4c9a906b055f8b6937920d625b1dcd067d13a2cce96a7a8577ccfcd078045ad8,2026-08-11
BOISE,1020,NISSAN,ALTIMA,2006,37,4d318c84516bae350bf73a5dbaafb543174fa1c93902ff835148bb004a8a0611,2026-08-11
BOISE,1020,NISSAN,ALTIMA,2006,37,4d318c84516bae350bf73a5dbaafb543174fa1c93902ff835148bb004a8a0611,2026-08-11
BOISE,1020,NISSAN,ALTIMA,2015,39,dfa13e5c409eb8c97ee2d34b0797649784d8124f8075ba928aec04627794629b,2026-08-13
BOISE,1020,NISSAN,ALTIMA,2003,47,3e6019fc1eaf72ebe8f9f5a9f61adef35a244c64aeafa5f40cf265a3b226980d,2026-09-02
BOISE,1020,NISSAN,ALTIMA,2006,50,a0b1445223e8237dd7dde7ac689d338fd1880ac25ce1619e730142470c102a4c,2026-09-05
BOISE,1020,NISSAN,ARMADA,2010,34,3179469456f87f5c4a81eeaf943aec7fd2f3cc481cfc207127e74e6966f0c463,2026-07-30
BOISE,1020,NISSAN,FRONTIER,2005,42,a76d3e3be71a5c03b3b2f0af94be623bd5b8efc9f85ec05d8e90408756d0997b,2026-08-21
BOISE,1020,NISSAN,FRONTIER,2003,46,9c3824806328b431694a507147839a365e9d0294aa655a293c48a09b21a24068,2026-08-28
BOISE,1020,NISSAN,FRONTIER,2007,44,5e90f43f8fdd3ec888178d8ce4eaf9af91ae7c233df69641fa52ceb11ba4064b,2026-08-25
BOISE,1020,NISSAN,KICKS,2020,57,659e68b8e4ade31d55b2ba3b2e9cfa4c7bc4c859528c447614999b1c96677fba,2026-06-18
BOISE,1020,NISSAN,MAXIMA,2010,47,14a0e975195e59be3c303fbc50ada6276e0f07930857dc2464210f957d78786d,2026-09-02
BOISE,1020,NISSAN,MAXIMA,2009,47,c5dd28955f069d9427be6a14494a89372171e230086958a0f8f39eea77404975,2026-09-02
BOISE,1020,NISSAN,MAXIMA,2007,49,eeb3b022419a5afc5c5a2f0d67775601e5317e7b138f09ac4c48a8edda78dbaa,2026-09-04
BOISE,1020,NISSAN,MURANO,2006,62,759d8c53410ef13d8d2e30bc721aa7b7390ec1a6b948dcf6cb2e7212819cc5ff,2026-07-02
BOISE,1020,NISSAN,MURANO,2007,37,ff358e0f26121dbd475e152ce6901ae632a90672911212cdf3f0ca3b954568a8,2026-08-11
BOISE,1020,NISSAN,MURANO,2010,45,6044d1a8f3f36a00331253690127bfbe5fcd3abbd3ca2b9c02a868c4820a3278,2026-08-27
BOISE,1020,NISSAN,NV200,2015,53,ab6287c23c8ba51938fe3a775ad07b8e9bb58170301c04269842ce017917bbf7,2026-06-09
BOISE,1020,NISSAN,PATHFINDER,2017,58,b825210c02c50772b53e27e360adc17d187b347ebb9aaa48740c31df15c48123,2026-06-23
BOISE,1020,NISSAN,PATHFINDER,2014,28,23dc14042079445c06ed41dfb2f7cb0994abc0c5f369b5ed363528660fcd5087,2026-07-14
BOISE,1020,NISSAN,PATHFINDER,1997,45,b279d4eceb8abd1a16f35b12dedab6f4f481305e297104f807e5f332d37a521f,2026-08-27
BOISE,1020,NISSAN,PICKUP,1987,41,6e1ab5c3f91b172b37fcaa02187abfcebce48d7db75b232be5312d8efbd97258,2026-08-19
BOISE,1020,NISSAN,QUEST,1996,60,487f2de012893c6a24e89f2d89e478310b708261c8fce5e1fe3e8d97fcd1f7a1,2026-07-01
BOISE,1020,NISSAN,ROGUE,2014,54,b23e3076bc0860d6accb09a0528fb61c4d9bd6ba467541c15289b6b3b6eafded,2026-06-10
BOISE,1020,NISSAN,ROGUE,2009,56,3ad56b666eca7adf40e589defa2c01e6695f69923a09c8bbde79809c6ae68c2e,2026-06-16
BOISE,1020,NISSAN,ROGUE,2008,60,930219b57dcc59586dc864ff901f7abd1b53199ce7009f3287a248c2ede43461,2026-07-01
BOISE,1020,NISSAN,ROGUE,2015,42,345d178d74ca6640ac7bdd9becc1a637beb26b232bd287b398d5eb51918d2982,2026-08-21
BOISE,1020,NISSAN,SENTRA,2012,52,d0fb7a7fd12c7d37861bc863e2eb8179ee42137c289b3a321e7b2a498a18476b,2026-06-05
BOISE,1020,NISSAN,SENTRA,2012,57,0ddc633df576b1ecdc467b6004407fe61c72a2baeeea8d35c7c9c00075edd612,2026-06-18
BOISE,1020,NISSAN,SENTRA,2015,26,af226decc831f77166e5f0a10f42b54a943c4f6a133e056edd4fa4e1a5faba91,2026-07-10
BOISE,1020,NISSAN,SENTRA,2006,28,9b83d85aed015f7ca35384f27099ba7fd15d97c898973c37f1c76e24018076a1,2026-07-14
BOISE,1020,NISSAN,SENTRA,2017,32,96cf12818960ef5d0fde17696e8495262a2467c5f55aae8c6e72d222ac411694,2026-07-25
BOISE,1020,NISSAN,SENTRA,2011,29,cff71548fb27d93ae2e96bffc94ff5b3dcfed7ae58b652e695b94f60487fcb27,2026-07-17
BOISE,1020,NISSAN,SENTRA,2003,32,6972d5a47a3969f9eb503ceb863431d492550cc145e4471e823ab1c4767759ce,2026-07-25
BOISE,1020,NISSAN,SENTRA,2014,36,9670f9ea8ba6ce66c4fd4d7282a5850cb9964a344a5c818a1c8b06a50c1e1f4c,2026-08-06
BOISE,1020,NISSAN,VERSA,2018,52,7d813edba2e2036bb5c33eb7158ef41668bfa57582f5b12d2da32a267b7c5feb,2026-06-04
BOISE,1020,NISSAN,VERSA,2009,56,6e94dee2c131c327b31f10517c1e5ab0aba589185610c7364298bb2951e02695,2026-06-16
BOISE,1020,NISSAN,VERSA,2009,61,2ae594d0fa78661054dd14d428df150029768040c45776b97d6588ad410e4080,2026-07-02
BOISE,1020,NISSAN,VERSA,2018,47,bf8f4ff64e31c58ae578be0c8f28661610a5e628a5aa9c5043a55a13946bf760,2026-09-03
BOISE,1020,NISSAN,VERSA NOTE,2014,44,7665f1a68e692150edc51f6d21c86762e1268217ec1d0f7daa9ef9bc0d955f7b,2026-08-27
BOISE,1020,NISSAN,XTERRA,2000,54,791aa5944b568bfa6949a3aa3fc6a10a7c41c2105bf8874f302bf0f5ac8ef013,2026-06-10
BOISE,1020,NISSAN,XTERRA,2001,62,0e96d8e05223b7e96da75689356c4cbbab89bb227d3cf9460c5fc474e5ac1a11,2026-07-02
BOISE,1020,NISSAN,XTERRA,2004,51,3a7286c151777d719ffca24ad112e6f816aaf646bd8b3433e0f4e27eb41e0129,2026-06-04
BOISE,1020,NISSAN,XTERRA,2003,46,da6a2498a9534e2f275432f205824b8b6d885af44bbf0b8e7bffd26f23d12073,2026-08-28
BOISE,1020,OLDSMOBILE,ALERO,2000,71,0e4633f4817219c82addaae52431ccfa129d4b883fc7caa47a887f268511e797,2026-07-15
BOISE,1020,OLDSMOBILE,CUTLASS SUPREME,1991,74,f485033dc9cff358c7199d23084a7bfe98c87c5d5e5829c49380de35b8e6eab8,2026-06-05
BOISE,1020,PONTIAC,FIREBIRD,2002,76,220a40bc05cd122055e01c6d85955fd2bdbadae3cb71d3f033d4735d813522ce,2026-07-29
BOISE,1020,PONTIAC,G6,2008,78,7f2d6162cb31e9030a62ee4649a8bd726c5d2d169342f7be70eb0ada375b00c4,2026-06-19
BOISE,1020,PONTIAC,GRAND AM,1999,78,a19dc5a4c0d71649c3ad35f0c827523ebf4625408322e00b280d1a342e19464b,2026-06-19
BOISE,1020,PONTIAC,GRAND AM,2003,71,78ac99b1202b160f9b43be394123f698a1c464b052a1bc25795b09c8d211f2f8,2026-07-15
BOISE,1020,PONTIAC,GRAND AM,2004,71,a27559396fabd39ff9c2941aaa3c6005e4c8e10859dd6ed485fb20027b9676dd,2026-07-15
BOISE,1020,PONTIAC,GRAND AM,2003,71,78ac99b1202b160f9b43be394123f698a1c464b052a1bc25795b09c8d211f2f8,2026-07-15
BOISE,1020,PONTIAC,GRAND AM,2005,77,65de76b398a45b7fa11c6b84d752402686790e3bdffb63b6ece26dc326d48226,2026-08-29
BOISE,1020,PONTIAC,GRAND PRIX,2006,75,67154000939ba22e09a8757b0b0902552ed821d3cde56244b2d775e0972e9bb3,2026-06-30
BOISE,1020,PONTIAC,GRAND PRIX,2005,77,976aab0a256b332dd739e0c048bf857ab571b65ef4a72e1f1d6b6c309a83365e,2026-08-29
BOISE,1020,PONTIAC,MONTANA,2003,9,8fb71782613c70c9d15bf435de5a33ac0e8c781c777a0e6d40af746768e0b578,2026-05-06
BOISE,1020,PONTIAC,SUNFIRE,2003,72,4ee8a76d1222729802a5b8de0806a2d434448612be23c4c8c58e2bd405f9f0e6,2026-08-14
BOISE,1020,PONTIAC,TRANS SPORT,1997,10,07301a193775632abaa31e2205c6d6cd2a1d590798de58bf0985161c07582c78,2026-06-11
BOISE,1020,PONTIAC,VIBE,2007,76,e2f482522cb4a4f7e455200eb67471c77e4bb8958e4102e25210ef25a1c28719,2026-07-29
BOISE,1020,RAM,1500,2016,22,5a329c5d46a8442e0ad97b020f1eecc5365cad0695c1b9642eb49aaa4d3ebe2c,2026-06-17
BOISE,1020,SATURN,AURA,2008,72,5ebea7ecba243c7a4b39425dcb068fd3d61821edf736d0d7c3c69e4adefdee96,2026-08-14
BOISE,1020,SATURN,AURA,2007,77,9d16bb1560570fd0ce6d1fd4d521042c0a358e63adb43008a7d85a3682982abd,2026-08-29
BOISE,1020,SATURN,L SERIES,2000,74,370315b0dac160130761406bebf97861c250ab906e93d07086b83603186187ca,2026-06-05
BOISE,1020,SATURN,OUTLOOK,2008,9,54614d2009d79233b64b09f2b2dad40e12b2999bd815634a190d1518b0314edb,2026-05-06
BOISE,1020,SATURN,RELAY,2007,13,6beebec888589661fd6a74fe9b74f3c9f15c8a3a98d9c5be751aada30372259a,2026-07-04
BOISE,1020,SATURN,S SERIES,2002,74,fd1988c193efd13dc66c3264ce186f7e9390cfd0981fdf0ef6435e10c190cadd,2026-06-05
BOISE,1020,SATURN,VUE,2008,14,df3b0399b0b1ccf72697c60db050ea9914d696a471b5eea0507284ddfe26e1c4,2026-06-25
BOISE,1020,SCION,XB,2006,37,48da330116f3ad5058c31fa79b6097dbfc1698205b70aed54bb0b04d64219aca,2026-08-11
BOISE,1020,SCION,XD,2014,32,a4836312d70998a21498900d5895e4850ae9aab991149bbd03edd4142501a4fa,2026-07-25
BOISE,1020,SUBARU,B9 TRIBECA,2006,62,293a71794487398eec6c423d0f530ac05aae0ed9240f1d2b6446ec051039c4ca,2026-07-02
BOISE,1020,SUBARU,B9 TRIBECA,2007,29,824bf1466ff6e0617ef8869bd160e1e4672ccd33466ded94a5480aefea4cd9e9,2026-07-17
BOISE,1020,SUBARU,FORESTER,2009,58,58c6536f2f0b3b6522d6628c5f0913b97adc2fe6510f032ee2fa53de2b89b4ad,2026-06-23
BOISE,1020,SUBARU,FORESTER,2008,26,cfac596611b154ce366b35b103880f74a4c3f650ee2228e9a13226a925ec609b,2026-07-10
BOISE,1020,SUBARU,FORESTER,2009,27,dbea20c70f12f25aeee95f26cea3a0df9f15cc693a85179bccaeb5a585ecccfa,2026-07-11
BOISE,1020,SUBARU,FORESTER,2004,34,a1ae6f4b07b1953a6530343e77e605228f4ad268305f050d7250032d450148c4,2026-07-30
BOISE,1020,SUBARU,FORESTER,2007,42,9604abb08e20e69192ecbc96ff91c629286ce567e52a77a13a3f817da5cf45e2,2026-08-21
BOISE,1020,SUBARU,IMPREZA,1999,59,ac15de9c4e2da0514833a18e6e80685fab9104b3033d2c973d437f7a5a157f56,2026-06-26
BOISE,1020,SUBARU,IMPREZA,2000,62,12261ab65a0078a48aed0193962ba202f4f256b191a42f68ec5d9c663a3447a4,2026-07-02
BOISE,1020,SUBARU,IMPREZA,2014,60,42b7133c83fd28171793e0f26ba96b18162a95e46a95c2ed4a1e22d9693d85b0,2026-07-01
BOISE,1020,SUBARU,IMPREZA,2011,60,5a72ea32609d2c7f09afd031a48e1713329dfcabf25379edefe74f92c2777e87,2026-07-01
BOISE,1020,SUBARU,IMPREZA,2008,26,bcf99b0dbfc6aacc39dfde75444dfd7b053ad3e320c3d0374725e8e0a667ac22,2026-07-10
BOISE,1020,SUBARU,IMPREZA,1993,27,5ea17a3bc5cc14d6a507793c4be8f27d9e274bcfef69b6fce9ef1a2f0469e9fa,2026-07-11
BOISE,1020,SUBARU,IMPREZA,1998,27,909a9a09f08363bc49e07da10e8d9d6d3378ba536c68229f256b75b1159246f4,2026-07-11
BOISE,1020,SUBARU,IMPREZA,2000,37,ec94d3e3c5085b9ce955d701263b31a088c0f9e546b55106665674965aa70c9e,2026-08-11
BOISE,1020,SUBARU,IMPREZA,2008,44,05a0ae280848d93eb2e5332597051c05abca9518135c52223cbb31852846d5d2,2026-08-27
BOISE,1020,SUBARU,L LINE,1982,60,94af199bdf4f3a78adb91fb096c095de74587d7433096c91e06d25fe79ff523e,2026-07-01
BOISE,1020,SUBARU,LEGACY,1999,52,b1430aea5518f9aa14b4da73b0949655e9ce9ade79a22ba0a85abf850bf5aa78,2026-06-05
BOISE,1020,SUBARU,LEGACY,1998,54,58405ce611a80d586d6a996b3ab032fb6e9142a077037614bb935e844f721f92,2026-06-10
BOISE,1020,SUBARU,LEGACY,1995,27,f71f412e86a91b23b38c541e53f56cacc5f2bf32e42815d5236cf0775f883fc0,2026-07-11
BOISE,1020,SUBARU,LEGACY,1998,34,6f41c5ca03a1f33fd15ff8acd0ac5daa2a4e263772cfb43c48c663e701a32b22,2026-07-30
BOISE,1020,SUBARU,LEGACY,1993,32,62722d07eefa26f49fe89528e557274f5d7ac9073a60bf92c603d4c1a28f7b1a,2026-07-25
BOISE,1020,SUBARU,LEGACY,1993,44,90f0ee91fba7cb5ae9642aa507b32404ccb80a599a3de12cf32e2bbdefe28934,2026-08-27
BOISE,1020,SUBARU,LEGACY,1999,46,1d9ee17810dea1a7565f0d315fe27939d03598503e95a95bd3c88546820cb34d,2026-09-02
BOISE,1020,SUBARU,LEGACY,1999,48,b440e523f3357802746568f1f8ec6b152056256271caf0670f9814ca664c4bef,2026-09-04
BOISE,1020,SUBARU,LEGACY,2000,50,e747d4f83c1f3a1c0466d3a959571a64647f39013f70bda9ef5804d8d0afb0f7,2026-09-09
BOISE,1020,SUBARU,LEGACY,1999,50,4de226e76d213e4539321e728c699c41a87457fff8c1f84a0b86d1544e0b47af,2026-09-08
BOISE,1020,SUBARU,OUTBACK,2006,62,49479dec232d995e9ba3db10f7d8f5bb88a54050ebaf07a989103dfcacdeacbe,2026-07-02
BOISE,1020,SUBARU,OUTBACK,2000,56,e1f5bfee415ac551b16198f39575d8888acb7ed9566acb87cf4d3f377e3e609a,2026-06-16
BOISE,1020,SUBARU,OUTBACK,2008,60,a09077588006457cf846f1da204c19982e9c1c25f373ad0c206915ad6c84b79c,2026-07-01
BOISE,1020,SUBARU,OUTBACK,2005,27,99e66553f81614cbc484d58f5b39d567c7618e600327c8cb6707b7ad6dc3df3b,2026-07-11
BOISE,1020,SUBARU,OUTBACK,2006,26,d151fc6c9d9fea6b0901a0a0cdf1116f1a5b8946d3aeea716ff113f159e0bf71,2026-07-10
BOISE,1020,SUBARU,OUTBACK,2003,27,edbc908446127f2d7953331f3267e4df79c24707402655ad9ef0dda7f028fdfa,2026-07-11
BOISE,1020,SUBARU,OUTBACK,2013,27,7a1b34b5fe629127471929a6deb2d90fe711bfe845b7363a907b719f3486e7b3,2026-07-11
BOISE,1020,SUBARU,OUTBACK,2006,40,e633ab33b4cdf9ea6ef6da511c0794e023dfed8c1e4a17e286bcfa11f7e742b3,2026-08-15
BOISE,1020,SUBARU,OUTBACK,2003,36,b0a7edbc45be3402d39c3defdc653631014c5bdbdc2198a30ee738febcc5514e,2026-08-11
BOISE,1020,SUBARU,OUTBACK,2003,43,b0e7f19ffab0c425bf8b748cef3b3ed74698aa289ac1c5acb02ce2505ed5728b,2026-08-22
BOISE,1020,SUBARU,OUTBACK,2013,38,5feca13007347a8667db26fb1950e3cf14ada1a2597550d7ad1b0a76d317ac16,2026-08-12
BOISE,1020,SUBARU,OUTBACK,2008,37,09f5f46440f69b89091fa59b1759df353aa7ac088339c9c5cd8c31d98022ad50,2026-08-11
BOISE,1020,SUBARU,OUTBACK,2001,38,ec53f6c4edceb334ad33e4acc34e407ec518745c7ee6913a62d89576f45100b7,2026-08-12
BOISE,1020,SUBARU,OUTBACK,2007,40,ecd59662f4f71ee9f8ec510aa10a5e17401ec85d0d7bee03298214c4b6fe9fd9,2026-08-15
BOISE,1020,SUBARU,OUTBACK,2001,41,790a2548c91e9753163a23c1e533ed79855b33a07eb721a417ae1482dd90e949,2026-08-20
BOISE,1020,SUBARU,OUTBACK,2010,42,9e7b0f1a94a31671567127998d429c27f34fb959c06166d015d621f847f8301d,2026-08-21
BOISE,1020,SUBARU,OUTBACK,2010,42,9e7b0f1a94a31671567127998d429c27f34fb959c06166d015d621f847f8301d,2026-08-21
BOISE,1020,SUBARU,OUTBACK,2003,44,3d0eede1706fe7204a723534a27851322992fb5e3f93a4330bf09e63e66568e0,2026-08-25
BOISE,1020,SUBARU,OUTBACK,2013,48,8170fa265548575c3db9088343983afc22c5c333f68283de66a9d81aad7fe61c,2026-09-03
BOISE,1020,SUBARU,SVX,1994,45,327c743a2e2fd4049daab1c36e42c8f08a894f586b3b81c54991fff4651ff04b,2026-08-27
BOISE,1020,SUBARU,XV CROSSTREK,2014,30,8b746b47226b727d2c2eaab0408edfe243c3a0ff7f74c9b50c7bcb04dbeb5e38,2026-07-18
BOISE,1020,SUZUKI,FORENZA,2006,55,d98a9f66d7d3d99adeb27a76de63248be45bc3f3811ded4b6770296cc1d9f431,2026-06-13
BOISE,1020,SUZUKI,RENO,2007,42,43975e9df68f64bf3aeaf20ae04ab22a35471295f606d52e03cb04d2c0adb80a,2026-08-21
BOISE,1020,SUZUKI,XL-7,2008,54,b6f239ec36a08c8cccd2e48720d55bc0a8b5ac09beb406d29de480353786c395,2026-06-10
BOISE,1020,SUZUKI,XL-7,2003,62,f60fbd6202f1404e357940d37e2f6239b19c0be36f51208ba36b9ab3ef43eb23,2026-07-02
BOISE,1020,SUZUKI,XL-7,2002,29,b35e53c1f44652f127eed4fa07f4024c8b334c49aa56a80bff1f872bfc95c855,2026-07-17
BOISE,1020,TOYOTA,4RUNNER,1991,51,7c22664d670792dc33d481d3057441c3acd76bb3423c5455590f1c742591b10c,2026-06-03
BOISE,1020,TOYOTA,4RUNNER,1993,27,febb08442d1692fbdfdee96a2834126376b8d075dc0a5bd6ecb4308b9bdba6b9,2026-07-11
BOISE,1020,TOYOTA,4RUNNER,1996,35,be377cff9f2bf33b57ec37108c0a9749b31a7f0f001075ff636d584b11d66096,2026-08-04
BOISE,1020,TOYOTA,4RUNNER,2002,41,2e1db01f98b9e4dae2eb7cebf547677d05dc22f8d24358fe9e7a5d556b29267a,2026-08-19
BOISE,1020,TOYOTA,AVALON,2006,53,1ed991f3b88b2de64b94fb25c2e949e2dc577ca9727bc27144566f8aa887f272,2026-06-10
BOISE,1020,TOYOTA,AVALON,2007,61,d423411fbac870f708c0097b8f5423c246da78f28638ce94ddf544e1a1a9d163,2026-07-01
BOISE,1020,TOYOTA,AVALON,2003,25,afdef2e6f148264bdc8b76e0676708cc33ec3974deef011da3a25a9ce29201c7,2026-07-07
BOISE,1020,TOYOTA,AVALON,2000,36,86654737506985e57787a081bc6898655e7f348d61753a08713e5c0fb7a28c33,2026-08-06
BOISE,1020,TOYOTA,AVALON,2004,43,1b94d117ba41798820cdf67918ef60bc54b2005566a0526b0710556e7288ab36,2026-08-22
BOISE,1020,TOYOTA,AVALON,2005,44,b60512b76d2ba14f80f8e344dccfa6438b43e5a584b8bbc49f90255bc0722b87,2026-08-25
BOISE,1020,TOYOTA,CAMRY,2007,51,5618f6f3b149a2d06f6c8c1dd72c6a6399ac753561300513724b79a86cbb9f9c,2026-06-03
BOISE,1020,TOYOTA,CAMRY,2007,51,5618f6f3b149a2d06f6c8c1dd72c6a6399ac753561300513724b79a86cbb9f9c,2026-06-03
BOISE,1020,TOYOTA,CAMRY,2005,55,f45520bdd431d9c0cf1ed007d93537bcd8cfb6c2c4d20033e464ced572e9437f,2026-06-13
BOISE,1020,TOYOTA,CAMRY,2003,57,c6dbf6413ec0ef445669ba3984283adb19640d9145fb8c97f7f0651821b3d9da,2026-06-18
BOISE,1020,TOYOTA,CAMRY,1999,59,ebd68fd3e2c50221300e650a8097d3cd3f537063a64013f960dfa488a6746f56,2026-06-26
BOISE,1020,TOYOTA,CAMRY,2003,26,5c70a76d59463e149f0422dfda287dc077b7342177500b2d797a8f418a5bc5bd,2026-07-10
BOISE,1020,TOYOTA,CAMRY,2000,28,dedf160489cf3f10a4418e9485d85c4b10398b76e264ebbe182c3addb40cb80f,2026-07-14
BOISE,1020,TOYOTA,CAMRY,1999,28,f8ecaec143babb24e45351fb959c12eb57015e19fe03a3b15d75a5b9495787be,2026-07-14
BOISE,1020,TOYOTA,CAMRY,2007,50,1a7fe2dc012ed0378ccac51755622537aa0538848e6d9635feebe63f50ea3a85,2026-09-05
BOISE,1020,TOYOTA,CAMRY,1997,35,a3589902b5494d1377e4fd70d46775128be86e22a316b60e83b48a315fb88c50,2026-08-04
BOISE,1020,TOYOTA,CAMRY,2005,35,65790683deac79f74afbe2822e837b860db9edc6c6acdbec9a47ba3bcb0a841e,2026-08-05
BOISE,1020,TOYOTA,CAMRY,2001,40,c7b4ed9ec0133a0a873fe5b3bd06769e73c6a1e7b1852bb7c83466ab55ddae26,2026-08-15
BOISE,1020,TOYOTA,CAMRY,2009,44,fc80de3ca254195bf8bb09bcb1c5904e4f68b4362ec52a667c9a7c72ecfc4b77,2026-08-25
BOISE,1020,TOYOTA,CAMRY,2003,44,3abeba7f6ceeeb2d63d6049e3731e2a05aa4f2bfa3c258177b99a4b4b63a8c84,2026-08-25
BOISE,1020,TOYOTA,CAMRY,1998,45,9e038cbbfd07ddc3f8d0cffa393d31db5783a116c2326f1ac9ae019f1524e61a,2026-08-27
BOISE,1020,TOYOTA,CAMRY,2007,45,a8027a091100d3631a220f5498ac55624935ee3eb82651cc7db58aecfd8d8c0a,2026-08-27
BOISE,1020,TOYOTA,CAMRY,2005,48,19e8a5608da8159a6a776e66cce9a339c6f97eac65e363225b9d44c6328dd203,2026-09-03
BOISE,1020,TOYOTA,CAMRY,2005,50,ad94ea7f8482bd91028c872c430acf9217b195dc344da7f5e3f2beeb6960155c,2026-09-08
BOISE,1020,TOYOTA,COROLLA,2005,52,9c65a84a73fec0ce515935ceac5b6ec4da6d3b7407bca3aaf74904464495a033,2026-06-04
BOISE,1020,TOYOTA,COROLLA,2003,52,a3a76fb5537b00c3e1df503c58e2228d1d0a7b46bca86f7e89ef176162303731,2026-06-04
BOISE,1020,TOYOTA,COROLLA,1990,58,9c1ca4704bf4f487ef1ea316331893c7aa8978f05e574feb0bf7d8e7f879388d,2026-06-23
BOISE,1020,TOYOTA,COROLLA,1996,59,075e64b7b2bb49adb5c2315e7bbf12f6753f0486436e09471a39acda2a77010d,2026-06-26
BOISE,1020,TOYOTA,COROLLA,1997,60,1f4d2ec33a199516b2059bd7172f5adaae2d0c16c399c7101c86d3cc4f667704,2026-07-01
BOISE,1020,TOYOTA,COROLLA,2009,25,9be5c76483715aa6ca4ab4346e64315c0a368d5391448bccad5a1d43263813e9,2026-07-07
BOISE,1020,TOYOTA,COROLLA,2005,33,4a2087f6564211cd1426c45b853717040f65997526cc07dbaf67b312c130ec74,2026-07-28
BOISE,1020,TOYOTA,COROLLA,2003,32,6b8f3b91f500c4176e607069af6b53263a615eb6b489b99159713c716f746669,2026-07-25
BOISE,1020,TOYOTA,COROLLA,1993,33,5df6cb1bc943d6df3b0ece4cf335ae5bff0654ee3f3fde89bafdb5b90b89ab8a,2026-07-28
BOISE,1020,TOYOTA,COROLLA,2000,34,62d37a6ca3fb408d6b379d36ab81b40f1afef7f9614d6cfd779c03d7154d6d06,2026-07-30
BOISE,1020,TOYOTA,COROLLA,2004,38,f1d5bc694aa9e6a249317c1200873ccecf027801a7db1704937b344b8712ccdb,2026-08-12
BOISE,1020,TOYOTA,COROLLA,2001,43,c199684d318d9deb7d3bb7916809b72679113e4da4a76ab41705fe64d3bfa93a,2026-08-22
BOISE,1020,TOYOTA,COROLLA,2005,42,9751b6503dd02df48a307797f7ccfc7a0583eb9a46ca71361e2a6ad6db984b23,2026-08-21
BOISE,1020,TOYOTA,COROLLA,2002,43,a3535133892c56be2bf39adde113c164c4422499ce059c063758ac83f24d7d94,2026-08-25
BOISE,1020,TOYOTA,COROLLA,2006,47,5fdc8a0837763a30ad5dbc6e75c552e81961022b3293d6e37d660363df95878c,2026-09-05
BOISE,1020,TOYOTA,COROLLA,2010,50,a888af0336c827430642995f2cab8de08447ba7b92290b2f6d283d1bdc9bb97c,2026-09-09
BOISE,1020,TOYOTA,ECHO,2003,55,d312d25d20a06ecef6eeb30e0a1b9b996106777589f5e043b524696a3240155f,2026-06-13
BOISE,1020,TOYOTA,ECHO,2003,43,9c2204024daad4ae805be5a4538807cb2e6a3e3d4dd214be3c7e17c889badf5a,2026-08-22
BOISE,1020,TOYOTA,HIGHLANDER,2005,54,76452e572538fb926844d66691dc6946fad25024fd16f734f3aff990894606e1,2026-06-10
BOISE,1020,TOYOTA,HIGHLANDER,2001,40,45b57923db5b069f3ea3816683f87c92ebde92909793f194b7646dc2812fa351,2026-08-15
BOISE,1020,TOYOTA,MATRIX,2009,58,ca02df3a64e7ae1dce7e72ac40d984f64bad9033782e24d509a9e909491a8906,2026-06-23
BOISE,1020,TOYOTA,PICKUP,1975,30,93ded38af634c7ef71965dc47185f45b6dc3caadcccf16b0817d992b460a2f69,2026-07-18
BOISE,1020,TOYOTA,PICKUP,1993,33,1035876c2ad35661dcb37d1f83f99775ae67b71f0acdc841c8a6493b24508970,2026-07-28
BOISE,1020,TOYOTA,PRIUS,2008,50,e3ee8c25fa0d884829016679459e7a8f0d9b56341c084e1631cc13a3acf02882,2026-09-05
BOISE,1020,TOYOTA,PRIUS C,2013,38,7f48e8bfd2ab74814a031bf50e23746e82783d0415d0f981ac5f4215b615ac3f,2026-08-12
BOISE,1020,TOYOTA,PRIUS V,2014,35,086e845af4978d711422d1f538ddcade3c23265c0ce544ba6a69e7271f67cbdf,2026-08-04
BOISE,1020,TOYOTA,RAV4,2000,62,e219315553dbad76a56a91b04d10290039e3cd94fb62d6710ae991bc6ebf88bb,2026-07-02
BOISE,1020,TOYOTA,RAV4,2006,38,927321c25fa6f0ddae0761e1b59c8e92e19027f2153a7783624dc5198f53f594,2026-08-12
BOISE,1020,TOYOTA,RAV4,2006,49,5b55e21dbc773b6a5e6e3044534c1f9a22c7dffe7cba800f2230e37ed0279945,2026-09-04
BOISE,1020,TOYOTA,SEQUOIA,2001,46,782b8511f826dbfdc32b1b2083c220cb58f051b5f11e3d87d9e931c5bb108804,2026-08-28
BOISE,1020,TOYOTA,SIENNA,2000,52,a9cb7d58bda2e8f8ad8d831f4d433e3041e5c6596e5dd9ee0b159b02b0760a1d,2026-06-04
BOISE,1020,TOYOTA,SIENNA,2010,60,4b943825de33c55df4a1546ec930eaf5801c738da210598bb0b2a8bcb904b156,2026-07-01
BOISE,1020,TOYOTA,SIENNA,2012,26,b855aacf2ce88c9cd1ce3430f21e3f3ad111bd4afbcb86dfaba1eda45bd51e40,2026-07-10
BOISE,1020,TOYOTA,SIENNA,2005,29,260ccd270c2d5049d9adbe9fad88e318a732a6a7be1f31773e936d29628b6187,2026-07-17
BOISE,1020,TOYOTA,SIENNA,2001,30,e1a1fe53561f9448936bdb9545bc8d52408911b97c7cc1caf133c793c095758e,2026-07-18
BOISE,1020,TOYOTA,SIENNA,2006,34,75b0a54d8d69d31ba7d0c4496e3b103c04b6f45572bf784e09d05411c01c6694,2026-07-30
BOISE,1020,TOYOTA,SIENNA,2007,36,ef202ce2fb2c482fcf7bed6f3bd5f1edb2f2058a5968c564f21fdb3a51e481b8,2026-08-06
BOISE,1020,VOLKSWAGEN,CABRIOLET,1990,35,a949fd8159415a7bb1496854e4867d5f712264ef1002e12d96b13e4ef0862a31,2026-08-04
BOISE,1020,VOLKSWAGEN,CC,2010,38,1bf8ff1706513a3e1fbe382d282e0aa7ebb84f7b3228c540ddfb963b02747187,2026-08-12
BOISE,1020,VOLKSWAGEN,EOS,2012,58,77a4e815f214037ded250c3b5240a573e3390d6722ae2fecaad48a6d4b010c42,2026-06-23
BOISE,1020,VOLKSWAGEN,EOS,2008,61,e3bbac7dff9110e418183411071ed67dcb6a9097f2c789be677a4431d858447f,2026-03-18
BOISE,1020,VOLKSWAGEN,GOLF,2002,31,8a740fdd00da50fbef630eb3427835bf8b18afad79407d4aaa1a7a5e5ec11763,2026-07-22
BOISE,1020,VOLKSWAGEN,GTI,2011,52,063173f5034ba3c8087e0c5fadb29b7b3e338c253eaa840149b46aaf4de7b077,2026-06-05
BOISE,1020,VOLKSWAGEN,JETTA,2001,53,f120470558484954309f42e2bed197d0f30d17d36b6aa0e08c4a8b3a6d51e5d2,2026-06-09
BOISE,1020,VOLKSWAGEN,JETTA,2009,54,4a307ad8d79c66ef26ff041ddd0a4ac4e14d30565e8118ec2667752844dd6542,2026-06-10
BOISE,1020,VOLKSWAGEN,JETTA,2000,58,51de84930b8471cda88492ab19b5772d76fe957f80efe732b8ec7f823945e9dd,2026-06-23
BOISE,1020,VOLKSWAGEN,JETTA,2008,27,031e17687ffd5e817cce43adffdfb535caa4fee41d9a800a9ff04b25fc057549,2026-07-11
BOISE,1020,VOLKSWAGEN,JETTA,2012,28,d6fecef22a3c4e5221fd3c27ceeb59f74edb3336d76ab7b818dcb9b7212b3191,2026-07-14
BOISE,1020,VOLKSWAGEN,JETTA,2007,27,8bb8d26385e865f6cc91e9e12fa9b02f6f5c2932f8a30122c60e8adaf8a8a13d,2026-07-11
BOISE,1020,VOLKSWAGEN,JETTA,2017,30,3cd9ccfef8acd61158d1a58d4a75fe59782894e2d86c4440bd08958012f0b000,2026-07-18
BOISE,1020,VOLKSWAGEN,JETTA,2011,32,318b216d7fbc8fe5ffcc37ce95456ef4048a17e4146ff54f3e46d7cf839b2458,2026-07-25
BOISE,1020,VOLKSWAGEN,JETTA,2014,39,834c1f613ce3f8fa5dea3b208ed9d3bb7ec47f758c880a06910d87dbb2311bf6,2026-08-13
BOISE,1020,VOLKSWAGEN,JETTA,2005,44,56d5044afd7f7be65b3f563ce98252ee24baa2cc3c666051b694af564b8b1b86,2026-08-25
BOISE,1020,VOLKSWAGEN,JETTA,2012,47,dc9ef96befceeb04689a0cf354e33f1d7e03905621b0940c792afcf8d3809056,2026-09-03
BOISE,1020,VOLKSWAGEN,JETTA,2011,48,7686badbe13a714ae19d40473ff598693cec80a1ec2459f855de97e253104ca6,2026-09-03
BOISE,1020,VOLKSWAGEN,JETTA,2008,48,2601fe7dade622f6476a767d480c66325fdba13f23d2edb32ba88123861ae61f,2026-09-04
BOISE,1020,VOLKSWAGEN,NEW BEETLE,2000,51,eb08c69c10e9d88e37c381b0b30aeae8f186ba0d862396e44645b8700db3c9f6,2026-06-04
BOISE,1020,VOLKSWAGEN,NEW BEETLE,2007,31,5c536cf7a7a9d1acfaf6f78152ab882aedc123c93c588f9b6ab0bfbd53191cd8,2026-07-22
BOISE,1020,VOLKSWAGEN,PASSAT,2013,32,8481ff9688f22e22d4ae94925d64bfacd6cd2d0a770377a119b9b06046bf2763,2026-07-25
BOISE,1020,VOLKSWAGEN,PASSAT,2013,45,a595e9e0d42108791e05c1de603066bf9b82606b0747728360bd0cac388171b1,2026-08-27
BOISE,1020,VOLKSWAGEN,TIGUAN,2012,54,1e2ef061a8b68ccd328e3b125b140d11aa67bc17316748951950845fec6184fb,2026-06-10
BOISE,1020,VOLVO,740 SERIES,1991,34,6f17d358c120192376cf75785d2276a8f65b9ae91830780922c5cc004b2dd523,2026-07-30
BOISE,1020,VOLVO,850 SERIES,1996,34,85e3ac8c2f94ffe1e3304e91f14c5a86abdcfcafb5b9f3a1c0661800337bd311,2026-07-30
BOISE,1020,VOLVO,S40,2005,25,ee2b0bb038ad9459dbc3d6f9d23b297300eec5eb3cf05a5aa4ab6af64f29f0d7,2026-07-07
BOISE,1020,VOLVO,S40,2008,41,bf8f073bf370c07797dbadbaecd6e976f37c13832f271dc90d1a8b37cf9f0b4f,2026-08-19
BOISE,1020,VOLVO,S60,2004,53,90aaf08d0235cc9fc242a0de5f5e1a323ca52943c2d294819ac576c493b8e9c2,2026-06-10
BOISE,1020,VOLVO,S60,2007,61,2551d4ff57d6fd94fa740ac03d64724f0783d737b1b2d1fabb84d690be670abe,2026-07-02
BOISE,1020,VOLVO,S60,2002,31,d467c8a98c308e4c6a55693a03d6db863d9d979615cf38d1fa2402fac7c7c179,2026-07-22
BOISE,1020,VOLVO,S60,2007,33,7e428c2b18fc2c2c5f0f06eff8ffd60f6ddb526347a1cc94a9c419277152a9fa,2026-07-28
BOISE,1020,VOLVO,S60,2004,47,977490540f1c4b808ec254411ccc2add4b523dd8e21e1c46e0d7848e8706965d,2026-09-02
BOISE,1020,VOLVO,S90,1998,30,81afdec91d97d61179a53588591c88ba2770a6d12e60a1ef2ca4c20c6484db29,2026-07-18
BOISE,1020,VOLVO,V50,2008,37,2b4332dc46dc23507a76829c4c5c77326b8aef036786589b4fc3a7edcf3c5f4a,2026-08-11
BOISE,1020,VOLVO,V70,1998,31,97e6e262db0889eee568b07d39cde07b5b9f5a45fad6eedbb69c35a592f2c5e7,2026-07-22
BOISE,1020,VOLVO,V70,2000,31,6cf8017e7291656a15ccd43ae8a9bc7ea42c123ed3fb828cae146257d81a08e2,2026-07-22
BOISE,1020,VOLVO,V70 XC,2001,33,299ceb7644130b3feaf8b8c01dbc4d711afb866d99e6dc2dec8b834d7fdd646f,2026-07-28
BOISE,1020,VOLVO,XC60,2010,39,2459d15aad4a1c6c235141f5a5f04256cfe0e21789f697b46fe8ec780b064aa3,2026-08-13
BOISE,1020,VOLVO,XC70,2005,59,82729ca32e394f9fda360877336c31578708bde07d890d01f1e99308e555521e,2026-06-26
BOISE,1020,VOLVO,XC70,2007,59,8c68166c200b68c424a588f61adf56f61314699565d51ddddf54d89eebf7a533,2026-06-26
BOISE,1020,VOLVO,XC70,2007,59,8c68166c200b68c424a588f61adf56f61314699565d51ddddf54d89eebf7a533,2026-06-26
BOISE,1020,VOLVO,XC70,2005,50,578b4516b50b368c6f87bb365f62ebc74a050e8ff2dbfeb28b365e4bfeac96e9,2026-09-05
CALDWELL,1021,ACURA,MDX,2001,28,ffaf4cd10ba1ae636f76fd531e4d1704d48cd0680f62882d4c2eddd652f43edb,2026-08-04
CALDWELL,1021,ACURA,RSX,2006,38,e0cd5308e1c024cca64d2a4ac490285d42fffafaf9dc088d59885a6143c55dbe,2026-07-22
CALDWELL,1021,ACURA,RSX,2006,33,c37e5d05242b357d5fc33fa8357a42fc93f812bc3eaba72111c470efc744a5a0,2026-09-10
CALDWELL,1021,ACURA,TL,2002,36,85679a5ae5f29a68fb1b0d54a51e4d8cba89654f43225be072a718eb871cb122,2026-07-15
CALDWELL,1021,AUDI,A4,2005,32,1f469931b5cffcb178d5c145d9a74c5889de6eb66b4fab3455f36f749a6fbfd9,2026-06-17
CALDWELL,1021,AUDI,A4,2005,32,1f469931b5cffcb178d5c145d9a74c5889de6eb66b4fab3455f36f749a6fbfd9,2026-06-17
CALDWELL,1021,AUDI,A4,2008,34,99537dddfaafba1ba8f7b48d96f1776a3c82490e6053d322e727e4742a32d56d,2026-07-04
CALDWELL,1021,AUDI,A4,2010,40,b56397f3381402da691602fb6024b20a1f65f6cae531677d3f2634ad6a8b044d,2026-08-02
CALDWELL,1021,AUDI,A4,2006,38,84cbfe814de5934122bc0c984d36922705b7b68dd0033ef3dc59975ff966f553,2026-07-25
CALDWELL,1021,AUDI,A4,2010,42,46244173bb180b94f89647a2d02abacb52011d5366cc69aafff7e29601ef3dc9,2026-08-12
CALDWELL,1021,AUDI,A4,2008,42,7cc0ab998fe5b660067054b4571419bc9694adb39f9c96d00e38c4903a4a93ea,2026-08-12
CALDWELL,1021,AUDI,A6,2005,32,3e8d935a66b1c7aaafd86d0f30de0e390cb9adbf05a64b4cf8083c2fd0e5ec1a,2026-06-18
CALDWELL,1021,BMW,3 SERIES,2002,36,4f2867358b07020674bfc890af5e5d03ac5665ef21073daf02f629058c0a135b,2026-07-15
CALDWELL,1021,BMW,3 SERIES,2008,36,cae5cd709079c97cc0b28e7c2453f07862bc40366d68660dfde68cce2f8314e4,2026-07-15
CALDWELL,1021,BMW,3 SERIES,2006,36,b51e229010fb2b682861d8cc19408691ccccdb51fbb84cdd27632d2eb6a3b39a,2026-07-15
CALDWELL,1021,BMW,3 SERIES,2000,37,01ce4220225e789b73696e446553963afbb8ab4bbb669b15176aa9558eecbbc3,2026-09-01
CALDWELL,1021,BMW,5 SERIES,2007,46,bf9e73a7f844e215f6849b942741a9b51beecd4d412272fe15f4edeb9b057bb5,2026-04-25
CALDWELL,1021,BMW,5 SERIES,1999,32,98c2bab01812cf799284fcfcd87fbb15b1916567845e77db2f596c1967149602,2026-06-17
CALDWELL,1021,BMW,X5,2007,28,2d2c2ccded025274ba017a5933db10899384a8aab2dd687aa825b1265bf82ca2,2026-07-29
CALDWELL,1021,BUICK,CENTURY,1996,51,0fa19d2221a23b3f2aa5056ac2a997508ca0850d30ff094339853ab1209fa7e6,2026-05-08
CALDWELL,1021,BUICK,CENTURY,1992,50,18459cc4cc5f0dc12af093ed29f5982faa35077ac66075107cadc933e42302dd,2026-05-08
CALDWELL,1021,BUICK,CENTURY,2003,50,3c9779ae5c3978b6becda6d7854b65c835c885bb055e3a742b1bd05fba689da2,2026-05-15
CALDWELL,1021,BUICK,CENTURY,2003,48,7571b969eb1395178a07d1077ad8aff732377079dc9b10d2ecccfb8834c418dc,2026-07-15
CALDWELL,1021,BUICK,CENTURY,2002,48,6c3684822781a5e221fc5019b58b2f138e7df9f4048fcd47cf22a52b8bda1bc8,2026-07-18
CALDWELL,1021,BUICK,CENTURY,2002,48,6c3684822781a5e221fc5019b58b2f138e7df9f4048fcd47cf22a52b8bda1bc8,2026-07-18
CALDWELL,1021,BUICK,CENTURY,2002,48,6c3684822781a5e221fc5019b58b2f138e7df9f4048fcd47cf22a52b8bda1bc8,2026-07-18
CALDWELL,1021,BUICK,CENTURY,1985,44,83ec9cea02940f383c78a49f3dabd9d75dd3539483e35d1fd012c70c8d27f1a2,2026-08-21
CALDWELL,1021,BUICK,ENCLAVE,2012,8,b77b367bb5a27297b02865d5ae727465d933e9bd527d540b5e757f50b12e8b6e,2026-07-17
CALDWELL,1021,BUICK,ENCLAVE,2011,2,728a68735cba8ee146f4a27a46cc04e3d086748e5f3733f51efb8406a53a1a5f,2026-05-15
CALDWELL,1021,BUICK,LACROSSE,2010,48,65730d00103c017ce199746c5e248d52ba7c5fb014cb7f2b0d90eeb80a7977e5,2026-07-04
CALDWELL,1021,BUICK,LESABRE,2004,46,f8f2e0e8e2cfc84890650520a76dc322c3c9ea423228d98eff3895b5a4ee020d,2026-04-04
CALDWELL,1021,BUICK,LESABRE,2002,46,36f7dc7c1e77a04fdae150bcb0b2335a06b1eda2125bdf8ded4e76af5ae2c052,2026-04-16
CALDWELL,1021,BUICK,LESABRE,1999,51,9152fed14e3cdb74ad608902fbe26865ba0195ede0ba5d991595ee0abe398019,2026-04-30
CALDWELL,1021,BUICK,LESABRE,2003,51,0459f83872f46060d6d66e21e33daa1ccbc95e200c6a2936b7e3811c9b3c3303,2026-05-02
CALDWELL,1021,BUICK,LESABRE,2004,49,6031913c7c2b73ddbbc81c43e697392ad522145d900714c5551ce76cf05f921d,2026-06-11
CALDWELL,1021,BUICK,LESABRE,1998,48,452cf680efc5906b5f6e1e0a7a2a71641a25c319c733fce348e5d6ff0b38f263,2026-07-04
CALDWELL,1021,BUICK,LESABRE,1998,48,452cf680efc5906b5f6e1e0a7a2a71641a25c319c733fce348e5d6ff0b38f263,2026-07-04
CALDWELL,1021,BUICK,LESABRE,2004,44,2165e60102f9278ac614ae78775957a6e9e9e395e099474f8e546d7e16134910,2026-08-14
CALDWELL,1021,BUICK,LESABRE,2004,45,6d9ac37b839f7ac380e7966ffd915adcbb8e508897227a9ffc3cd6fe095c2328,2026-08-23
CALDWELL,1021,BUICK,LESABRE,2005,44,416b8511b1959803b5f214829e614ab257cbb9935e5de58c24fb554d5934f071,2026-08-14
CALDWELL,1021,BUICK,LUCERNE,2006,46,2322ee4573269eda9430605b96d15ef50ba21440b7d3b42aad8d1491b1d13bff,2026-04-05
CALDWELL,1021,BUICK,PARK AVENUE,2004,50,49478c1d2d3d687999b84a21f8a313267dfc2dae5285008b59fcd9defae5cbcd,2026-05-21
CALDWELL,1021,BUICK,PARK AVENUE,2000,48,e888c598aeda48975cad725dd34921f1815c723b5addf7ab3913914e64e638d8,2026-07-04
CALDWELL,1021,BUICK,PARK AVENUE,2003,45,127964e61a4e74719c2e53aba03748c731386630fab602c455f86436b08bdac3,2026-09-02
CALDWELL,1021,BUICK,REGAL,1994,37,5afbf0efc44476a2a188bc8644eeefabe1e4a4b81dc3ec52979222bd3a790b2a,2026-08-30
CALDWELL,1021,BUICK,REGAL,2016,48,4ede35b1fbe9c7e66d4b6812a26dcc81cef2c72c086f9ae4680cd6e515c84397,2026-07-04
CALDWELL,1021,BUICK,REGAL,1995,48,f7a353db5d3937bcd48174cfc0f25d714ba5945d96c6fe7f76747c07c01d8de5,2026-07-30
CALDWELL,1021,BUICK,RENDEZVOUS,2002,7,69f1c5d543948f3b43a709306be70647facc1dd691ea61b91977a846ae22fdb7,2026-08-20
CALDWELL,1021,BUICK,RENDEZVOUS,2003,2,28945e395d68153055e3bae5f5376e3ebcfba621480af4d76aeb08f3727dbcd1,2026-09-02
CALDWELL,1021,BUICK,SKYHAWK,1978,47,5e877b04780e8ecc506774209896d02bac57a684ec490c0c92a7640341579454,2026-06-27
CALDWELL,1021,BUICK,VERANO,2014,48,95d9faf93ac9cc1b3e85eca62d50804045613bc6bf68b6a92fff29dcd12ba0b8,2026-07-04
CALDWELL,1021,CADILLAC,CTS,2008,46,52edfd90708660eeb194e118c77bc849679467cbf4a5edb369a200dad7f00e8d,2026-03-28
CALDWELL,1021,CADILLAC,CTS,2013,50,93fa86d2e29d396a627b111ed60f5543a5deb388b90755f6d1735d31acb67e12,2026-05-21
CALDWELL,1021,CADILLAC,DEVILLE,2002,49,4d329289bc577d6d832182c50641b461469ad1729541f9af62f892e107b9e029,2026-06-09
CALDWELL,1021,CADILLAC,DEVILLE,1998,49,536b1397978c166f5ce2c6afc6f27a536df58724dac8cb59a400df312694f541,2026-06-09
CALDWELL,1021,CADILLAC,DEVILLE,1994,48,0133e1d96520951a553e4f46ce710ec9efc36ac32455c9d905cf5b4d213fdeb4,2026-07-15
CALDWELL,1021,CADILLAC,DEVILLE,2005,44,b9032bce02691cc1067a757e1f8d6f0e35c7c292511e9123cf2cd7d576742bb1,2026-08-14
CALDWELL,1021,CADILLAC,DEVILLE,2001,44,6e7797898f02e5f3baa269360f57ddf32c20bef46565d18787675ddb5b789728,2026-08-14
CALDWELL,1021,CADILLAC,ELDORADO,2000,47,6d0c6b2c3f46c13a0892917da62f0bb511b8e8f035dcfad4cfb493d27e605bfd,2026-06-25
CALDWELL,1021,CADILLAC,ESCALADE,2002,9,b4d7cda0503c47832422adb810fc030ec9718ababc9430542410e97546adfe23,2026-05-30
CALDWELL,1021,CADILLAC,SEVILLE,1992,50,01862539e74dd4e1279bc80ea770415edc4928490286219819c29216c3f718f8,2026-05-15
CALDWELL,1021,CADILLAC,SEVILLE,2003,50,09fb4468680cd7c2b2e1ace73eb04ce20a243ccf0f54f1a4ba7ab753d7c5cbca,2026-05-24
CALDWELL,1021,CADILLAC,SEVILLE,2000,48,dfc57d860cc70f9993b83b12bdd99c72d2d2988b6ef0bc2c307a3c78cf12d9d1,2026-07-15
CALDWELL,1021,CADILLAC,SRX,2005,11,c1f3bb3db31ef26daab94cb76be118c6fd1d00f2cf0891d3470974541a592f77,2026-06-18
CALDWELL,1021,CADILLAC,SRX,2012,8,cdbf8e45ad19d9cb1de55f59340cbc67c9087d67703e14ba93a59226bb9c4428,2026-07-17
CALDWELL,1021,CADILLAC,STS,2008,48,e078b34915c7a767ae79cc19ff5bb6b4cf3b39900146127ac3a26fa4a389d3ac,2026-07-30
CALDWELL,1021,CHEVROLET,1500,1993,3,01a02caf5ebb9d5e59b8f9bf2b6aa2c99c0fd78136025459003f8d15d9183d00,2026-06-03
CALDWELL,1021,CHEVROLET,1500,1994,9,185364727efaedf878fc388a38b804280beaa0c0a7572cd52f05c0f296fbd9fd,2026-05-28
CALDWELL,1021,CHEVROLET,1500,1997,3,3d7e8decd5fc193e5217744b589a338b02b36cf566e666e1fb19de635c330833,2026-06-06
CALDWELL,1021,CHEVROLET,1500,1997,3,3d7e8decd5fc193e5217744b589a338b02b36cf566e666e1fb19de635c330833,2026-06-06
CALDWELL,1021,CHEVROLET,1500,1991,11,715e727391ebc28f9ab2c001116650421d013d80d5cb5a8636f299a44dff72ed,2026-06-30
CALDWELL,1021,CHEVROLET,1500,1992,6,b6c74157342d13dd30338cd9936dcb90d24fdb1ba2878041b6c21a94979cf679,2026-06-28
CALDWELL,1021,CHEVROLET,1500,1996,10,8fda7f69715dab86a12ae56a6a04c19047f70f682a5153cb763b51f2ccf223f6,2026-07-08
CALDWELL,1021,CHEVROLET,1500,1997,8,ab25d34d088e8d532ee693f694a0641122d83adb363727dca23f8e1ad601a988,2026-07-17
CALDWELL,1021,CHEVROLET,1500,1997,1,d881270bbffec9fee00cc1bca4afb9f63ef45711bc714653a07297caae53d2bf,2026-07-30
CALDWELL,1021,CHEVROLET,1500,1998,4,f6c1683f03455aaa365f63548417e504fa813db596a9b35fbd9aa3cd43e2cd53,2026-08-11
CALDWELL,1021,CHEVROLET,2500,1991,11,2b5b1db0f36df0beffa9dd3746bd381f1c5c250be567668dc669c338cf8b2e22,2026-06-19
CALDWELL,1021,CHEVROLET,2500,1998,2,d11bd9be42caceff159a0b93bce6e93f4e2d5469dbacbbb479eac8e8815dc345,2026-08-27
CALDWELL,1021,CHEVROLET,3500,1989,10,94ca58db9dfa05729f5ad3d0fb61524c83e636b5ea0daf71bcf9e87175d033b1,2026-07-02
CALDWELL,1021,CHEVROLET,ASTRO,2002,9,dbe33aa87c6c700fe735ff5e76dbc12112f44f5cbefdd35ac52cb4f264814d57,2026-05-30
CALDWELL,1021,CHEVROLET,ASTRO,1998,8,e2a53ac6143226cf13cce981477398c8c9c9df8d7f0d51e1cedc5f1d518d1e36,2026-07-17
CALDWELL,1021,CHEVROLET,ASTRO,1990,7,b1a31b809680c97dca1507b75a3f182c5736ca832790617ee37a0e9620eabc6e,2026-08-19
CALDWELL,1021,CHEVROLET,AVEO,2011,46,85b433ac2b6d0c830043ec434b6bf980569971d3f8ed619ec48b70ff4a45b971,2026-03-28
CALDWELL,1021,CHEVROLET,AVEO,2009,47,4615f46992c591c379ac1fea7ad14289244f934a1fc3bcfd1216fc131c7dcacc,2026-07-03
CALDWELL,1021,CHEVROLET,AVEO,2011,44,26d1669a435ba5b6bd42de2f80ecc0508569bc11acbd10783566d32669654a0e,2026-08-14
CALDWELL,1021,CHEVROLET,AVEO5,2011,47,7f7c76eb0e766bc402d1b992fa7a6dcb992d2fac60f1fe344c784b8eded59e64,2026-06-23
CALDWELL,1021,CHEVROLET,BLAZER,1992,9,e401d65311f4730e394719c0c272f0f470beca025eb2e7ef3628fd5c6fc26e98,2026-05-28
CALDWELL,1021,CHEVROLET,BLAZER,1992,3,2bfdf947179112995cfcb04303a2ecfd0b5794e7ce65f917a07ad66a50db40bb,2026-06-11
CALDWELL,1021,CHEVROLET,BLAZER,2000,6,b89a53aa03619b5820e972217110bf8d551d18590d48c02befc25830c214a2a8,2026-06-27
CALDWELL,1021,CHEVROLET,BLAZER,2001,10,3470e215678a30c5c946d7fd5014c41161cae11fd6c331ebbdb5b7eaa3e4cf1a,2026-07-07
CALDWELL,1021,CHEVROLET,BLAZER,1996,1,39c1b489ce21a974bb3e804b7788157d2b465c71a9dfd35c735d849a3699c996,2026-08-04
CALDWELL,1021,CHEVROLET,BLAZER,1995,4,050a771ef7ad9509267adcef7e0356e95deb1ae0991b53f3bca928edd404d373,2026-08-08
CALDWELL,1021,CHEVROLET,BLAZER,2003,2,6cc636a617e66e402cde39618b50ccfb87008a4bb56c29b2f2fd2934cd72804b,2026-05-16
CALDWELL,1021,CHEVROLET,BLAZER,1999,4,d8b06b0ef5145c0fac9059506d61aafa35029241ed0cb98d35585aa0ccc9c9d1,2026-08-12
CALDWELL,1021,CHEVROLET,C1500,1992,1,59e6d74eb809e9479cb6d222a1d703d86746d2499df4369d119494e6e685b52c,2026-07-29
CALDWELL,1021,CHEVROLET,CAMARO,2010,51,2318709a685249ea8fa8c0aa910fbdc627eace81e34a0cb93657eddfa9114d50,2026-04-30
CALDWELL,1021,CHEVROLET,CAMARO,1999,47,2127733035011128dc57bf5b87b70325d68ba2dd80af4449212ee3835c095313,2026-06-23
CALDWELL,1021,CHEVROLET,CAMARO,1994,47,1b1c93d34560c5d137ed5785d11de1ef1016ed20f29647627a0c170738a97050,2026-06-27
CALDWELL,1021,CHEVROLET,CAPRICE,1986,47,8bd2bbbef9969bedc26ab23742f6cf6bc9bf52c5d828930e290e605e8c136416,2026-06-28
CALDWELL,1021,CHEVROLET,CAPRICE CLASSIC,1995,45,02328288c62c6361d993fb8afc06f4a81ddc74db389319a1a574f3fcd59aa5ec,2026-09-02
CALDWELL,1021,CHEVROLET,CAPTIVA SPORT,2012,3,78a103c761ca78fceb3df5ddccd9936d501359c2679888516964f336d07348c0,2026-06-05
CALDWELL,1021,CHEVROLET,CAVALIER,2005,46,2c15126e256b0e1ba5ec2ca5332cc9cf9babdaabeac7a33e7ed798fa9efc3fb8,2026-04-09
CALDWELL,1021,CHEVROLET,CAVALIER,1998,49,e905dfd5107cb852bf454b24c84634b5e5e4f53cbadbf1167d34b42584d943c4,2026-06-14
CALDWELL,1021,CHEVROLET,CAVALIER,1993,47,a7e64468c4c7617098db701c9626d997e842f78785f6fc3acb4745da5e0cae67,2026-07-03
CALDWELL,1021,CHEVROLET,CELEBRITY,1983,51,f0d0d946c0cf8910f281a1d478c022ca472088cdd29a5c5889beb7b108e35733,2026-05-07
CALDWELL,1021,CHEVROLET,CLASSIC,2004,46,844e84e98104a61dca2eb6a0b37ffada05b61809c752b545ceae4dbd07b6184e,2026-04-16
CALDWELL,1021,CHEVROLET,CLASSIC,2004,50,8c2265fcbd2432057f07fd916ad043fbb99bb7681a499bc3351c88b6f323397b,2026-05-21
CALDWELL,1021,CHEVROLET,CLASSIC,2004,47,b24ab6aa94c71ee5b735be061b24550ce2b200ac0e41e0b60eb55c976c51fc6b,2026-06-25
CALDWELL,1021,CHEVROLET,CLASSIC,2005,44,fa4bd5126e4be4388c46a5ed7c9128a076c1b367f5916d2467fcc256233caca7,2026-08-14
CALDWELL,1021,CHEVROLET,COBALT,2008,46,b13c8cd17fa990323b984a2363af55bfeb3ba967a3fd6696718ba60b73e408e5,2025-11-13
CALDWELL,1021,CHEVROLET,COBALT,2006,46,47c7705f9f12853583327fcbbca5c5e5741560e3ecb1f8c8fc93bcc5767a2995,2026-03-29
CALDWELL,1021,CHEVROLET,COBALT,2008,46,b13c8cd17fa990323b984a2363af55bfeb3ba967a3fd6696718ba60b73e408e5,2025-11-13
CALDWELL,1021,CHEVROLET,COBALT,2006,46,47c7705f9f12853583327fcbbca5c5e5741560e3ecb1f8c8fc93bcc5767a2995,2026-03-29
CALDWELL,1021,CHEVROLET,COBALT,2005,51,3a6a2736e9709f2145c9d2d07cecf90904e119dcbb510c43f3f969c5e72d782c,2026-04-30
CALDWELL,1021,CHEVROLET,COBALT,2005,50,b434a1848822f2251f87a1aece0bd809e897bc66b83cbb463a169ec0d7859400,2026-05-27
CALDWELL,1021,CHEVROLET,COBALT,2006,50,3bac9ee532a785618233e2cc1c7c0e43ab3dea24b3d80d24ac8962bb59c77181,2026-05-19
CALDWELL,1021,CHEVROLET,COBALT,2006,50,3bac9ee532a785618233e2cc1c7c0e43ab3dea24b3d80d24ac8962bb59c77181,2026-05-19
CALDWELL,1021,CHEVROLET,COBALT,2005,50,b434a1848822f2251f87a1aece0bd809e897bc66b83cbb463a169ec0d7859400,2026-05-27
CALDWELL,1021,CHEVROLET,COBALT,2006,49,e3664511de9c4712b6ed07737f07c7010b71a22b13b3407a3012d01b2d8f07e6,2026-06-14
CALDWELL,1021,CHEVROLET,COBALT,2010,47,9f43f3f0d70b4b41ffab24c1a4025ac1e6da104dcb046a93e906f5f1b410c794,2026-06-23
CALDWELL,1021,CHEVROLET,COBALT,2008,48,373b8bdd58720e62237fec7a24869b0a11c7e2275d0109039d58410760a7fb38,2026-08-20
CALDWELL,1021,CHEVROLET,COBALT,2006,44,2bfac7d66ae67d6af50af53a22093dec69f562e5a60974dc4a0db949479d32fd,2026-08-14
CALDWELL,1021,CHEVROLET,COBALT,2008,44,7b182536c151d16f2b7c2d4f5e41b34cc6b567515967dc18ca502a76e424a68a,2026-08-14
CALDWELL,1021,CHEVROLET,COLORADO,2005,2,9410adadbb4516fbc64d14ec8946f1e216a62b7553683282e114a1433a12d3c9,2026-08-27
CALDWELL,1021,CHEVROLET,CRUZE,2014,46,51ac1940a1eff5099b0e882ce0f36ba9e25b51281fc27685230c31bfbcc554d1,2025-11-13
CALDWELL,1021,CHEVROLET,CRUZE,2012,46,4c967ab5f53a03af800c7581827a7e34b2a5a657faa00fd6a9074efc31842de6,2026-04-01
CALDWELL,1021,CHEVROLET,CRUZE,2016,51,72e1c018d4a93dbc38aa6f8d72d370ed460ce8e25354ba95d403bddfe4c32c95,2026-05-02
CALDWELL,1021,CHEVROLET,CRUZE,2013,50,50c9ffbd14b0bb62b62bef1cba62e6af4966601835fae928b81bb2b7ecbecfa5,2026-05-21
CALDWELL,1021,CHEVROLET,CRUZE,2018,50,49cf0f1a6a1e5e5b0a2bf611ba2f08d39cd3c500b5f8b2f6852dc5786aae0854,2026-05-16
CALDWELL,1021,CHEVROLET,CRUZE,2016,50,2d8e209fbe5175c859767f66b0b1c084366d060514275106d453e6dea5f250e3,2026-05-28
CALDWELL,1021,CHEVROLET,CRUZE,2012,49,5d6cb6ec8877338d6a7ef1b3c683d10a89f75abb6687ab0e2e87f908be29bcfe,2026-06-17
CALDWELL,1021,CHEVROLET,CRUZE,2012,47,5036bee045d0dd54ad47c68147b1608f2bf44701f901432a06bd61e981b4d57c,2026-06-26
CALDWELL,1021,CHEVROLET,CRUZE,2014,47,214c8b44f48897dbe3e534552431c833d47323635b9aff007c497d295be2d759,2026-06-30
CALDWELL,1021,CHEVROLET,CRUZE,2013,47,7e343db2d5dbce7dffe8cd5fb588b9d53502b297ff2a00e143cc48fd880afaaa,2026-06-30
CALDWELL,1021,CHEVROLET,CRUZE,2012,48,4bb7f82026ec51d3696bfea0d9331fb9962fc81ab443cf3422e15c700acc5139,2026-07-09
CALDWELL,1021,CHEVROLET,CRUZE,2014,48,2e3e4fd81e2af1bbc0e9b3e056c736de39ea6f1fd4627863de40f73cd4b7666d,2026-07-07
CALDWELL,1021,CHEVROLET,CRUZE,2016,48,37409d82688909bc7093bb6c5befbf009c40462ce94b63e39118992cdf58e48f,2026-07-04
CALDWELL,1021,CHEVROLET,CRUZE,2017,48,508a3d8845fb1591bfc2c6a73624b3b0f538c0d6c378d7ebcfca6c0e62caec46,2026-07-07
CALDWELL,1021,CHEVROLET,CRUZE,2012,48,4bb7f82026ec51d3696bfea0d9331fb9962fc81ab443cf3422e15c700acc5139,2026-07-09
CALDWELL,1021,CHEVROLET,CRUZE,2017,44,d780215aaafa8e59d7120c64784221163b971872f8da0dc941e58c0b59f75327,2026-08-14
CALDWELL,1021,CHEVROLET,CRUZE,2012,44,06d40af258394c9102dbf6918cd4e4b39507fa2402592b4392e9e567e14719bd,2026-08-19
CALDWELL,1021,CHEVROLET,CRUZE,2012,35,7c355d7b3cc91dcffb87a4ed009b889e134b7798fb0e9c84cf5d6600d7a3a9cc,2026-09-04
CALDWELL,1021,CHEVROLET,EL CAMINO,1987,63,6a88b8329ee17d806bf9fb5ae66365638679ed801f52fecb4de91ffe6bfa4d1a,2026-02-14
CALDWELL,1021,CHEVROLET,EQUINOX,2007,0,80da78ab96b4384fef231e7944b34682636aa0835903273192293abb72983222,2026-08-14
CALDWELL,1021,CHEVROLET,EQUINOX,2007,3,b90089f42c533cacbcc1e6ec5d4ef32e159b6a99f2942a8e5f5ce8a8a45a7d54,2026-06-06
CALDWELL,1021,CHEVROLET,EQUINOX,2020,6,1d0bbe3ec5a0f2ed9d664077b1e625d1915df1708f44029bbe6d68e577203304,2026-06-28
CALDWELL,1021,CHEVROLET,EQUINOX,2005,6,eb12fd606fd6962bb06c42f109ddf4ae49021ca25b9e953263e7ea719f9453b5,2026-06-23
CALDWELL,1021,CHEVROLET,EQUINOX,2010,6,1efc9368f18b0a69cb548d64d931429e6e1ced5f56e298f19e94834abb1c8a4c,2026-06-23
CALDWELL,1021,CHEVROLET,EQUINOX,2012,10,31deddc6db0c3181e4a4ca8d88c3df93726fc706fff28d5ca583a72f4c6e3ebe,2026-06-30
CALDWELL,1021,CHEVROLET,EQUINOX,2016,12,7c402888edc7bf09e311fdace7bc357a203713352a04970b3af09d6d81658624,2026-07-26
CALDWELL,1021,CHEVROLET,EQUINOX,2013,1,1986a5ffbe5d46e6e323db9d8fb8824f5bf4e573f460d8d8c78b827cdfbf7728,2026-07-30
CALDWELL,1021,CHEVROLET,EQUINOX,2005,1,4504ca3d15215b7006f754c9b54bf48fd02b9654bec5a83e59a0598da35fea55,2026-08-07
CALDWELL,1021,CHEVROLET,EQUINOX,2007,4,97999cdd51a703585ec44388596eff4648fd2c1ab7ead90494e40887e795238c,2026-08-12
CALDWELL,1021,CHEVROLET,EQUINOX,2006,2,d11ad17160ebb1ae4df272faa200b7ddf1a9cb06c0045ada3184271c91c2294d,2026-08-28
CALDWELL,1021,CHEVROLET,EQUINOX,2015,2,1f20ba16d4b2165b63cadf63b1e94b9ee83166be25fa9828ffaa7f98f1096f81,2026-09-02
CALDWELL,1021,CHEVROLET,EQUINOX,2005,5,5aa1bf3bfa90ed5a20e84798543da4900defe0f3d87874a0b26e477c16e1e846,2026-09-08
CALDWELL,1021,CHEVROLET,EXPRESS,1996,3,d9a8eec70e61c86633c099272c9a84c1e9789419a9390e15f4d6be2e26dc77c3,2026-06-14
CALDWELL,1021,CHEVROLET,G20,1990,8,5ececff19b1f666777c67af1832a380f0ed88c1be5afec2f36015da94880b074,2026-08-11
CALDWELL,1021,CHEVROLET,HHR,2009,46,29fb4f1e25675cd7e57e9797941e29a29990ceaf4c1569638a4751cebb2373d4,2026-03-26
CALDWELL,1021,CHEVROLET,HHR,2007,46,f5180855e006fd8e9b3b519f524ebeb7a326adc7bef484304aef814be57d9c1a,2026-04-12
CALDWELL,1021,CHEVROLET,HHR,2006,47,e684b37b4e5b68b3ebfb69b71e7568921ed397b311d70ebd1f10a0f62e647604,2026-06-30
CALDWELL,1021,CHEVROLET,HHR,2007,44,cb56322834e07fc1ddafb36c5d2a5c2d79915d35a48089259d85d7e3ac5dd8b1,2026-08-14
CALDWELL,1021,CHEVROLET,HHR,2008,44,1337ecc44d5ca5ddbc30ee8d4803066da59fc317071eaafc6c0b5ad9abccf32b,2026-08-20
CALDWELL,1021,CHEVROLET,HHR,2006,45,58b594a4082021412feddd5c2da1163e8379a681cf678cd260f4c4fd5d151991,2026-08-30
CALDWELL,1021,CHEVROLET,IMPALA,2001,46,943a2448e67e8c15977c90a8689b93caf2ba57e06c8dd8707db015bbb63eff79,2026-04-04
CALDWELL,1021,CHEVROLET,IMPALA,2013,46,dbce8f8a51c7d5c2ae22ccea73acd3159c6975d47f027b8150314af50c95bfc7,2026-04-05
CALDWELL,1021,CHEVROLET,IMPALA,2011,51,9ece55538991cd114764ad7c8310663b908fe4c93d9fd50df789326e22443767,2026-05-07
CALDWELL,1021,CHEVROLET,IMPALA,2006,50,6231e2200f911c290d665d559ccad869442c0ae01d8aeccd54437766bb400c97,2026-05-15
CALDWELL,1021,CHEVROLET,IMPALA,2008,50,cbad6778544f02c126bde72c9d3a4eddb1d4d4fa88056d06fa00b58cc6051d01,2026-05-19
CALDWELL,1021,CHEVROLET,IMPALA,2007,50,66a31886f8e816285302ce6392d5168fbb285f16be9d2cc707334ff42fb376b4,2026-05-30
CALDWELL,1021,CHEVROLET,IMPALA,2004,50,3b6639bd37aa0446a3b4061a663baf177fc2c1e9eab45930ba91b557d271671a,2026-05-30
CALDWELL,1021,CHEVROLET,IMPALA,2004,49,81b82b62519af67778513610da1358b3339fe71e2a5954b7bad97c325adcac66,2026-06-06
CALDWELL,1021,CHEVROLET,IMPALA,2009,49,fd82914f95f352290b0774704190e2332aae343db79135790c9e1e16efcc9b6a,2026-06-14
CALDWELL,1021,CHEVROLET,IMPALA,2006,48,727f1355e319166a34af75472f1dd966b837a353431090dbf85847b8f40a5198,2026-07-04
CALDWELL,1021,CHEVROLET,IMPALA,2006,48,727f1355e319166a34af75472f1dd966b837a353431090dbf85847b8f40a5198,2026-07-04
CALDWELL,1021,CHEVROLET,IMPALA,2005,48,4baeb569284f7dad8ebf6ce9f6105698cb39ab59129f861167974bdc9050630a,2026-07-21
CALDWELL,1021,CHEVROLET,IMPALA,2010,44,375c909abad48f596887d79fe8f54fffa8171d3baf20d581bd4cd393474923b4,2026-08-14
CALDWELL,1021,CHEVROLET,IMPALA,2000,44,138eb96041a27078cb4ff783f69bb555b92aed206cd6736893ebc49ace41cc80,2026-08-14
CALDWELL,1021,CHEVROLET,IMPALA,2004,44,57087e00e2280a5227af3970cc6e8a1d6b60b38d5abec3aa82d86732986e0ab8,2026-08-14
CALDWELL,1021,CHEVROLET,IMPALA,2004,44,57087e00e2280a5227af3970cc6e8a1d6b60b38d5abec3aa82d86732986e0ab8,2026-08-14
CALDWELL,1021,CHEVROLET,IMPALA,2007,45,dd95f977c0619864e5c8b84bec676fbf08efe84409f82fdea741fd54d8b0be42,2026-08-23
CALDWELL,1021,CHEVROLET,IMPALA,2001,45,97498e7a4a0b5a11df85b03089319e2cc9ac10a881a182c02dffaf934edfc865,2026-09-03
CALDWELL,1021,CHEVROLET,IMPALA,2010,45,7e1ac8611835ec1eec868aa4f004d7f8743686546fb7a4977dff13c766a4a831,2026-09-02
CALDWELL,1021,CHEVROLET,IMPALA,2005,45,ccd389c777646cb7bdcf44153b2b3b1e7d2b450c7f4cc3afbc8bd4f93837719e,2026-09-03
CALDWELL,1021,CHEVROLET,K1500,1997,7,0be8e18e187264e37ce53ea1321f1d8cb02167ce99c052db149e58cdd3f034b2,2026-08-20
CALDWELL,1021,CHEVROLET,MALIBU,2014,46,14f7445294e388dd133e964a722ce6b629f81294ae6ecc2d0c8169036be64f40,2026-03-28
CALDWELL,1021,CHEVROLET,MALIBU,2010,46,92574607acfc346d78fc7d6dc06bb4295af40d7035aab44f3bebbced8931dd62,2026-04-02
CALDWELL,1021,CHEVROLET,MALIBU,2007,46,3b210a360338e9e1df0e3e064622c3cfd5fa002e2abeb0c44c996fc10dbc23f5,2026-04-02
CALDWELL,1021,CHEVROLET,MALIBU,2005,46,3830dff5d731afdcae30c3d0d7203e0c4f5f63cfc2db769eadc02966e00c5ff1,2026-03-29
CALDWELL,1021,CHEVROLET,MALIBU,2014,46,14f7445294e388dd133e964a722ce6b629f81294ae6ecc2d0c8169036be64f40,2026-03-28
CALDWELL,1021,CHEVROLET,MALIBU,2011,46,3589cc51680568ffcce4d4473b7d29e2c3340c7fbd6e87d1de107f3b784b5e82,2026-04-12
CALDWELL,1021,CHEVROLET,MALIBU,2011,46,3589cc51680568ffcce4d4473b7d29e2c3340c7fbd6e87d1de107f3b784b5e82,2026-04-12
CALDWELL,1021,CHEVROLET,MALIBU,2006,51,31617ee63c72f5e8d56a8442aba3916e6c89309e308a98b56805bb24a0f409bd,2026-05-08
CALDWELL,1021,CHEVROLET,MALIBU,2013,46,f860a985a08ef8de42cad9839be0a3c6001295819da8f7031ef71681d75176c5,2026-04-23
CALDWELL,1021,CHEVROLET,MALIBU,2012,51,358b2062ed65981de549632969851296ce9f722af692d017588adc66e6a562c5,2026-05-02
CALDWELL,1021,CHEVROLET,MALIBU,2009,50,be13cb04f79ddbc2768a3361520b7e7cf622823b18dff27b032adcff2904dc32,2026-05-30
CALDWELL,1021,CHEVROLET,MALIBU,2005,50,1ce7fc5c5cc7c68c84f44053cab2d37b20c69957e1d0abae61c6984a7c28147a,2026-05-30
CALDWELL,1021,CHEVROLET,MALIBU,2011,49,7d64c49d4b9f7a2e64fdb95c2b18a3f8e6651fdecff21d104d8cacef57a129cb,2026-06-14
CALDWELL,1021,CHEVROLET,MALIBU,2015,49,226e83df938f517a1566050a4bec987825564382335c0e4c3019ba849adc3d05,2026-06-14
CALDWELL,1021,CHEVROLET,MALIBU,2009,48,1ff4db2cfefc65025b8535b1a08b49665e50e8bf09ec2c5b8a611f553de15f1d,2026-07-29
CALDWELL,1021,CHEVROLET,MALIBU,1998,49,92323cd691875611acd735c19857e18683882bc19bbc9b92573fd60e80965ceb,2026-06-14
CALDWELL,1021,CHEVROLET,MALIBU,2007,49,e91b2711b3bd77f51c470c73d76d53e374eb09723a25973802a5d7ce7b908716,2026-06-18
CALDWELL,1021,CHEVROLET,MALIBU,2005,47,f5e25cb53e92ca886604f6dd9e4ec7d4f4ff9876453d816b18520cb40fcc7390,2026-06-28
CALDWELL,1021,CHEVROLET,MALIBU,2010,48,06b7fb4658f206ebcd80dc5e1c49542add3fff7a12eae9e3b85eb4910205b5b4,2026-07-07
CALDWELL,1021,CHEVROLET,MALIBU,2008,48,7751be15c892c7c2c7216a71b759f642312675fa10e774763d9e510321fc361a,2026-07-23
CALDWELL,1021,CHEVROLET,MALIBU,2011,48,f65c1b5f81668f421933bb6ce0b2400ab1dda3eca2753e73766937d2ba873779,2026-07-23
CALDWELL,1021,CHEVROLET,MALIBU,2007,44,b47b3ec4bada231089e5a62f280af0ebea2700eddd7c2c7d64b935102170d657,2026-08-14
CALDWELL,1021,CHEVROLET,MALIBU,2012,44,1e92c05348066a8b8b22471985cfbbe560575c48e0fb4f7563d32994054fc8f4,2026-08-20
CALDWELL,1021,CHEVROLET,MALIBU,2012,44,1e92c05348066a8b8b22471985cfbbe560575c48e0fb4f7563d32994054fc8f4,2026-08-20
CALDWELL,1021,CHEVROLET,MALIBU,2012,45,9486e022faca1ddd47ce78c6cf0e53bc703d7dae946a676019e1c1ab4d697af1,2026-09-01
CALDWELL,1021,CHEVROLET,MALIBU MAXX,2007,50,a7e72b640ed9712125614711dadd9c9893b031103f605459eafced874bebfa7a,2026-06-03
CALDWELL,1021,CHEVROLET,MONTE CARLO,2006,51,2abb07a9ca11dd50f4b2fc62b3e547647308d28f54929e214120f13137cf3b11,2026-05-03
CALDWELL,1021,CHEVROLET,MONTE CARLO,2000,44,0a4ea3a083824b2f3abc1f78baf4d1c1ec9b624c07da779ad0fb413da3515a19,2026-08-14
CALDWELL,1021,CHEVROLET,MONTE CARLO,2006,45,05a6fad4e41576ea2aa30b1eda3fec7020b9bb52d855be16eda1f7f3def902b8,2026-09-02
CALDWELL,1021,CHEVROLET,S10,1999,11,b58db657570bd9c1470f505a40c409b83f3788d01ac4113db053c12778f3b3ed,2026-06-17
CALDWELL,1021,CHEVROLET,S10,2000,6,34c73c9874871d0b3a0c31738a3da575adc37586ccd7806965e5feec8a1bc054,2026-06-23
CALDWELL,1021,CHEVROLET,S10,1998,4,f71da37deb6b6d71eb6b0f4e459b93afbe03a969aa8276e120b4d509c732f13b,2026-08-19
CALDWELL,1021,CHEVROLET,S10,1998,10,a5e539fb805aa81594719fdae08f65700f580a1ac4119b0519a0cc0ff6d7789d,2026-07-04
CALDWELL,1021,CHEVROLET,S10,1995,8,cc75151e5c75879926e21df73f1fbcc331f869e9e4a7456314c24ade0e768204,2026-07-17
CALDWELL,1021,CHEVROLET,S10,1998,12,3c1fcf991b3808f775382a1e124747706af58d71e15a9092a3005f5bcbf47108,2026-08-11
CALDWELL,1021,CHEVROLET,S10,1995,12,aca71aaace1f2b8984623c3a0db621f80c91a2a94c4b5b5d859601a223fe6b04,2026-07-22
CALDWELL,1021,CHEVROLET,S10,1998,1,9487b39796baa4495ab17ad2dc50ac1e418f1bbd8bff1a2989237bb9f314b591,2026-07-30
CALDWELL,1021,CHEVROLET,S10,1991,7,b5b5acba51ce2f599e9e475a8c11a46bbfddfaf2df4233ccec48adfed197eb48,2026-08-19
CALDWELL,1021,CHEVROLET,S10,1995,2,445023cdff93cec7239a0f5ad06ca5328a789ed0b3331a07ec12a19c7691c3e2,2026-09-02
CALDWELL,1021,CHEVROLET,S10,2000,5,7a4c2c97e2ad71a3a85b3aff7a40662eb36181820b08b17353a8b016ed6e8270,2026-09-09
CALDWELL,1021,CHEVROLET,SILVERADO 1500,2002,1,aab13fce0c1714e2213600b8d86a72c993b70c449056940bfc98054d15743302,2026-07-29
CALDWELL,1021,CHEVROLET,SILVERADO 1500,1999,12,537f418c27df0f40f66960d74cbf1e7f29e47cf3dba775e3e52ee9add4004bea,2026-07-22
CALDWELL,1021,CHEVROLET,SILVERADO 1500,1999,7,162eb1105ee8079d5f5984b66739c4a8c2fb6adf910bfc4b56b15dd5f7dcd1c0,2026-09-08
CALDWELL,1021,CHEVROLET,SILVERADO 2500,2004,6,96aa435bc4c9e7cee5270f1d890eb4dd78a6a111c36d261088d9a0c0250f53cf,2026-06-30
CALDWELL,1021,CHEVROLET,SILVERADO 2500,2000,4,cb4cbf2ad8609cc34af7f6982cbd7c6645dcdbb6f6ca45a53b510f0258771c5f,2026-08-06
CALDWELL,1021,CHEVROLET,SILVERADO 2500,2005,12,a6e57997d3b77ad8b1f4574818be3cf86e9c8349c783857494c16ab263bf8a3e,2026-08-11
CALDWELL,1021,CHEVROLET,SONIC,2015,51,82e5d59303c0dbf568d018f0ce73446b45485de6ed98b3473d82fa892574c2c7,2026-05-03
CALDWELL,1021,CHEVROLET,SONIC,2013,48,82a4539980638fde12d1bdf80f6f9849a18851d7cad003b72b7f4d2fd148cedd,2026-07-16
CALDWELL,1021,CHEVROLET,SONIC,2014,44,6f93389bd84795187f7228983034053f2168a303628533a3d1074d88caa18bab,2026-08-14
CALDWELL,1021,CHEVROLET,SUBURBAN,2006,9,43b0f00682e18dd12978b275f4778bc4469353639603faab4e05edd5be830651,2026-05-28
CALDWELL,1021,CHEVROLET,SUBURBAN,1994,1,8e8552416bca020d0099e6830a73c912bfe0511531d7313f8d2d2dd79a4d8879,2026-08-01
CALDWELL,1021,CHEVROLET,SUBURBAN,2002,7,fc26d18d17d94b69c1161abbdc07ca55f31a86d6f3ded38096d9865346ffc257,2026-08-13
CALDWELL,1021,CHEVROLET,SUBURBAN,1998,7,f4a81a0b14612dea83d490d809fc15693e6a59910e84df20c42787e2131f979a,2026-08-13
CALDWELL,1021,CHEVROLET,SUBURBAN,2000,7,c9b24a83eb5f91c5a87e043a3522187c4b7fc182fd815d998690fa3ac628bd71,2026-08-13
CALDWELL,1021,CHEVROLET,SUBURBAN,2002,5,0f53f72a858f3b26208349c4455d8a8da15ee638a78b2a53eb5af2030fb3ba22,2026-09-09
CALDWELL,1021,CHEVROLET,TAHOE,2008,11,9dd3fdd4fbba109074613f70cf1b1599bdef1871f25fd57b199ea12e17cf2d60,2026-06-16
CALDWELL,1021,CHEVROLET,TAHOE,1998,6,af705e356c3e02fae5a0034ed081e875db4fe839fdb6e0baeeb46a54556ee0b7,2026-06-23
CALDWELL,1021,CHEVROLET,TAHOE,2000,10,2d095f7f72888539e5deab6cdd5629bdb9838845e311efc48dd530ee5ff642a3,2026-07-04
CALDWELL,1021,CHEVROLET,TAHOE,1997,10,c977df3553e7a646a7a3574aeddfebbd1bc30e04a40d8be46cfee99f045dbf7f,2026-07-02
CALDWELL,1021,CHEVROLET,TRACKER,1998,28,cd99ad180a7a351387aab204b67a5d256f572f6eae1eebbf064669bbb2755d88,2026-08-06
CALDWELL,1021,CHEVROLET,TRAILBLAZER,2005,9,59a43a0f383b8949f1deabd80a08ae46d796ea107c449f40c25518efa1573c27,2026-05-28
CALDWELL,1021,CHEVROLET,TRAILBLAZER,2006,3,5cea278350a2f704cf45c8a89cd9694c19465c351a172338adbf2bc412d17037,2026-06-14
CALDWELL,1021,CHEVROLET,TRAILBLAZER,2004,11,11db404368754f24b4616f7740001b7f941ce9aadddd1e4ae251c6c2b58c5089,2026-06-17
CALDWELL,1021,CHEVROLET,TRAILBLAZER,2002,10,5360978376d82993dfbc687dbaeb2690615ade9b356babf75d462eb46c18588b,2026-07-09
CALDWELL,1021,CHEVROLET,TRAILBLAZER,2006,12,4ae9e7afdd76afafc777b24dd2814d550abe6d7bde75a86d39cfca675202c213,2026-07-22
CALDWELL,1021,CHEVROLET,TRAILBLAZER,2006,12,4ae9e7afdd76afafc777b24dd2814d550abe6d7bde75a86d39cfca675202c213,2026-07-22
CALDWELL,1021,CHEVROLET,TRAILBLAZER,2005,5,fd19edc1437a5f79ba4f1d55d8e52c28b5bf2ed5e34174caf61b0626cff8495c,2026-09-08
CALDWELL,1021,CHEVROLET,TRAILBLAZER,2002,2,953666ed577afbc64498ccbce476596ac6c14ccc06afabd12692061e7dd63f6b,2026-08-27
CALDWELL,1021,CHEVROLET,TRAILBLAZER,2002,2,953666ed577afbc64498ccbce476596ac6c14ccc06afabd12692061e7dd63f6b,2026-08-27
CALDWELL,1021,CHEVROLET,TRAILBLAZER EXT,2004,5,cc1bb429bf05a5ac025dcd1f0a32680148747d5a1ac729e635460399f80a4b99,2026-09-08
CALDWELL,1021,CHEVROLET,TRAVERSE,2009,6,68b55d57e35b3c5fd838b131a4a871f9eb3b9f42bfde0c3fb431a8dc47a25aa4,2026-06-23
CALDWELL,1021,CHEVROLET,TRAVERSE,2010,6,145ae86ea4c8c910baf2bb93585ba44a8e0e94b65024e9bd014e17c80334a3ba,2026-06-28
CALDWELL,1021,CHEVROLET,TRAVERSE,2013,8,b3f4d5d9cb9b8c44e3b1198d47bae422925f358194e8c8dc0fa2d13c161edf23,2026-07-17
CALDWELL,1021,CHEVROLET,TRAVERSE,2009,12,d9685030e34476b0da9a059c2a05361b9c371fd907b0560f0583237f26fed99d,2026-07-16
CALDWELL,1021,CHEVROLET,TRAVERSE,2009,1,f47a3533a5296ca6f932a3c0f22aeafd06f69c6f300193033c3b15b3fee06675,2026-08-05
CALDWELL,1021,CHEVROLET,UPLANDER,2007,6,caab27516e05b446767fa652568c775b0cc61f458ade0cd53e05e5808f4ef90f,2026-06-23
CALDWELL,1021,CHEVROLET,UPLANDER,2008,10,bd3453bf04c00627fe4418fc528eefa0fa9216dd2e3663d8294f9dbb4f98304d,2026-07-02
CALDWELL,1021,CHRYSLER,200,2012,59,413448d3ef7e95983635b2a34f0c93279241af9cdff92cb5d4c88b03eeab83fa,2026-06-26
CALDWELL,1021,CHRYSLER,200,2013,58,8cf0aa1a6bf3020703e8aa60c3837328ab615b1d6fbc80c09fca146d59f6fe4b,2026-02-12
CALDWELL,1021,CHRYSLER,200,2012,58,badb3cec549134958c06a9df0b915644fdb69dad0a62ca6c9ff1ca3322d6bd15,2026-08-21
CALDWELL,1021,CHRYSLER,300,2009,59,b501e1ac548447cc12a6976eb66d58fffceeb38a55536cee847a77ff5e821ea1,2026-06-06
CALDWELL,1021,CHRYSLER,300,2008,59,0d39bfc6b46dd66544d67714928b1343a7b346b0db298eac429cc637256c5e22,2026-08-20
CALDWELL,1021,CHRYSLER,300,2006,60,6c80ab87f19b457f9f77148b256c958e073b54a076a8df096bb8f9af5f0e65cf,2026-07-09
CALDWELL,1021,CHRYSLER,300,2006,58,3047fe7229f510c9df41f804963c436257d6cce96c2cb6eb56a519aed06d2d87,2026-08-11
CALDWELL,1021,CHRYSLER,300,2010,58,efe18717cf5334556a4b3ff6345678291baab5b2d973d7e2c5992e4c7b4fff89,2026-09-09
CALDWELL,1021,CHRYSLER,300C,2006,60,d07841bb9168e0ee11480c0826622db32566d0d28cefc0fe951089992991c432,2026-07-19
CALDWELL,1021,CHRYSLER,CIRRUS,1996,60,b56411379fbff4fae1e5d4f37bb6812330baa252ab9ef7dbe7194d761a533407,2026-06-30
CALDWELL,1021,CHRYSLER,CONCORDE,2000,60,531c9df3a1bc0f732abec118703d9d6222ebadc2371d3bb2ab2e2659474cfbf9,2026-07-02
CALDWELL,1021,CHRYSLER,CONCORDE,2002,61,926c56eed5506ed5ff8df1ebd2ba0cbe8c31edd7d1e3c829bc5cf0cf41582999,2026-07-29
CALDWELL,1021,CHRYSLER,GRAND VOYAGER,2000,24,72d130df7a6d1cdb26d095bcb22fbdce7b2d92c5430ce9e5b69d138693826f3a,2026-08-14
CALDWELL,1021,CHRYSLER,PACIFICA,2004,26,fed661b01b4780cc67722157a77cd818d6036af009a2d1ecad210fcee6b29eda,2026-09-04
CALDWELL,1021,CHRYSLER,PT CRUISER,2001,61,e3c697313220b4c0e67024dae81ecf77c246b29cbda98a58f8fb8378d657d01a,2026-05-03
CALDWELL,1021,CHRYSLER,PT CRUISER,2006,61,de7ac06104aa8ac24fbb652204a4c51944428abfc4a2026da27c40e3697d6624,2026-05-03
CALDWELL,1021,CHRYSLER,PT CRUISER,2008,59,98359ce4ef26ebfb7e61eb0621a7158f824d0b1fe639dfa1c707303fa81cc802,2026-05-28
CALDWELL,1021,CHRYSLER,PT CRUISER,2005,59,b324d85fcb028f65d3145d55ee06cccee91364bb8f087262a4b24e7868349c2b,2026-05-28
CALDWELL,1021,CHRYSLER,PT CRUISER,2005,59,b324d85fcb028f65d3145d55ee06cccee91364bb8f087262a4b24e7868349c2b,2026-05-28
CALDWELL,1021,CHRYSLER,PT CRUISER,2005,59,b324d85fcb028f65d3145d55ee06cccee91364bb8f087262a4b24e7868349c2b,2026-05-28
CALDWELL,1021,CHRYSLER,PT CRUISER,2009,59,3509644e140a792f8515f885fe7e677d205b3392453e93a888d7c3685f9d6e79,2026-06-17
CALDWELL,1021,CHRYSLER,PT CRUISER,2001,60,92a027ef7bd69bb3138a648fc042922d2cadd6ba38eaec084082e1a3b15c7a4e,2026-06-28
CALDWELL,1021,CHRYSLER,PT CRUISER,2005,60,1e729b20bba08a4cafd919cc295087cd2161101c576efdfb5620e9430a0b4dec,2026-03-29
CALDWELL,1021,CHRYSLER,PT CRUISER,2006,60,8d932b73f29121cba467cb37f0311e666532cb93d56f36c7adcbc8f97edeee0c,2026-07-15
CALDWELL,1021,CHRYSLER,PT CRUISER,2009,60,b1825394130c30a6a19cfad2776e9fd1b8eb11a9b36003770658bca61d965d20,2026-07-29
CALDWELL,1021,CHRYSLER,PT CRUISER,2008,60,68dd85b26f7d380373b4377578ebf38e9ba17d2aae350753739f8cab39a9b82f,2026-07-29
CALDWELL,1021,CHRYSLER,PT CRUISER,2002,58,1bc1334e6d452fc1f493a6f9b0f02f847daa0809fec576ff9ac2a7caa6ffeefb,2026-08-20
CALDWELL,1021,CHRYSLER,SEBRING,2008,61,e3921ad3392efae0389b5c832df5bbb3731d0268f8b872b02eecbef0a9c7966b,2026-05-16
CALDWELL,1021,CHRYSLER,SEBRING,2005,61,7cd196116c84c0bfb88c9fea3f115ead9ddb350d83064f330ffaf1d314472022,2026-05-03
CALDWELL,1021,CHRYSLER,SEBRING,1992,59,7e6a00f1ce53ae19d9834f8e6467fe380b66fffd9200582cfc5f7068e93dc5cd,2026-05-28
CALDWELL,1021,CHRYSLER,SEBRING,2001,59,8086a1c59ec078cb3dee66ce3811549e2ffc19638c781596b7c930326dc4c3b0,2026-06-14
CALDWELL,1021,CHRYSLER,SEBRING,2005,60,341c8de5418c751847ab43254153ce775d9371a7cb238713c26300b9d44b3c8b,2026-07-29
CALDWELL,1021,CHRYSLER,SEBRING,2008,60,a3dc1f78cc96507ae3d613bca63d0e8e76f5952ae4e487f16b2b83a73517b02e,2026-07-23
CALDWELL,1021,CHRYSLER,SEBRING,2005,59,54c81c4206c983fa2b8aee13528eb6ae87130d2ea8f3bcaabc6449224da4ea6e,2026-07-30
CALDWELL,1021,CHRYSLER,SEBRING,2007,58,21bc680187968dc86372e767bc923d0e14c6ad271d135659d18d2af2f00ce212,2026-09-05
CALDWELL,1021,CHRYSLER,TOWN & COUNTRY,2006,24,1ededbf33e391485bf4d4fdca62b8aa5af9795e8986a6a7bfe6e4e52f1aca485,2026-05-30
CALDWELL,1021,CHRYSLER,TOWN & COUNTRY,1998,23,675c5965b99a85114099ee35763313e4cf9befa47564f9e793916fec97a68189,2026-08-02
CALDWELL,1021,CHRYSLER,TOWN & COUNTRY,2015,23,ae7f5ab751af5ee734f385ea73833066eda6522eec91aee84fc7f3834757c3b6,2026-08-04
CALDWELL,1021,CHRYSLER,TOWN & COUNTRY,2001,24,ce28a7498c6c678bbf76c2924d3544f79d7d7d4f6179af6e159c87f7ce9b075c,2026-08-06
CALDWELL,1021,CHRYSLER,TOWN & COUNTRY,2010,23,e1df53ba1e4c0012aba615f1de796bf982612f2ac719b0052b0e7f834ae80c29,2026-08-05
CALDWELL,1021,CHRYSLER,TOWN & COUNTRY,2008,24,c6cc1b5a1b21c516fec07d47db430959c035628667326f12d298370ee49dd779,2026-08-06
CALDWELL,1021,CHRYSLER,TOWN & COUNTRY,2000,28,c0cc8cbc919ca90e953cb3e3895136e8c334ac0e2f0e8a5616054e7a8575be0e,2026-08-30
CALDWELL,1021,DATSUN,720,1981,30,eeeec79d429021e6e797dc8090fd2a2d30d31b595ff1716fb4768aa39e4ae4e9,2026-09-10
CALDWELL,1021,DODGE,AVENGER,2009,61,6d0ae1f73f3707aca318b36f91f6ceb64a1062fcb26ad2e05a64cc0f77a9ef44,2026-05-08
CALDWELL,1021,DODGE,AVENGER,2013,59,24485deb3cb5dca5b5dda1329eda5465b0118c5c3f451537695da386febf2932,2026-06-05
CALDWELL,1021,DODGE,AVENGER,2010,60,93564150fc945c20ffb0cf0d4b1796607dd447efd2edcdaada460f06a9be9a35,2026-07-09
CALDWELL,1021,DODGE,AVENGER,2008,60,13119b31007a1014e9fb271f4ac029b31a82da88f4e6a42b78c725769a0b9dff,2026-07-22
CALDWELL,1021,DODGE,AVENGER,2014,58,49a2a4f2556df9d5dc3f813004bd1bb0e4b71383bf7d90ff2b0ee89d03c84de0,2026-08-14
CALDWELL,1021,DODGE,AVENGER,2008,58,fa9a91a17f67b25767f4ad3d200ead5cfe336f13888e132727667d62a8e3e433,2026-09-09
CALDWELL,1021,DODGE,AVENGER,2012,58,4fb2e5cae9e8952da30745735f8cc37330e5d0367bc5f8658421e39b553280a7,2026-02-12
CALDWELL,1021,DODGE,AVENGER,2009,58,4689427d19588691d1fad055cc22b6728b225f40c40f0ef99276b8718cb487fe,2026-09-09
CALDWELL,1021,DODGE,CALIBER,2007,61,e29056596a56acfa67abcfb5477051d386026cd156a93810d4343d136556b840,2026-05-16
CALDWELL,1021,DODGE,CALIBER,2008,61,e76f81b4cbc3f13696ec3c06b0102bcf7ac81a5191069681ab59cb494b77c6c4,2026-05-15
CALDWELL,1021,DODGE,CALIBER,2009,60,ef12dbae0b25fb0e101487cfb0759dfbaf0c63b98f2b5322dd78c105e0a2a7ca,2026-06-30
CALDWELL,1021,DODGE,CALIBER,2008,59,48e5b44250de10a74321463fad646daeeb7337b154df311bb20c1cd3efe3cb93,2026-06-17
CALDWELL,1021,DODGE,CALIBER,2007,59,cd2d4446dee4cfbc641052337f32302ba8170c94552c2004723bb81d38c1bd56,2026-06-27
CALDWELL,1021,DODGE,CALIBER,2008,58,ede3e1db5531c1d08c1c248548824880ffcd8c3af009daf914bcf14729bde2a2,2026-02-12
CALDWELL,1021,DODGE,CARAVAN,1995,27,a1aefefeca28122dfdf235e792aef892520de6889585c103bb503a481191dd61,2026-07-09
CALDWELL,1021,DODGE,CARAVAN,2005,27,46a8860227b1962727226ee52ddce64237a72d172a4536cf9bc7c6609c3c7219,2026-07-09
CALDWELL,1021,DODGE,CARAVAN,2006,24,37d7640572048b03870de591e9a6fc5c61b0e405c3b2972313422be9aaa0fb3d,2026-08-15
CALDWELL,1021,DODGE,CHARGER,2008,61,46f217b4508befcd6fe6d4d9c884f1b6554fc770edbf8314925131f098e76e6a,2026-05-03
CALDWELL,1021,DODGE,CHARGER,2006,61,18c185072a3bff9b2d751c2477b2892fcb6572d9a82c381a9c22de655c311e60,2026-05-15
CALDWELL,1021,DODGE,DAKOTA,1987,26,098ca53fc5d9057e526213a330cb87d374f8eb56cc5ff3e5e3e154e86df2431c,2026-08-23
CALDWELL,1021,DODGE,DAKOTA,1997,27,b1c39a50f634e7e3e88124534a4920c92d22f16c4d6470179443afa1eef5457e,2026-07-11
CALDWELL,1021,DODGE,DAKOTA,2005,27,308552398ab2985283df772ad82bd11a076fef7b80abcf160667d47e462244ce,2026-07-15
CALDWELL,1021,DODGE,DAKOTA,2001,24,9ffc81808d7d10bf430f7b9707a36af6664e51386880600c52547be1a9fe5f8c,2026-07-22
CALDWELL,1021,DODGE,DAKOTA,2000,24,796c6fe4174a527715302b6aba3a4a4a0a64466dad7a487aed46b0cc779b0d2f,2026-07-21
CALDWELL,1021,DODGE,DAKOTA,2001,23,6fe25693a9bf405b551e90a132dd289ea25b32c0c48ae26da2db1d3a4b8f46ea,2026-08-05
CALDWELL,1021,DODGE,DAKOTA,2002,24,238e6e7ff6fc2d2a5b6ad8d093ccfebaa60cfba7d7dcd04920aa3427aa290346,2026-08-11
CALDWELL,1021,DODGE,DAKOTA,1994,26,ccb3282ba52865445fadcc269cbc0cf9ac3fc03a0d684f2fabf51365aee80242,2026-08-23
CALDWELL,1021,DODGE,DART,2013,61,2c1140c1d4f09675fb7732009b1e59f7dbc5ebe5aaffb71271c7b459a6af23e1,2026-05-03
CALDWELL,1021,DODGE,DART,2015,61,598290735d363ebe07cbdcf6ab8be6df886ed62e6ed07d6856d7a4bafd342085,2026-05-07
CALDWELL,1021,DODGE,DART,2015,61,598290735d363ebe07cbdcf6ab8be6df886ed62e6ed07d6856d7a4bafd342085,2026-05-07
CALDWELL,1021,DODGE,DART,2013,61,2c1140c1d4f09675fb7732009b1e59f7dbc5ebe5aaffb71271c7b459a6af23e1,2026-05-03
CALDWELL,1021,DODGE,DART,2015,59,339a8872660c45d07f1b8bdea5f9f78b5c5baa67626baa1908beb7ef27a052c0,2026-06-11
CALDWELL,1021,DODGE,DART,1973,63,1240853927ce0ead0bd24f510e9958e167ddeab707fe00e4ad74bcb54d3af1c2,2026-07-24
CALDWELL,1021,DODGE,DART,2015,60,4a4795b6a4cdddddf3f4662740850fa8769f91c918125323e7ef59253b293601,2026-07-29
CALDWELL,1021,DODGE,DART,2013,58,1ff8c81573a574e1d18a4d7e27f6d3029d1ca47d084bee050e6e4e0bc19777a0,2026-02-12
CALDWELL,1021,DODGE,DAYTONA,1982,59,146d450b668992fe34c4fe976e04345d19cc3aaf479ded2c25ff969bd459dfdc,2026-08-01
CALDWELL,1021,DODGE,DURANGO,1999,26,79a952da33f34be52262d232993530e5f65dd7a48ff303a9ee0346ec38e71694,2026-08-23
CALDWELL,1021,DODGE,DURANGO,1999,27,1bd8687eb4265565b60be9b555cfca2bc16b5f5fd0a465640342fa978920082c,2026-07-07
CALDWELL,1021,DODGE,DURANGO,2000,27,5614df710138e346a9eea15bf699cd85bbd4ba4313764582f655379428505a48,2026-07-15
CALDWELL,1021,DODGE,DURANGO,2006,27,084878d2426579c0b28212f7fc447eddfad1fce83884adfad1efd97f7f76534c,2026-07-15
CALDWELL,1021,DODGE,DURANGO,2000,28,2edfe5017780f0f62adeba22abbded4aaeb23a393426632e89b8c338faf23df6,2026-08-04
CALDWELL,1021,DODGE,DURANGO,2001,24,f7702055debcc6fd5f39b9011f43fbfb1b333fc46c5aba3001659b6b63ec42b2,2026-08-06
CALDWELL,1021,DODGE,DURANGO,2005,24,8095738259c5ede98bda258a6f605747bfd268811de73a86884d89fc081a9c6b,2026-08-14
CALDWELL,1021,DODGE,DURANGO,2002,24,95baab06b876fffa3ed0360e928294b07b122fae0b6050e989b83cd6576923c4,2026-08-14
CALDWELL,1021,DODGE,DYNASTY,1993,59,5a8a5facda80dd277dbb3c08fbb7d928969d55dee72871789597808bb0f5e80b,2026-05-28
CALDWELL,1021,DODGE,GRAND CARAVAN,2000,26,18a692b9fa1c1f07d96a41bab5a66d0f330a6fe0d05a62488ccef1bfeff42816,2026-08-23
CALDWELL,1021,DODGE,GRAND CARAVAN,2005,26,cc6f9078c1ac0382058e1176920940ecc35db5f66b333026c591dee2007d7e6b,2026-08-23
CALDWELL,1021,DODGE,GRAND CARAVAN,2006,25,373258308886614f67735e1cf13c375fc567b56a400be69cea8d404ef1b8fbd1,2026-06-27
CALDWELL,1021,DODGE,GRAND CARAVAN,2008,25,db05026f9a6079282d8206f1171824c19bc0e5e145421955d78197e6cbe3b849,2026-06-30
CALDWELL,1021,DODGE,GRAND CARAVAN,2015,25,3cb78c0f33b312e291a507da2968c3e8327ed81c6fd6a0a00a4523a64675d35b,2026-07-02
CALDWELL,1021,DODGE,GRAND CARAVAN,2012,27,ff12f1d20649a74ed67b63653e90368ef31ef4ac80df064e6213330068e468a1,2026-07-09
CALDWELL,1021,DODGE,GRAND CARAVAN,2000,27,f9010e889656ae1787191054f106a1fa8bded2d0030b98eda9c72b32be3cb9f8,2026-07-16
CALDWELL,1021,DODGE,GRAND CARAVAN,2006,23,f0e65832dcd5f70b713adf81ce34f735cc263c54b108032c357c27c5498de229,2026-08-04
CALDWELL,1021,DODGE,GRAND CARAVAN,2003,24,8a2fd8e11a2fb8a7c55414629ac95a8b0c5ac392a533d7e87133fc79ceaaed0c,2026-07-21
CALDWELL,1021,DODGE,GRAND CARAVAN,2012,24,39ce6a6a33a3bb14a32eb49b28ed152de51e9e611aefba62bad4837c1a59726f,2026-08-07
CALDWELL,1021,DODGE,GRAND CARAVAN,2015,26,6f20cf7793b25c7b684158e9b5444ef413edd2795bba62996dbe03fb1cbab4f0,2026-08-23
CALDWELL,1021,DODGE,GRAND CARAVAN,2013,26,dc3de207029800e6909f1ceccc9c829885547caec4cce2a30c73476ee5b17192,2026-08-23
CALDWELL,1021,DODGE,GRAND CARAVAN,2004,26,7aa2aa9f9151c05a1a3e81839f97b532732f35a8e077b0919b23329f1c70b880,2026-08-23
CALDWELL,1021,DODGE,GRAND CARAVAN,2002,24,aec09748d946559bed95690c0a7039230b48bccdb955c5bf79c23b143956519a,2026-08-14
CALDWELL,1021,DODGE,GRAND CARAVAN,2002,26,41826e63d1503f66f8f8fd5888758b2e96b1f7b037adcea0e889d13cd127689e,2026-08-23
CALDWELL,1021,DODGE,GRAND CARAVAN,2009,26,b7ac24656d87e4bbd7aba0fad5dd7c607616bbaabf2bab6c5f907ccbc454c784,2026-09-05
CALDWELL,1021,DODGE,JOURNEY,2013,25,6b361b78be86e67ef76b8da72e2d03abd464f982c22691e6c0c06b5e9db00e47,2026-07-03
CALDWELL,1021,DODGE,JOURNEY,2014,26,11d65a5033eea80a95bbb39b082cb484a548a97555f01bd0a52888ece96459e4,2026-08-23
CALDWELL,1021,DODGE,JOURNEY,2014,26,11d65a5033eea80a95bbb39b082cb484a548a97555f01bd0a52888ece96459e4,2026-08-23
CALDWELL,1021,DODGE,JOURNEY,2013,28,930412817f535e2a674f5ac29adc8700068927273808cdb3c1093874e32832c3,2026-08-30
CALDWELL,1021,DODGE,JOURNEY,2010,26,477ebead970ca23691fe0c8c391710eeccea92395f294a2989ac834a5a5a3c77,2026-08-31
CALDWELL,1021,DODGE,NEON,2004,61,f4cd9c47d61bfb181f4980db08dfe568c3fc29c5dde7e93eb7cd0767e920fda3,2026-05-07
CALDWELL,1021,DODGE,NEON,2005,61,01d0187f7d8d0a6b00228adbc7906ac89d24ae00b6aeb2e0e4d967563064f3c4,2026-05-03
CALDWELL,1021,DODGE,NEON,2005,61,01d0187f7d8d0a6b00228adbc7906ac89d24ae00b6aeb2e0e4d967563064f3c4,2026-05-03
CALDWELL,1021,DODGE,NEON,2003,61,aad17469ad7cef8af4b3cac6f5ad6b203f5c2c791899514762400c7bbfb0aa2e,2026-05-12
CALDWELL,1021,DODGE,NEON,2000,59,c6fde98362f8b52e913dc7ede6bf74d002bcd2a05f3d335f863ede8124c90aa2,2026-06-14
CALDWELL,1021,DODGE,NEON,2005,60,a88c037e44ebde6b3ee941bb5fc207dfab015f9b0f015fb89c01d1f2991377bb,2026-07-16
CALDWELL,1021,DODGE,NEON,2005,59,6492b8feab6fe8fc6788fc19a3a31d2b9f897887d7d791d37ef45e83ef2141f1,2026-08-15
CALDWELL,1021,DODGE,NEON,2003,58,f86869f0341378d09c69fdd0c7c7b37fdefb401ee0d7c4006e971848217a774c,2026-09-05
CALDWELL,1021,DODGE,NITRO,2007,24,cbdee30db2930e286b3720b140a58f002d442918e1da6c5346546c17e33dd589,2026-07-29
CALDWELL,1021,DODGE,RAM,1978,27,32418577dbd14ab0e854235cc967eca5ae55e134f0e3fa0a7b1c0e65bf1d73b0,2026-07-11
CALDWELL,1021,DODGE,RAM 1500,2000,25,f26a6aa45185138b2beb9daee61448950bd8d96d4c89e92b430fcf294d59d5ed,2026-07-02
CALDWELL,1021,DODGE,RAM 1500,2008,27,6554b224cf1205135e80104ce53a25c956087203a735d6c46dc5bc9ab3522c17,2026-07-09
CALDWELL,1021,DODGE,RAM 1500,1997,26,dbacee9fb57962b778fd0a958bf1532d089e6c12bf0276eba6d2225ddbae19fa,2026-08-23
CALDWELL,1021,DODGE,RAM 1500,2011,27,fb03e51e537485349875bf47e2038fa9738de48dff5ddfb123b590a8288820b9,2026-07-09
CALDWELL,1021,DODGE,RAM 1500,2012,27,282ffac8bd35f8cc4024feada2f974448f65c2dd7aa332d73b495935c99201b6,2026-07-11
CALDWELL,1021,DODGE,RAM 1500,2004,27,41aa42756064bfac3e184f0d62c619ac3547e4ff674d0932b7b71691a486e253,2026-07-12
CALDWELL,1021,DODGE,RAM 1500,1998,24,840e3c8f3b8c5ed5d5f9af9fe70ad347214b43420374ffb285847fda43d5658b,2026-08-21
CALDWELL,1021,DODGE,RAM 1500,1998,23,517dd67dc942e3227312f103a2873743975acaa50a38fb6a90b02f343da274db,2026-08-01
CALDWELL,1021,DODGE,RAM 1500,2001,23,ec183cae0b1478ff6d9e8ddb7a628b417bb0e7255f76be6a85205cb901dddab3,2026-08-21
CALDWELL,1021,DODGE,RAM 1500,1999,24,7bad5b1fd9e9c2626979d7ee83aa4965ed06d62a9b4e58811729971352699dc4,2026-08-14
CALDWELL,1021,DODGE,RAM 1500,2003,24,ce7a35a83e32a68eca33378181a96a4b300fd08202be8ddb8b80b786c3c03147,2026-08-12
CALDWELL,1021,DODGE,RAM 1500,2004,26,fcd6dea6fc23ee37be7072739568f97ca746c66a95e329d4432cd38f8cb4ecb6,2026-09-02
CALDWELL,1021,DODGE,RAM 1500,2001,26,bfd4fee215c2e9f82c89a4f613cad62a15d163ddb178b4c23be668b6abe04d69,2026-09-02
CALDWELL,1021,DODGE,RAM 2500,1979,63,53549698b9a5d921b79aaa9936a6c5293d0455673b2ab310c44a9fc98fbc60e0,2026-02-14
CALDWELL,1021,DODGE,RAM 2500,2004,26,9190a1842a794a7f6ca76ee673e5a75c7609173b26ddc4ad8b7f74d036104794,2026-09-02
CALDWELL,1021,DODGE,RAM PICKUP,1997,26,c5f841f4e97a31a24734589409861193a144d503384872c702c7360f2a495138,2026-09-03
CALDWELL,1021,DODGE,RAM PICKUP,2002,26,5f88a44499173dd5cd43d4e009d7e8a9a93e6763e8691d8c26d1933e78a1f60b,2026-09-05
CALDWELL,1021,DODGE,RAM VAN,1989,25,833edfbef77f7c7abc36045397579d8e7a14c641f676fec714a7984c0bd67f3a,2026-07-04
CALDWELL,1021,DODGE,RAMPAGE,1984,63,5be775f232a78bc62c1be90e0694c7f59007c3ac0f5c925452fd819915e31d12,2026-02-14
CALDWELL,1021,DODGE,SPIRIT,1994,28,21aa774b29323dac816e00ca15b87b9f22f8fc6fe832f6dd95aa9c2b032ad13c,2026-06-03
CALDWELL,1021,DODGE,STRATUS,2005,61,3589eed93b2b1847cbc945bf700974dc3ba92b89c3fa820b7d715188a713ffd6,2026-05-03
CALDWELL,1021,DODGE,STRATUS,1998,60,024f049537e0db655de0c877c8ba10cf7174029de06fa341ba7891a2499ee819,2026-07-12
CALDWELL,1021,DODGE,STRATUS,2002,60,330ff187cb76808ee2829431c28e0c86ccff7366817adb0c63bf5f4bbe5b32a1,2026-07-16
CALDWELL,1021,DODGE,STRATUS,2003,58,4413f8e9d858ab7623b205905dcfb57f384c93f2f7d76f50d91ea042d6551daa,2026-09-05
CALDWELL,1021,DODGE,W250 PICKUP,1995,24,9c450aba058643c6cf17fc794bbdacf5e508e3bfdf64e5342bd4bf16e4b9375d,2026-07-16
CALDWELL,1021,FIAT,500,2013,36,8325d2ccda161718d241004bca0cedc38689607a6eaac39e36f87f3670b83f0a,2026-07-15
CALDWELL,1021,FIAT,500,2012,45,4da79c2fbca52ae4723047da2e310d72b623ad27daa5aa1fab941c6990e2d4b0,2026-08-30
CALDWELL,1021,FORD,AEROSTAR,1993,20,ae835ce09f72baa8abc8ab4129ca70d679b7a0d00982cdf54515792abc15aadd,2026-07-02
CALDWELL,1021,FORD,BRONCO,1991,16,5c1c5cecefea293b4005f815c80cbd629f927d4339f56fe86dc237fdd20dadeb,2026-08-27
CALDWELL,1021,FORD,BRONCO II,1990,18,03e394b937a347f7385d6f0bc8da807993ece69b7d47ae10c306ce5b1ad33367,2026-05-27
CALDWELL,1021,FORD,BRONCO II,1988,14,451c7e5d938e50c0e979d48c57a70a12a1afa05d08c187ddd041820e274c2e0a,2026-06-18
CALDWELL,1021,FORD,CONTOUR,1999,54,325203482a0d5c4e38a1964e92853bf0e8e0771243e3a22682b9b3189e22756e,2026-05-23
CALDWELL,1021,FORD,CROWN VICTORIA,1999,54,7d836510eb8521ba20f134037bad876ac284acd600cf2e79a52796e13bd15324,2026-05-28
CALDWELL,1021,FORD,CROWN VICTORIA,2003,56,5df19625bd7a66f126664c0826d8012101e92b0425363a7208b315a10bb53eac,2026-06-26
CALDWELL,1021,FORD,ECONOLINE,1975,14,6d219963a246d32ae01f8a355552d63077e341604281a9c25abacd5977c5b860,2026-06-17
CALDWELL,1021,FORD,ECONOLINE,2008,17,65587f506cb72c33951f2be14ab9df6037b1fc39bf8ce56df192d1b492f62200,2026-06-21
CALDWELL,1021,FORD,ECONOLINE,2004,20,9b0c7bd36e7dff1f06c9bed158cf55a60419478bf173aded254041e8ab075a85,2026-07-03
CALDWELL,1021,FORD,ECONOLINE,1997,21,00bfe62275d54c63290680a240abc82d048b4e6d1f23a2337e6b92e7d98e59e3,2026-09-04
CALDWELL,1021,FORD,ECONOLINE,1998,21,c3f9bea20ea1976092eba1751251acd9c325c8d1b06a9154e149227e78c33906,2026-07-22
CALDWELL,1021,FORD,ECONOLINE,1993,22,0c7119703b3c7b96d74160287fa1579e1b1db98ae6f219ea1fd8757c5eb06a25,2026-09-04
CALDWELL,1021,FORD,ECONOLINE,2004,18,d026a840d817ff2d1e27d10b95b2085059b8966183c64cf600e6eb4618348bda,2026-08-19
CALDWELL,1021,FORD,ECONOLINE,2006,22,1082a9f983d51992cb3e5cf69af44e89053af572e3c2461aee37db2ac69069bf,2026-09-04
CALDWELL,1021,FORD,EDGE,2007,18,6f0cf8e433d3622f6a2c5406f71c213906d0bdd0dca78c9dee04bad304be51ca,2026-05-24
CALDWELL,1021,FORD,EDGE,2011,18,d639cf9762d2311241ba1ea475f480b51174c583de32848e96e51b0283bd16d8,2026-08-07
CALDWELL,1021,FORD,EDGE,2012,13,a17b4bc6855d5fe1d9e5fb6bdd2a9bf0a55ae9c1398527c9471dabd5a577b53c,2026-07-24
CALDWELL,1021,FORD,EDGE,2010,18,afae2831a3af83ef8ab350af97df8f94b9e13dc1e385901e224fb3afc34eb899,2026-08-07
CALDWELL,1021,FORD,EDGE,2009,15,0feccadb2559c6e71da2f347b69f0e418edf36f03c78399cd49984f4492f7b4f,2026-08-07
CALDWELL,1021,FORD,EDGE,2007,22,b2d8fcaf72d9384e574c2fdc927eef1f6c0bcd834c7cd24c60bb642fff78effd,2026-09-04
CALDWELL,1021,FORD,ESCAPE,2001,18,21eda7dc4bae1cc0c074d7ecd1509e40b1e8135933c52b5446f826e4fb2796ea,2026-05-24
CALDWELL,1021,FORD,ESCAPE,2003,14,e17b56f78d86fa849b14be430d3a409db6279105a13f3d4daa9cb7c5d37e64de,2026-06-18
CALDWELL,1021,FORD,ESCAPE,2013,18,895e1b8e520d81170879434a9eacf730f41dd8d4571ee6b879e0acc032ea2e5c,2026-05-30
CALDWELL,1021,FORD,ESCAPE,2018,18,97af0e53decb367422b4b1c71392526e6fa4891cd1110ea88143a958e9f59804,2026-08-07
CALDWELL,1021,FORD,ESCAPE,2008,18,e8f29b5e8b9126d731e94c175e34c568c2bb9cb82e89c65b43f612455030c6cf,2026-05-30
CALDWELL,1021,FORD,ESCAPE,2010,19,093449dab0e02fba3c8e983b044fa53e544463fd01d6ec2d73003216b0d5d168,2026-09-04
CALDWELL,1021,FORD,ESCAPE,2015,19,1fb9e50f9cc1f787d0e287299ab61c246eb15472855c15da4fa5095b847befec,2026-07-09
CALDWELL,1021,FORD,ESCAPE,2006,20,14f0ccc3b55980b97f6c37f095de4f05bb2390e4cbcf10ee27d0d3a51959b226,2026-06-28
CALDWELL,1021,FORD,ESCAPE,2005,20,6204f36996f54d65e387a98d8f4c4457889041ebf76d26de3d4f83d058343443,2026-07-04
CALDWELL,1021,FORD,ESCAPE,2006,17,3d7d154b099608145132bb83bdabe2b6b8337743482246b58056d61b3e78e544,2026-06-27
CALDWELL,1021,FORD,ESCAPE,2006,20,14f0ccc3b55980b97f6c37f095de4f05bb2390e4cbcf10ee27d0d3a51959b226,2026-06-28
CALDWELL,1021,FORD,ESCAPE,2008,20,52513bb2d9ddc21197ecedc2e07b5d40bbca82ef90c1eb36598bf6e3df2c6a9b,2026-07-09
CALDWELL,1021,FORD,ESCAPE,2006,18,5d52c8db3779b803b81b843b0573db7501ae30c66c34994ad7c9c917ad6b6b8e,2026-08-08
CALDWELL,1021,FORD,ESCAPE,2011,15,685dedfd57730f4a89397066b28ce880ac702e61ba878f4c53fba97e7d2117eb,2026-08-01
CALDWELL,1021,FORD,ESCAPE HYBRID,2007,15,c5e64ef45dfcc130459a61d09d2f5fdd2156cecf6e4ba8fcad35822c0cfc3195,2026-07-30
CALDWELL,1021,FORD,ESCORT,1995,52,2053447e8a79ab3e156239d1c07c39c364cd611fbb8881cbcb4037a3e9f9c197,2026-08-30
CALDWELL,1021,FORD,ESCORT,2001,52,2a1a51ff04243002a31f5722653ac16d49ede56b02841bb2fcf480d9c7b50646,2026-08-30
CALDWELL,1021,FORD,ESCORT,1999,53,f6362d5fc5d24bdb013f80819a4e5f4ad7c1430ddc6dadd8ef969e0fbeeaad9e,2026-09-09
CALDWELL,1021,FORD,EXPEDITION,2001,18,bcb5cb46f563b448203d99c86ff08ed1ef4e301ca00f0e9761145e59dfa082de,2026-05-30
CALDWELL,1021,FORD,EXPEDITION,1997,14,b64dc8e9581e2f259e0614ca209499d925f1510d5a16b43185fa907ab7b63b13,2026-06-19
CALDWELL,1021,FORD,EXPEDITION,1998,17,bf46f57ba2eeb9ff4ec5e79ef296a538f17e6bbfe4c563fead089c8733a74238,2026-06-21
CALDWELL,1021,FORD,EXPEDITION,1999,17,2d6953f23937cc675ad12c0355e92f4c644c2b6e72c8d37ed4742ac7fafd720d,2026-06-27
CALDWELL,1021,FORD,EXPEDITION,2003,19,4e14dcf9733b0495f3aa6820765b6adc6ea7ba3711118780de60926e3b6c8fe8,2026-09-04
CALDWELL,1021,FORD,EXPEDITION,2005,19,abd617435559bc253404d6e7dcb3f6fe76177f1c0cfec82c8c11e571e44c87f3,2026-09-04
CALDWELL,1021,FORD,EXPEDITION,2000,21,42ecc66fcc6839ee1a8b0dc91c72328227ca0b34816e8453541460df97adae1b,2026-09-04
CALDWELL,1021,FORD,EXPEDITION,1999,21,ec2fe49b277555f26f097de6632fcc42ac2bf05956229167171206cd8a137ad7,2026-07-18
CALDWELL,1021,FORD,EXPEDITION,2003,13,b94d78c31b33ec7a15177e4913cff4ea2dd06a8249641b261bb22198a5ca415e,2026-07-25
CALDWELL,1021,FORD,EXPEDITION,2000,18,06f86944d99e08eafc95d1680d205f9a0a45e2e6d65cf8e7a32f52ce381cfe37,2026-08-19
CALDWELL,1021,FORD,EXPEDITION,2003,22,96fd1fc38a018a2a234a4dd45858fee336e05937ea26e3a3b1aead6610f6d8c6,2026-09-08
CALDWELL,1021,FORD,EXPEDITION,2004,22,6b1b3ad2725d36f0166ebec227d8be18060a23a3d1038169e2ad2f3eb586258e,2026-09-08
CALDWELL,1021,FORD,EXPLORER,2002,22,81357a2f6bd529269b698b403493a161604f23481b5d0e6b18b019b33180e73a,2026-09-08
CALDWELL,1021,FORD,EXPLORER,1999,18,d5ec79e04ce32dfe04d38680ed6aada34e7104f5fd4db615509a6795abfbf0ea,2026-05-27
CALDWELL,1021,FORD,EXPLORER,1997,14,8e4c022406916c34e8e92ee294c7ca2982fcf438682d73bf5230d6763559f9f5,2026-06-21
CALDWELL,1021,FORD,EXPLORER,2007,17,14d8cd7e73759d7a39260621fa1bc8ffc0304bd5e706eb70d3b24c12867c54f8,2026-06-21
CALDWELL,1021,FORD,EXPLORER,2004,20,015817c4cdc3b1909e9f97d959015006ae9635798c1c277da5dd8469738b0399,2026-06-28
CALDWELL,1021,FORD,EXPLORER,1993,17,bc588795513704d04aa4be254db012549cae8e97fa6c7093f60dbffcad0592f1,2026-06-27
CALDWELL,1021,FORD,EXPLORER,1997,20,5190029abbb39440116c94ae59a96f834c0ac8ff4197156a99bf4537e149e3aa,2026-07-02
CALDWELL,1021,FORD,EXPLORER,1999,21,811fd9c63738fc7215c7e2fad6b7aa3d040fac4cc5e07629ffffc483702f112a,2026-09-04
CALDWELL,1021,FORD,EXPLORER,2002,13,cff252e0043a074fb4d545f3011fde80e768d29a849f1038c3c7ca3808309c33,2026-07-22
CALDWELL,1021,FORD,EXPLORER,1997,18,153095302141552370051d881d99619d58da9dc121d3ffad3f991ee15159104e,2026-08-08
CALDWELL,1021,FORD,EXPLORER,1998,18,352b66fc38926fb07c82110268e3bf50c73990ac8ca14b32e6b8071f06742898,2026-08-19
CALDWELL,1021,FORD,EXPLORER,2000,16,8c35c453c52af939712c4f8eb65b7d1143df39e7e84d6f655ff44d85c87e30e8,2026-08-30
CALDWELL,1021,FORD,EXPLORER,2005,16,e3970813c2c94e8b37eff3e771a625d323b8357cddd9a79e8f75e1ae3bebf345,2026-08-20
CALDWELL,1021,FORD,EXPLORER,2005,16,e3970813c2c94e8b37eff3e771a625d323b8357cddd9a79e8f75e1ae3bebf345,2026-08-20
CALDWELL,1021,FORD,EXPLORER,1992,16,39b9156ae191c3d53974e08ef02a837ad3f83011284d315dae8a68046eb59748,2026-08-28
CALDWELL,1021,FORD,EXPLORER,1996,22,daa9ffb92c2454635d6dfdf4c5026245033f10db17a830e5f25906745ba41b8c,2026-09-08
CALDWELL,1021,FORD,EXPLORER,2002,22,81357a2f6bd529269b698b403493a161604f23481b5d0e6b18b019b33180e73a,2026-09-08
CALDWELL,1021,FORD,EXPLORER SPORT,2001,14,7d33e18312bd139d690cda48c8ac6241b1c9fcb9c6143f60abe77246b4ee5802,2026-06-18
CALDWELL,1021,FORD,EXPLORER SPORT TRAC,2001,17,51c3cbdb24d925f1831791bacdf41a86e88b71f300d3c91573cd9546cf3720c7,2026-06-28
CALDWELL,1021,FORD,F150,2005,18,efab071b3a6f6d1836a13c714891898445a0357e99352e849c2dc406bf4c9c16,2026-06-04
CALDWELL,1021,FORD,F150,2004,18,0fbe7241a4fc039446beb6eb1f4e4f991b1c55212b3dde5f0be704a68ac30efb,2026-05-30
CALDWELL,1021,FORD,F150,2005,14,03113149b185c087c970b193235baca2c35c0e7174031ea5b6171fbd8282662a,2026-06-17
CALDWELL,1021,FORD,F150,1998,14,b45eb55133555e7030b863080eef25f01910bef7d3da6958f50b3ff1213e9c42,2026-06-19
CALDWELL,1021,FORD,F150,1988,20,434a84e10bfbddc9f532bb7cb47d0946abdc079ea6622b14d340978f06c54e58,2026-07-03
CALDWELL,1021,FORD,F150,2007,20,0d9cb5b85bb985f8243297b9e3db6cfb61d4a297eafc66f8ffe791a2963c33ea,2026-06-30
CALDWELL,1021,FORD,F150,1997,21,3573260a5224fdac611b5d633b2d55c3702850334187502698e1f672f1a936ca,2026-07-22
CALDWELL,1021,FORD,F150,1992,19,b4175a681c80e9aa6c996563372447e2b1fde3c564dc1d74dcdcad30c999c34b,2026-07-09
CALDWELL,1021,FORD,F150,1998,13,87eac644e80e87cfbaaa11bba11c4e6ae2794a96be643acb9b703d96ccc17a22,2026-07-25
CALDWELL,1021,FORD,F150,1997,21,3573260a5224fdac611b5d633b2d55c3702850334187502698e1f672f1a936ca,2026-07-22
CALDWELL,1021,FORD,F150,1997,21,3573260a5224fdac611b5d633b2d55c3702850334187502698e1f672f1a936ca,2026-07-22
CALDWELL,1021,FORD,F150,1998,18,bdb5ef9beb5171f735fd85b2e950d52de5b3f841a4d3421f6f52c723a73158fd,2026-08-13
CALDWELL,1021,FORD,F150,2004,18,0fbe7241a4fc039446beb6eb1f4e4f991b1c55212b3dde5f0be704a68ac30efb,2026-05-30
CALDWELL,1021,FORD,F150,2007,16,56b7b1b11c9b20dc68102863ecd332f45b46c577b5941d6fb331351955a78294,2026-08-24
CALDWELL,1021,FORD,F150,1984,16,896ba24621b1b7b8d04e8ee258078e70b7b8b064c0629b1b651ca7fe0c192cd2,2026-08-31
CALDWELL,1021,FORD,F150,1995,16,d1afa07dec38492f9e511c78d45d723c5ccbccdb7d659df8b0b423e50f1552f6,2026-08-31
CALDWELL,1021,FORD,F150,1999,16,427267a4ea5b71f8768146b9a698cb85e5b6bdf0cb0d7a5d382a294a65903ad9,2026-08-31
CALDWELL,1021,FORD,F250,1990,14,904bbbe8722aa01a8bbd8a670261994b7ac21be5ec770e75fe42de57edeb88b9,2026-06-19
CALDWELL,1021,FORD,F250,2000,17,ed10f9b124e60c7f30cf6b7594a70125c3482c824dccee8377362452e15672f0,2026-06-28
CALDWELL,1021,FORD,F250,1975,63,bede1172d092c881a7d65085d71dd92e3d26c456e728621dad7acb78622c8278,2026-09-03
CALDWELL,1021,FORD,F350,1989,19,5bd4f2efec491b0ed312010852224bf3010a0e9d6075e172e74bb6ad36e22d95,2026-07-12
CALDWELL,1021,FORD,F350,1992,17,4ecd1b2fdce74677986c722fceda21a5314d382b97614dcf92eeaf3744136ba1,2026-06-28
CALDWELL,1021,FORD,F350,2006,19,410470956952797c9bbac2e27d0a31fc4c6208988186ed13516e481b42bfe1b1,2026-07-11
CALDWELL,1021,FORD,F350,2005,18,767ce8a906305d10c9e1bae14f6131e195731eebd0ea9a2b515c8ffbc21f03a9,2026-08-24
CALDWELL,1021,FORD,FIESTA,2018,52,23670d0dfe7deada9fa57708440eff6bd376456086a7f541145876607d33ca70,2026-08-30
CALDWELL,1021,FORD,FIESTA,2016,55,5ce62dc8d63346b2e24909cf7c997be076c14f3f0d5e4555a782705ec1f365d2,2026-04-23
CALDWELL,1021,FORD,FIESTA,2013,54,87bc04f2b7129adedad73033b05a23462d8af1666a5328e936dd402cf3aff8a1,2026-05-28
CALDWELL,1021,FORD,FIESTA,2011,52,58d402d13d415986737c533a1db5a4aecfc7550e3cd0eb24e4b00ca03ed74beb,2026-08-30
CALDWELL,1021,FORD,FIESTA,2016,52,0108470d965b635efa33fe2ea7658286d191d9bc353cfcc1e056c526591de8ba,2026-08-30
CALDWELL,1021,FORD,FIVE HUNDRED,2006,55,7c11e14f598dba2e811f54cc2332206873686dca816b1a2a3c49ddf80af81312,2026-04-30
CALDWELL,1021,FORD,FIVE HUNDRED,2007,55,9d4904ba658d4ecf798f25a4b2828de7340ba160598ee6d7cb10ad2bbee27099,2026-04-28
CALDWELL,1021,FORD,FIVE HUNDRED,2005,54,e77512d912f98c87d5d0fc5259562b59d16490425234a9320946bf9e0ef649fe,2026-05-08
CALDWELL,1021,FORD,FIVE HUNDRED,2005,57,f69e8af514258fa0f537ddf69d14230c3cb5ed59dde9e7b637cf9008b12ad942,2026-07-07
CALDWELL,1021,FORD,FLEX,2009,18,3fc72b8db30818ec6417f09aaad512cb0b17f8e5d3bb044b941ed009bb79746d,2026-08-07
CALDWELL,1021,FORD,FOCUS,2010,55,7a60486e4108b59544aba7203060c8fd52eb348ee70373b31bab8683b1d6ff05,2026-04-23
CALDWELL,1021,FORD,FOCUS,2008,55,3cc4fb7ca9c4d45c2560bb466b14a9cd8bafcbfdfadaceda4ee999127528ea2d,2026-04-28
CALDWELL,1021,FORD,FOCUS,2012,55,dc4c501029e69bae03019937f64e1648b8f91deb058166f30b331b8c869b1f7a,2026-04-23
CALDWELL,1021,FORD,FOCUS,2005,55,292cea2fcbdf27ea281838d571d64b103533a60ad709aafefc4de70a7ca97121,2026-04-28
CALDWELL,1021,FORD,FOCUS,2007,55,5bd6c228a990be47e23f5c9eba6c4e12f7a030a34b79db8e4213a0dbd0b871bf,2026-04-28
CALDWELL,1021,FORD,FOCUS,2015,55,c9d9078aba7d83576483b411071cad006086d91fee35014f7af6fdc7ef7468c4,2026-05-02
CALDWELL,1021,FORD,FOCUS,2010,54,9c00045c79a52d78ec26a402e26dad7bc4079eb540b2b6a21380c2a3e344c3c2,2026-05-05
CALDWELL,1021,FORD,FOCUS,2014,55,3a610fa0a39ea2a0cf198a2a5a3be57cae604add2be4e814a4da761bb5c18953,2026-05-05
CALDWELL,1021,FORD,FOCUS,2009,55,87c06ebec0f1911ce071ba4ba084462e3a31b16c235581230288d92c1279b8bd,2026-05-05
CALDWELL,1021,FORD,FOCUS,2007,54,70e8cc826fb00cf6dcb07c76a1c0a07589b5dfa51b1dcf1239ae992a92acfa84,2026-05-16
CALDWELL,1021,FORD,FOCUS,2014,54,0754324faa0e07ab7597eeb5c944e58866575c614d9cf68f601253e8627540dd,2026-05-16
CALDWELL,1021,FORD,FOCUS,2007,54,70e8cc826fb00cf6dcb07c76a1c0a07589b5dfa51b1dcf1239ae992a92acfa84,2026-05-16
CALDWELL,1021,FORD,FOCUS,2000,54,5653f52a8ed4df36aa8ff97cb8a801e6b612fbbdf11928422a387ab8fb150635,2026-08-20
CALDWELL,1021,FORD,FOCUS,2014,54,0754324faa0e07ab7597eeb5c944e58866575c614d9cf68f601253e8627540dd,2026-05-16
CALDWELL,1021,FORD,FOCUS,2012,54,3b3adf3e8067f9d3c134059eeee87f10941ff12571513ee27382da0930fd1aab,2026-06-05
CALDWELL,1021,FORD,FOCUS,2014,54,0754324faa0e07ab7597eeb5c944e58866575c614d9cf68f601253e8627540dd,2026-05-16
CALDWELL,1021,FORD,FOCUS,2014,56,24f6ce857d64bdd38959f348bdb85aa3ec47309875bb8ba6b3bff5311ab9e364,2026-06-14
CALDWELL,1021,FORD,FOCUS,2002,56,552149cafdd19071084aff9e7b28c6e8b2bd0181a131523cd6a82c675a251447,2026-01-28
CALDWELL,1021,FORD,FOCUS,2005,57,4e38eda5e6704056b500c9e4552f15895282983f5852a53a2e58a5e8d0c66395,2026-07-04
CALDWELL,1021,FORD,FOCUS,2009,56,ef382d6030a1e97afd3119e40c54353dfda98152208276d1b1a0add181b82b03,2026-08-20
CALDWELL,1021,FORD,FOCUS,2003,56,4c59fb16a28752ccab6c8427014e42e96c3e05abe334ceec88ca9fe11acffc99,2026-08-20
CALDWELL,1021,FORD,FOCUS,2013,56,9a5ae31ec6c64c9c7cd37b891c4ece8665510802d3dadfe3b5c1b1d96661aa70,2026-08-20
CALDWELL,1021,FORD,FOCUS,2011,56,1a731a9dd5d47c8f4f62b048c67a3dab8a64fe0fb78cda833d8c6c85665ac47e,2026-06-28
CALDWELL,1021,FORD,FOCUS,2005,56,caea55649ace84c8bcf9d97427abcae653baaff701100abbf68520e2d37b4456,2026-06-28
CALDWELL,1021,FORD,FOCUS,2008,56,cdd64705bc2938eb07cc7d836a9c7aff54b1d6d0fb3f903dba9e429521b69838,2026-07-04
CALDWELL,1021,FORD,FOCUS,2015,57,c09a00634a157d8de3f032483f54771e6dae9fe632030c8c57205f7bca1d86cf,2026-07-04
CALDWELL,1021,FORD,FOCUS,2014,56,24f6ce857d64bdd38959f348bdb85aa3ec47309875bb8ba6b3bff5311ab9e364,2026-06-14
CALDWELL,1021,FORD,FOCUS,2001,56,8cc1e3256d08c6e245497b3b002af57a052673a0f738d6d058e701766ccfcb1e,2026-07-04
CALDWELL,1021,FORD,FOCUS,2014,57,d0e940240b0395a1fd21c500dbd76fee8d57ce579f0984f5991c356b401822a9,2026-07-18
CALDWELL,1021,FORD,FOCUS,2015,57,c09a00634a157d8de3f032483f54771e6dae9fe632030c8c57205f7bca1d86cf,2026-07-04
CALDWELL,1021,FORD,FOCUS,2018,57,8edb7641b1f08a85d66f668301bb1cffc0c091d7a63c67fadfacf0bf0cf593e7,2026-07-29
CALDWELL,1021,FORD,FOCUS,2008,57,cc00ed80f2f2c5dd1b2ae5e84666da640ff6885582c2ecfa9e49de57bda23845,2026-07-18
CALDWELL,1021,FORD,FOCUS,2003,57,99b318269b3a09171ca56235ad584ae344dd4cd91a227e7b965577ccfbcd7f9b,2026-06-18
CALDWELL,1021,FORD,FOCUS,2011,57,c29b406caf9b1b856c45e88cd4e2e47df76c30c2307b2322b80eadcaacc45532,2026-07-22
CALDWELL,1021,FORD,FOCUS,2003,52,13eb35a719b9b927a896ba12610f567e49d11eecea673dd01f7ba3fca02af051,2026-08-30
CALDWELL,1021,FORD,FOCUS,2002,52,24526f32b70f906a3e663c91e764fbcc6061b524e11329b4877cb1d2f753d366,2026-08-30
CALDWELL,1021,FORD,FOCUS,2015,52,9a148ed51a1376ae6b4887c7e85198a464709c7b71179a3241db6be08c489e1e,2026-08-30
CALDWELL,1021,FORD,FOCUS,2008,52,ba268f3544c7f6a21c89922f9bc10ceed763d21c9677defb7732ac21e85956c0,2026-08-30
CALDWELL,1021,FORD,FOCUS,2013,52,962ff36b998596c0eff038a5189c7a9821bf8b2769b831393c9753991a842f95,2026-08-30
CALDWELL,1021,FORD,FOCUS,2013,52,962ff36b998596c0eff038a5189c7a9821bf8b2769b831393c9753991a842f95,2026-08-30
CALDWELL,1021,FORD,FOCUS,2005,53,809c260577fff5a66f301e8a2fe2b7a8ddf3197d3ece012a9cbdb80b22085b25,2026-09-05
CALDWELL,1021,FORD,FOCUS,2012,53,46bb445529a2ea4fc90d9ed28694b6e3befe5ac3ba994d3ba270c4aeb7fc4aaf,2026-09-09
CALDWELL,1021,FORD,FOCUS,2009,53,ccce33a82ba0ce805977864c6082db374586c63444a1ac9d2b36ab00dda7d2df,2026-09-09
CALDWELL,1021,FORD,FREESTAR,2004,15,c40a7f7e56a706b5f62a6948de5c969115ecc606a9cb7d093660499b035021d8,2026-08-07
CALDWELL,1021,FORD,FREESTYLE,2006,15,93f9f40d5e0ec2aaa5b81d122a3dedcedfc1abe2fe726327d256c937da10de18,2026-08-02
CALDWELL,1021,FORD,FUSION,2013,52,58ebcd5acf630af446538330b9b7430b9fb332265781a412d8b045116f01696a,2026-08-30
CALDWELL,1021,FORD,FUSION,2012,55,b8696d99e636bb67befe92f336f80e39d47125cddcf749618d4d5bf0c09f347c,2026-04-24
CALDWELL,1021,FORD,FUSION,2007,57,60d28fa30b31ced49aa87c016fa476d56747bc7ed65567a0974aa1e5ba0acb9a,2026-07-11
CALDWELL,1021,FORD,FUSION,2014,54,dac892a38413f2c2789b1b85f140e3fe8b89c235233b01dc0471b675ca04823c,2026-05-05
CALDWELL,1021,FORD,FUSION,2006,56,29ff6eea69d4407f183b8d56f88582e1b1d292c4a3ea5db763c538013d5760db,2026-02-05
CALDWELL,1021,FORD,FUSION,2011,52,be27331a7758f6f5885d03cd011089947b284fc0ac4b142da0956a22f705283c,2026-08-30
CALDWELL,1021,FORD,FUSION,2006,56,29ff6eea69d4407f183b8d56f88582e1b1d292c4a3ea5db763c538013d5760db,2026-02-05
CALDWELL,1021,FORD,FUSION,2010,54,607efddc6b7d04023c4ea4beace0bad383d44c437164ab396b115742bcd91493,2026-05-28
CALDWELL,1021,FORD,FUSION,2011,54,ebe37b3f6bcbf1c7709452c7eff67335a2a9d5fffd51b79842567c42c3dbdb78,2026-05-28
CALDWELL,1021,FORD,FUSION,2014,56,b3b48ac45b64da8d9137123cdd7c08a2ba274662841603d9aa31868e6d16d819,2026-06-18
CALDWELL,1021,FORD,FUSION,2008,56,a4db74e5ec6a0e7d8c27ceea5729824481c798e694df77cc67eb7484d9e96576,2026-06-26
CALDWELL,1021,FORD,FUSION,2008,56,a4db74e5ec6a0e7d8c27ceea5729824481c798e694df77cc67eb7484d9e96576,2026-06-26
CALDWELL,1021,FORD,FUSION,2006,56,29ff6eea69d4407f183b8d56f88582e1b1d292c4a3ea5db763c538013d5760db,2026-02-05
CALDWELL,1021,FORD,FUSION,2006,56,29ff6eea69d4407f183b8d56f88582e1b1d292c4a3ea5db763c538013d5760db,2026-02-05
CALDWELL,1021,FORD,FUSION,2012,57,cf496dadea18dcd84da2c533d4d90f188f19083d8d5eb2062bb87e8d5036776d,2026-07-15
CALDWELL,1021,FORD,FUSION,2009,57,c4e8c1e7256a1e29434bc8ee5d29661932e033c6a827cd6f1c418dd53f71faf5,2026-07-09
CALDWELL,1021,FORD,FUSION,2010,57,9bdca7d6cd8a657f1111b998bd668b0602d1db78fa658c5bb66f3b857d7333aa,2026-07-07
CALDWELL,1021,FORD,FUSION,2014,57,572b4a457810e7c6c40d36a018a5f6eae2d0b7200fff23dbd2c13ac3c755b0e3,2026-07-25
CALDWELL,1021,FORD,FUSION,2010,52,3140accf0b2efa3801a54aae9ba38af297124c084e28367c21d2fedf22cac81a,2026-08-30
CALDWELL,1021,FORD,FUSION,2006,52,f9d286671979b20cd7c74ce728f416193905e2887d6cbd3841641b96e11520d9,2026-08-30
CALDWELL,1021,FORD,FUSION,2008,52,0c2fb0dfd8fbcaf50a063e05f526e5865d1c6d3d260a48e2b4e74c236eb9b8a3,2026-08-30
CALDWELL,1021,FORD,FUSION,2006,52,f9d286671979b20cd7c74ce728f416193905e2887d6cbd3841641b96e11520d9,2026-08-30
CALDWELL,1021,FORD,FUSION,2012,52,66f9b7fd2ed95e71ec1af0802e6632fbe12a7020dce3d0bdbf5eb77698fd205e,2026-08-30
CALDWELL,1021,FORD,FUSION,2013,52,58ebcd5acf630af446538330b9b7430b9fb332265781a412d8b045116f01696a,2026-08-30
CALDWELL,1021,FORD,FUSION,2014,53,634dd67b2e0c0f0226a947d31d3de54a1f6269f979f883af4ddbc695cb789d58,2026-09-05
CALDWELL,1021,FORD,FUSION,2012,53,0c73546166e78c7d6ac903c647f52f34d76844c60ae300591f5d68d84abf4337,2026-09-10
CALDWELL,1021,FORD,FUSION HYBRID,2015,55,20a1d648e616d0009b7ffafe79f80bc95a57ccf55da49cc61e8c3ebd1e1efcf6,2026-04-25
CALDWELL,1021,FORD,FUSION HYBRID,2015,55,20a1d648e616d0009b7ffafe79f80bc95a57ccf55da49cc61e8c3ebd1e1efcf6,2026-04-25
CALDWELL,1021,FORD,FUSION HYBRID,2011,56,28b6e7da2b0857870072a0d86b43cc98fb1fa741116bf19264c3740746eacd11,2026-06-11
CALDWELL,1021,FORD,FUSION HYBRID,2013,56,d5b7ba7b59f56829ff32ea87d4ddc165656c8f2a2ae8faead95dee970895f056,2026-06-19
CALDWELL,1021,FORD,LTD,1977,63,3c128e8513afedf386c16146b93f70517bd48ef535a206bb204a08140f81017f,2026-07-25
CALDWELL,1021,FORD,MAVERICK,1974,63,e3685f159b01aa454b9609f2eaa61859caf1b38f2a49b9314d3584957d339058,2026-02-14
CALDWELL,1021,FORD,MUSTANG,1998,55,ae8944f9ee577d70f315efb605027815c810b5ba2c0243ab54f27ff69cd556cf,2026-04-25
CALDWELL,1021,FORD,MUSTANG,2008,55,6bfb98919b4816f4113575f828e44ead880e45edddfe87965137420ebff64ff3,2026-04-30
CALDWELL,1021,FORD,MUSTANG,2000,54,56b6c358192880f159bbdcf0c24c965cdde3e6cee40c9a404683e0f8a9fcc1c9,2026-06-06
CALDWELL,1021,FORD,MUSTANG,1996,52,eec02d6045f7330a960d9a740d73161590b0c6388564913b2eb8158f81b4bc31,2026-08-30
CALDWELL,1021,FORD,MUSTANG,1991,52,9da004de60a13cecf8f78efc9ff0f1265357792ec2c56bb9c9b086f22587ec54,2026-08-30
CALDWELL,1021,FORD,PROBE,1991,52,f3ed751342eeba3e1dd133238457890744741bc24d552de004d949eaf4e1f777,2026-08-30
CALDWELL,1021,FORD,RANGER,2001,18,fcd30f7e80e822a934178d36845cc4712fc8eefcf475115b82ed799ba98b2c65,2026-05-24
CALDWELL,1021,FORD,RANGER,1993,18,06b645a32c65c56029ba1b0b92d2f723fc5535703d623908d013df446f9ba87f,2026-07-30
CALDWELL,1021,FORD,RANGER,1993,14,b09d25bd76f65aec9afd416e4f28640298f032e44b8eb384a825580f515b9503,2026-06-17
CALDWELL,1021,FORD,RANGER,1996,20,affa7dae45fd0d07b2267fb440bfb35b60e8200ff9587d99eb99ed7c33dd3ac1,2026-07-04
CALDWELL,1021,FORD,RANGER,2004,19,c18f730ca9adbaf3804d1e187c24165c880b84c02061b735b8732f2ca253036f,2026-07-12
CALDWELL,1021,FORD,RANGER,1997,21,07f8040a5ac4188e3f2d5ce9d3c73a46e8d928a5c1d4d8dcf495f3bd01c3cf28,2026-07-18
CALDWELL,1021,FORD,RANGER,1992,13,1014af844d5e1f0ebe1677031b52b8a9e762844b900f62d1eb9b7ff8d55dd631,2026-08-04
CALDWELL,1021,FORD,RANGER,1991,13,0f985e01c1bed138e81acfc0043968e3a177d94f7e66a8306115aaa223a7a9bd,2026-07-24
CALDWELL,1021,FORD,RANGER,2003,22,a73ac5c7a7594fc13b70d82179ea389f0f1377ab1230964cca463fef2ed6be25,2026-09-05
CALDWELL,1021,FORD,RANGER,1986,13,da5b3de233af307734fad2904d13059ce4bc131722a63b70fe3971897725daf5,2026-07-30
CALDWELL,1021,FORD,RANGER,1999,22,de5d99c7a7d79c4616c96e1657a71b0c8610efa85fec83f6a786f31c2ca0231f,2026-09-04
CALDWELL,1021,FORD,RANGER,2000,22,0a728a445158114b0c5b5f02a5d66542fcd75b311602145692006e7ebf3f5bf7,2026-09-09
CALDWELL,1021,FORD,TAURUS,2003,55,6496f0a95da646bbbb7469d277f6d84ed2eebef3286bc7f960d9e7d5645f6cc1,2026-04-28
CALDWELL,1021,FORD,TAURUS,1999,55,8a50373d8a7d11024869be3c8fafce86c034c4faea6b4ab6a1e08e81969e28b8,2026-04-23
CALDWELL,1021,FORD,TAURUS,2008,55,0a70cee992529672c2b034f09efeade9cdaff8efb4c95f3c0ecbd853c55cb776,2026-04-25
CALDWELL,1021,FORD,TAURUS,2001,54,a4f2a1e5a9b99a2efe031722e4853cc30addf4caa674214d0dafe94641cd84ed,2026-06-05
CALDWELL,1021,FORD,TAURUS,2005,56,f27b25bb237539f4ee1523d38134199d191108c85f7ee5f406e2e4cf5499dad8,2026-08-20
CALDWELL,1021,FORD,TAURUS,2001,57,28b854ef54c83e8b54cdcba7e51a66309e21599ce93127a08ab311ea3091cdb8,2026-07-17
CALDWELL,1021,FORD,TAURUS,2008,57,7b8b93eb6dafa200b48f44a4d53e3efa3cf6050797ab9b3e74b9ea4aeabd501b,2026-07-11
CALDWELL,1021,FORD,TAURUS,2013,57,124abf37ac7469dd92df255b4688fca6734847f706bba065aa9192fc8265f9c3,2026-07-11
CALDWELL,1021,FORD,TAURUS,2007,52,da6a10d0ce6ba07d50acfa401c6fa32f18f834fb6470aec5219a2546e78d37fb,2026-08-30
CALDWELL,1021,FORD,TAURUS,2004,52,d60dfb6b72e155f84a613435ed477a6d332f093b78187823fcb073e9605fe7b0,2026-08-30
CALDWELL,1021,FORD,TAURUS,2005,52,28a910366e1da10552e9490b4ded35193bda65c670bc4919fcf7a2f201faab79,2026-08-30
CALDWELL,1021,FORD,TAURUS,2003,52,c987dd3c5e13b42311632cd27c2240791fe4e67b3a98353d8e8bf0a43ebd47ec,2026-08-30
CALDWELL,1021,FORD,TAURUS,2007,53,968c30640ad3b3007a05aae64666bb905605c3d0e88b5cf4190f81aba3343310,2026-09-05
CALDWELL,1021,FORD,TAURUS,2004,53,cc18c0d706bf9c965f5828c4774357cabd13dde1e241bc2ef036b8d4af44e07a,2026-09-05
CALDWELL,1021,FORD,TEMPO,1988,54,d9479aff17199d8b72613404ffab18487be756a6c9b8af6cd752578f95f9c72b,2026-05-12
CALDWELL,1021,FORD,TEMPO,1994,54,ba3828bd8ff0c8392c1704481dcf9c062cbd01d067afc80733e3e480022937f1,2026-05-16
CALDWELL,1021,FORD,THUNDERBIRD,1994,54,10725ec4fb19ab014b16cfff8a954c91ec1198dc1556857fbd6804d66b01db61,2026-05-16
CALDWELL,1021,FORD,WINDSTAR,2002,13,eb79bcafda6258f2c7cf6e6d0637ab489fd494dada7f165dcf2c513f0c3d9650,2026-07-24
CALDWELL,1021,FORD,WINDSTAR,1999,13,a75421a5d2cb64e0c26f3983008e7ea892c833b75fda79d096ef10e1772be086,2026-07-22
CALDWELL,1021,FORD,WINDSTAR,1995,13,e6777fe3e1d28a423152bbe0a2de7a29bebd4de2c451ef6e7c0960fb264c7a92,2026-07-25
CALDWELL,1021,FORD,WINDSTAR,2002,16,b3fdf6694d3d315d0305be486858788d8106754a97c773a4364cea78a6afd64a,2026-08-30
CALDWELL,1021,GEO,METRO,1991,51,29c7d080961d4acf109bebee92e444037ad8601ec5641a2638dd32706a6b4a1c,2026-04-30
CALDWELL,1021,GEO,PRIZM,1993,38,f5d21d366777d67cf4228e755da419853956bcc6ff2d51e7f09447759bf6115b,2026-07-22
CALDWELL,1021,GEO,PRIZM,1994,33,46ce1bf8e67d85d9b97dfca755e73d3937382c23f29702a88de953f6811691d8,2026-09-08
CALDWELL,1021,GMC,ACADIA,2012,10,870d0b3cf533af9e51ea59581ae51826cd17558b3db46912c8fa3df2738f90b1,2026-07-04
CALDWELL,1021,GMC,ACADIA,2008,2,8c60dacfb0d94d1619ffbdd93fc1742146939d9d3ad11ebaced814ea2a36e880,2026-08-27
CALDWELL,1021,GMC,CANYON,2004,7,33bd3f167fad718f31fcbed1151d64ab43a49a75c25eb57b8c41dcb5514c3412,2026-08-15
CALDWELL,1021,GMC,ENVOY,2005,8,4f805a1c367b2b0f03349a893ed7571eb1929a922b6450a1058ee0a5ae33d147,2026-07-17
CALDWELL,1021,GMC,ENVOY,2004,12,a387f9fb019f4bc72138a52f9d7a803f476dc9546dbface6c05647cef8d99ae6,2026-07-18
CALDWELL,1021,GMC,ENVOY,2005,5,ee2ee2590820e34c2e0021f8ba9b8fd0c92e8db9a6f15da54b8dd2a2854b2dac,2026-09-08
CALDWELL,1021,GMC,SAFARI,1996,9,eac66de449142f6c2161fccdc3410f8df84aeb6d4cd3da3dade1d00b9e8936e7,2026-05-30
CALDWELL,1021,GMC,SAFARI,1996,11,c510ec23191f011f35b08236c046bd99f1451b86fa98a283041313dbe6cee714,2026-06-18
CALDWELL,1021,GMC,SIERRA,1992,9,a7a91922c5a908602bd0c9821a2a1d7e32c2c031f91282638dbe2d304d0c996f,2026-05-30
CALDWELL,1021,GMC,SIERRA,2003,3,28996587d569ffb1ebad13a2fdbb5d230a5bef34bdc952ab7e95ecb71696a4ca,2026-06-16
CALDWELL,1021,GMC,SIERRA,1997,4,5cd24843b8f42ffb631bf16e13fd083e6c90ec6b1484668bf7b3cdd264935d23,2026-08-11
CALDWELL,1021,GMC,SIERRA,1994,4,3ec54b28ace6217f07f95a5490ac12c01a4e25a7120631593a3d618fa6acd5f1,2026-08-13
CALDWELL,1021,GMC,SIERRA 2500,1996,1,00b8fa732410a67fe41a3da26dd3378b2198e13a9d452bd4d96a392539d5947f,2026-08-04
CALDWELL,1021,GMC,SONOMA,2000,3,5cba0ec4c2ab4a4af44b3b6c54ca246eea7f50cbcaf8d260916574e9eda97e43,2026-06-16
CALDWELL,1021,GMC,SUBURBAN,1994,3,b60797740b9b5f5308890c3d738b3e28dad1db42fe2890089cff8ad0602c13c7,2026-06-11
CALDWELL,1021,GMC,TERRAIN,2012,1,716fac7788e1aee64157e15f1ea83ef7b0688d5b2daf2c114baf4d76254dcad2,2026-08-02
CALDWELL,1021,GMC,TERRAIN,2014,4,5bbba49a7ca06692e0fdb15d98c0c6a7e23e846abb14195708715351be6bdf31,2026-08-11
CALDWELL,1021,GMC,VAN,1994,2,c4ee267e093383adb4b231fa0b20af032e0b3a53931aca565b5699cc917aef34,2026-09-02
CALDWELL,1021,GMC,YUKON,2005,12,a9d9ebd4fdeaa18842ecc6b0415b1a070a53bf450f502ebdf5c83ba7990c6631,2026-07-26
CALDWELL,1021,GMC,YUKON,2004,4,931f27c4691d9c4a6489da65f7347fe7c2e032ca2bd0a8a0f85017d80ce97a67,2026-08-13
CALDWELL,1021,GMC,YUKON XL,2008,9,0dadc09883ff0e9722f56f2b9c9934d8acfa7ed69af3897aa9b44d826aa0dc0c,2026-05-30
CALDWELL,1021,GMC,YUKON XL,2001,8,156bee71f6fe6fab952b1d9472d3359f3296494f63fda70a1c53b1112b717ee2,2026-07-17
CALDWELL,1021,GMC,YUKON XL,2000,5,ae526025b917c7d8a27b2b6f9f2a215abdd32f60d63c09a8072927b84f2799f2,2026-09-09
CALDWELL,1021,HONDA,ACCORD,1996,32,04cf8b13db1a3421c50ead6070318d0d478a17289459406b0dba5497881cfcea,2026-06-17
CALDWELL,1021,HONDA,ACCORD,2000,32,38a37b96b67f6077339d7769452a7caea2ad3a843b55258385a70a3d0b19e2c8,2026-06-17
CALDWELL,1021,HONDA,ACCORD,1996,34,89d103b47c17a07b7e8b82a20fde28f11f85740a97a26c233dfdd6ae713f721c,2026-07-04
CALDWELL,1021,HONDA,ACCORD,2000,34,dc94765b65acc580c444bdca0819530f56faabe343235dfbe1af20b0ef2992f1,2026-07-04
CALDWELL,1021,HONDA,ACCORD,2001,36,4d471488f4df44ab455d01a7c4d17c3d81d3c486d2ebf6619505581a1131f4cf,2026-07-15
CALDWELL,1021,HONDA,ACCORD,2005,36,64c0d9a2c432285fa659cac787389fedd03617ac24f41014f0e6ce4086ccbd0d,2026-07-15
CALDWELL,1021,HONDA,ACCORD,1995,36,69abeb6ac139b0b454a16a5d5ab4e21c79bff87d3713116a3f2fecb61c55b986,2026-07-15
CALDWELL,1021,HONDA,ACCORD,2001,36,4d471488f4df44ab455d01a7c4d17c3d81d3c486d2ebf6619505581a1131f4cf,2026-07-15
CALDWELL,1021,HONDA,ACCORD,1997,36,f2d766ef486c59adcb6285a1ad57096876b458e01fffcf812f61fb2766389806,2026-07-15
CALDWELL,1021,HONDA,ACCORD,2011,38,2c5cd3d0cd72e1134a42696dafe9254222bda69765edd1efc4daf0f0e79d05ef,2026-08-07
CALDWELL,1021,HONDA,ACCORD,2009,38,90a50e0161007ba41cbfa9f4a741f9884c13598cafc932c62d068c62f8ad335e,2026-07-22
CALDWELL,1021,HONDA,ACCORD,2004,38,a74fc84abc3aa7934edd86d44f4483c18a5eb7939a2565c57bbfedeace85de4f,2026-07-22
CALDWELL,1021,HONDA,ACCORD,1995,38,5d4a45b11e9e86cbfc64500cf7c3b32231870aa065e17f1991afa9bf4b70769e,2026-07-22
CALDWELL,1021,HONDA,ACCORD,2006,40,2064481458e09bffd09ae03ce402fa7d716bbbc6ab9805c149af876746983bfa,2026-08-01
CALDWELL,1021,HONDA,ACCORD,2004,40,f9dbbf7960776faba45c579be7cb15cb08041da46c87088c6879016e868c460e,2026-08-02
CALDWELL,1021,HONDA,ACCORD,1990,42,a6824bf64b6e01a6b95facac58efb44e03a0f6e2dd597a2c4b9dfd8056a2fcbf,2026-08-12
CALDWELL,1021,HONDA,ACCORD,2001,42,baf6406b824498752077eca73263d7a8a65ec16066aa8b0e4e7e93abc3ee3fc7,2026-08-12
CALDWELL,1021,HONDA,ACCORD,2004,43,6a94d985517b7e18b286f29b2119337885e53f86554a66e9d35d6d49bc4d7ad7,2026-08-18
CALDWELL,1021,HONDA,ACCORD,2004,42,8addc3bb2a305513fd18f26b3bcabda948c407ae3e93d8505cb63f4563064e95,2026-08-12
CALDWELL,1021,HONDA,ACCORD,1995,41,2699c031a2e755e7ef8edee7f81e6dc0108e73b34721d398558400c21d74f70b,2026-08-20
CALDWELL,1021,HONDA,ACCORD,2006,41,458ed25cb2b9756f87c2d46afc89a21177fb1bbdf43ce4f86eeba30e44ebf15d,2026-08-21
CALDWELL,1021,HONDA,ACCORD,1995,39,a7d85e8a67a0d7cd24f111871ab689059dc795260533e4f6601d09bdb2b4411b,2026-08-27
CALDWELL,1021,HONDA,ACCORD,2005,35,537d6f5efebeb60a439eeed0808853704cde58dea0daefadf417e9fee0d6f5d0,2026-09-04
CALDWELL,1021,HONDA,ACCORD,2005,35,537d6f5efebeb60a439eeed0808853704cde58dea0daefadf417e9fee0d6f5d0,2026-09-04
CALDWELL,1021,HONDA,ACCORD,2005,35,537d6f5efebeb60a439eeed0808853704cde58dea0daefadf417e9fee0d6f5d0,2026-09-04
CALDWELL,1021,HONDA,ACCORD,1995,33,3fd632093cf0db24bb6739072d3f181339d266d13ba3cf4878be93455ab2c882,2026-09-08
CALDWELL,1021,HONDA,CIVIC,2002,32,bbe8963e857c68f975bed333d905fac3176ec23379a3cb43ff77db22003746ef,2026-06-25
CALDWELL,1021,HONDA,CIVIC,1989,34,154f2162f94b025ee8e9fae2bab42c125b660678831b83f0b3d1628b379b2d2c,2026-07-04
CALDWELL,1021,HONDA,CIVIC,2004,32,f209e662b538b06b34e6f1f21d872ecb771fbeb6909f2df763a288993361dd2b,2026-06-23
CALDWELL,1021,HONDA,CIVIC,2008,34,cdf0c87875ce4915a7c220f57398368764b80b16fbc9dbf0eb2a016ce4790ae7,2026-07-04
CALDWELL,1021,HONDA,CIVIC,2001,34,c4350e674757df96d5969fb416d51494e1ec5396efceac4b9114b2ec3bff1b7c,2026-07-04
CALDWELL,1021,HONDA,CIVIC,1991,36,1d6240ec5b627f3bd29dec68f1648266a48671ffb54b322600a77f7289d7a6a9,2026-07-15
CALDWELL,1021,HONDA,CIVIC,2001,36,5328503d2a8a49cd68cc0c611d36b312092f18a231258432e4029c7c82f922c4,2026-07-21
CALDWELL,1021,HONDA,CIVIC,1998,37,d62a3487c6b688fe04cb83c1b03228e78de715b70adbe94283f695fac72848ea,2026-08-30
CALDWELL,1021,HONDA,CIVIC,1997,34,b84c9aedd6fb9af93175d900cd91d5fab31fddd55914737673dcf602e26b9690,2026-07-07
CALDWELL,1021,HONDA,CIVIC,2001,38,d0c8483b4c46176893813ba2865663344aad4c04801cfae868e92f4e714ae27b,2026-07-22
CALDWELL,1021,HONDA,CIVIC,2005,38,b4a8730155762b92a2188a672426374bb5b623d80b30a130023ae383d4c96920,2026-07-22
CALDWELL,1021,HONDA,CIVIC,2008,40,6db9dd7449ea4a9b8a82cae2f0b793336b47557c3a18ce869bd90327b344a677,2026-08-01
CALDWELL,1021,HONDA,CIVIC,2005,40,cf0432bc187d1272822a7d1978d4aa72cc84acfc413d715df995460a0f2402df,2026-08-01
CALDWELL,1021,HONDA,CIVIC,2003,40,5addfb88d4caee35aef0f62d5e1a07d0287c6f09095b2b6fdff7895302e6491a,2026-08-01
CALDWELL,1021,HONDA,CIVIC,2003,42,f4de97897257906292ea86654e9b1dd66d0c27e517ba6bef2f1fc11f2260adbc,2026-08-12
CALDWELL,1021,HONDA,CIVIC,2001,42,83efc42b321e52a4618cd203118be082365727ca8b8a79e2073d3015265cc427,2026-08-12
CALDWELL,1021,HONDA,CIVIC,1999,42,80944b6f4e8e2efd1e4f114f28de9a4bf4b7a3223640bc42d8966cbb4eca158f,2026-08-12
CALDWELL,1021,HONDA,CIVIC,2002,42,c23f3da160e9e69cbbde8a3b8e8515b7208578f26c45238a5b0a9e61cb6a08e7,2026-08-12
CALDWELL,1021,HONDA,CIVIC,1999,41,927452f44f2aa218caac60168991f1b6650afff91e764673028ba6b3f1433abc,2026-08-20
CALDWELL,1021,HONDA,CIVIC,2004,43,a9108c091358cdf4c388a03421a07aa9ef1bc09573e4fb929c1d985f5cd7e5f6,2026-08-18
CALDWELL,1021,HONDA,CIVIC,2004,43,a9108c091358cdf4c388a03421a07aa9ef1bc09573e4fb929c1d985f5cd7e5f6,2026-08-18
CALDWELL,1021,HONDA,CIVIC,1998,39,88731e46ad6d2333130804922c128f8af23d478d981e71171e86e6eba2a4437f,2026-08-27
CALDWELL,1021,HONDA,CIVIC,1990,39,1a2393318a2dcdc49116d53bdffbd6c9bb735f1040e63c8163250ab8cd4eb0b9,2026-08-27
CALDWELL,1021,HONDA,CIVIC,2005,37,d539e54d3980aa76df145dce6a4a3b3e19a2b53d77295223efacf2f8098e6982,2026-08-30
CALDWELL,1021,HONDA,CIVIC,2007,35,77cbbfc26a7d6019033f8be106db93bee0926d5a7c808134798af28a6e31419c,2026-09-04
CALDWELL,1021,HONDA,CIVIC,2004,33,18a5f6d84954fabd5b42e447c41a092c1b380d0e89261b5e54bba0a69c19cfd1,2026-09-08
CALDWELL,1021,HONDA,CIVIC,2004,33,18a5f6d84954fabd5b42e447c41a092c1b380d0e89261b5e54bba0a69c19cfd1,2026-09-08
CALDWELL,1021,HONDA,CR-V,2003,30,f6f542f96112c3be50ed3c0f08e642ebc505ca8986807029c81617cdda4fdb70,2026-06-27
CALDWELL,1021,HONDA,CR-V,2003,29,2aebda2209c9baafbbe1eb97b9646d23843652b29a7bced2b33b2fa34534221d,2026-07-07
CALDWELL,1021,HONDA,CR-V,2011,28,cbf325f07f8d3159e43d8e73a4bd4bc8dd206a1dce3683da001d05b4448a3021,2026-08-13
CALDWELL,1021,HONDA,CR-V,2003,30,f6f542f96112c3be50ed3c0f08e642ebc505ca8986807029c81617cdda4fdb70,2026-06-27
CALDWELL,1021,HONDA,FIT,2008,43,d83cb3796b93a5bde06d0128c9ae540632967a42b2629da389d82fce4714c1db,2026-08-18
CALDWELL,1021,HONDA,FIT,2011,33,03ee4f1ef080c9940e3c953c891bb468a0f180743164b18402b756c04ef3cad5,2026-09-09
CALDWELL,1021,HONDA,ODYSSEY,2001,30,7d762acb9828d74d9b7fe72d61fd31ce4db7180c9d31aa460ae3414893986c28,2026-06-25
CALDWELL,1021,HONDA,ODYSSEY,2009,29,04917f2d9366aab57f91020558978bab22d2ca4eaadc5f53d731ff9812764bda,2026-07-09
CALDWELL,1021,HONDA,ODYSSEY,1999,29,8d418aec1ac08c0b7cf82e159c9b09a106ee7c5a50c9f93042eba61714711d33,2026-07-15
CALDWELL,1021,HONDA,ODYSSEY,2008,31,56bfd840a8917ab23f111fb1bdaf4e32d35f09fa467dea6aa1b36eca3c3228c9,2026-07-16
CALDWELL,1021,HONDA,ODYSSEY,2005,31,ae9bddfd907104a2a7541c22b780f1440cce044257e6c39782b52b4e30c6f2e2,2026-07-18
CALDWELL,1021,HONDA,ODYSSEY,2007,31,eb6fdfa8da74bbeb5bf708f50d95a0191e6516211110a79fbdd775798ea02c27,2026-07-24
CALDWELL,1021,HONDA,ODYSSEY,2002,28,609145a9bb0a1fd078c93f8e23ce44454f2907b0a94281229f1ce30e9cdcc03f,2026-06-03
CALDWELL,1021,HONDA,ODYSSEY,2009,30,f90fb92fd7888a196ca9dbd061672e6f7413f80e28a47f8659a3ccf9bf532526,2026-08-28
CALDWELL,1021,HONDA,ODYSSEY,2006,30,66b402d0a6bf9b8433d2dee040afb1699f5bda21016b18d719dfa52d834c20fb,2026-08-28
CALDWELL,1021,HONDA,ODYSSEY,2008,30,fac9256405d522be1f0d24315dceef935473e727ef461dbd114d587c454bdd48,2026-09-03
CALDWELL,1021,HONDA,ODYSSEY,2000,30,d1a884a0a0268caa6db58b93f2f22a7ad253bc58535d5349d161f23e748bf689,2026-08-30
CALDWELL,1021,HONDA,ODYSSEY,2008,30,fac9256405d522be1f0d24315dceef935473e727ef461dbd114d587c454bdd48,2026-09-03
CALDWELL,1021,HONDA,ODYSSEY,2008,30,fac9256405d522be1f0d24315dceef935473e727ef461dbd114d587c454bdd48,2026-09-03
CALDWELL,1021,HONDA,PILOT,2005,29,a3b83569cfba08a591ad3c09b3a4ba195be5f27309a0946a376cf0e665c96b6f,2026-07-07
CALDWELL,1021,HONDA,PILOT,2006,29,f3dc037e180edb2d38c3a3696681e752569eb948c383c59cf9e86a56a00bf060,2026-07-07
CALDWELL,1021,HONDA,PILOT,2006,31,f1479823ffa87ec3ed8975e9bd78f4bb74dbc2fce21dd5dffe4f76015f98b9f9,2026-07-16
CALDWELL,1021,HONDA,PRELUDE,1994,32,7333676db74fde5a6478f4784e8c9dcdc3fb4da6e7fbcebb38c5dace00b68b58,2026-06-19
CALDWELL,1021,HONDA,PRELUDE,1991,41,4ae2383ab715ca1144cc78a7cc69f9893bb03c7f4b5fdb7b6e43386f391468b3,2026-08-20
CALDWELL,1021,HYUNDAI,ACCENT,2003,38,133ae48a7321c2ae4c71e1e35dbb002f33800de4479144c2519444bb59af6d41,2026-07-22
CALDWELL,1021,HYUNDAI,ACCENT,2016,40,c75e2d9aaa1f0adf3c325fe4bd68b770164812171b472bc3fb796d24b07f6e63,2026-08-01
CALDWELL,1021,HYUNDAI,ACCENT,2009,42,33df1b6da45abbce06ccbf03994301628ac17c948bec65c9b8dd68c3417ca6cb,2026-08-12
CALDWELL,1021,HYUNDAI,ACCENT,2006,42,647821206dc31b6c1fdb8a8db2e36579513474c534a055d09839545b57420397,2026-08-12
CALDWELL,1021,HYUNDAI,ACCENT,2006,35,a70322b33a3e6dc3eab36869dc8f2d46a253133e885ce1a9f4e8e1323f5e99e6,2026-09-04
CALDWELL,1021,HYUNDAI,ACCENT,2002,35,511471397d867fe6db24c69abee4ef6aff2ff260133d30a7e11afa6fea69da7f,2026-09-04
CALDWELL,1021,HYUNDAI,ELANTRA,2012,32,b80d39b7d7f3b861ae167ab60c69234fa20d946848c3f18e5cf0a6c155bed30c,2026-06-17
CALDWELL,1021,HYUNDAI,ELANTRA,2002,32,b9ae934e974fbd784a6339530c0259745f175971dc3a067a6cfcd20d23b80a0c,2026-06-17
CALDWELL,1021,HYUNDAI,ELANTRA,2016,34,9335af2cb0067312f3a4ea8d7ca347bc85b401f986696c84cd25b7ea124653e6,2026-07-04
CALDWELL,1021,HYUNDAI,ELANTRA,2008,34,8371f4d977e7a90601ba46b93d22ba5439d58cf38ca93649a46cbbedd3540b04,2026-07-04
CALDWELL,1021,HYUNDAI,ELANTRA,2006,34,b4018953604dd3d8a65a50bf57baddf1de7c7eec7fcf33338abb4d9fb3b3b769,2026-07-04
CALDWELL,1021,HYUNDAI,ELANTRA,2000,38,a5489582191beed3bb691e217571804e29fc53d7a7444c6963ceee36ce19c2af,2026-07-22
CALDWELL,1021,HYUNDAI,ELANTRA,2013,38,b517a2f0212f72e02b11dee579e77ffdeeb5ca70d8f879b2a1680c1606531629,2026-07-24
CALDWELL,1021,HYUNDAI,ELANTRA,2021,40,f645e8007cd49bdc35616fc0b75c6d5bc143f30585cc9591f7a88cab954c0591,2026-08-01
CALDWELL,1021,HYUNDAI,ELANTRA,2014,42,fd68cae913e41348bcf5b4306d0394e52b72fae03ad2d52461e5ef755dfa9180,2026-08-12
CALDWELL,1021,HYUNDAI,ELANTRA,2004,35,565611df58868001fa819efa6798a33f21684e93889452bf3afa765363326297,2026-09-04
CALDWELL,1021,HYUNDAI,ELANTRA,2007,39,582fdf1d2a9900d06ded5718336f658afb12f0d9814ca93e165439efe20fe69d,2026-08-27
CALDWELL,1021,HYUNDAI,ELANTRA,2012,43,1f0fa19ea3801c5f796ea9b2eb06e0c25efcc1ef7c800a188fb5686a05800894,2026-08-18
CALDWELL,1021,HYUNDAI,ELANTRA,2005,39,fcb954e06509fe3d12583bf52ebc3fd01bf84baf705e950dd006cdf98e8ce027,2026-08-27
CALDWELL,1021,HYUNDAI,ELANTRA,2003,39,e9936bbfd955cb0afb9c38c4a180ffe5b5edd82c2c60cc9f31edbcb04c48eabe,2026-08-27
CALDWELL,1021,HYUNDAI,GENESIS COUPE,2010,33,3c75d1a7b489b36b9c476cfcc3d40ce4747f8bfc835426405cc2801c084523c2,2026-09-09
CALDWELL,1021,HYUNDAI,SANTA FE,2012,29,b085956859a10e19d3e9d7f7d4f6f288bf6a3ed6b7447a8442067936b1ce718b,2026-07-07
CALDWELL,1021,HYUNDAI,SANTA FE,2008,28,eb526c48ed0ea6d021ab36c62ddd245082cd25251fec151f8d193a481bc3c716,2026-08-05
CALDWELL,1021,HYUNDAI,SANTA FE,2011,29,64c51a79abb316b9c4de5fc32f51396f0fd91a88b94e596a0e4e80d866288159,2026-07-09
CALDWELL,1021,HYUNDAI,SANTA FE,2003,31,ef71fed8a0f8b8d9a82ea26b1e3cf72312d1882a600ae31f6c67b8f030721bd7,2026-07-19
CALDWELL,1021,HYUNDAI,SANTA FE,2007,31,20fcd417f60164ce86301fa1a11fbe38399525b3b306fc188e375180234fff37,2026-07-26
CALDWELL,1021,HYUNDAI,SANTA FE,2003,28,c6efd8b286e894e09ad7b4f7192530d5af00eb358cb8758f077f93a2a45372b3,2026-07-29
CALDWELL,1021,HYUNDAI,SANTA FE,2009,30,bf6b8f1eefafcc712761054ffe172d046b6d5ab510761d404cd430a93be32777,2026-09-10
CALDWELL,1021,HYUNDAI,SONATA,2001,32,a789bc7683bfef46c137bb8901d7f72d97eab78568ac7984f2292843d886a29d,2026-06-17
CALDWELL,1021,HYUNDAI,SONATA,2005,38,6b482990eb6187111a6dade59eb49a238d0a89e059c04a4294af20da6d3926c7,2026-07-22
CALDWELL,1021,HYUNDAI,SONATA,2004,39,0f849a37ebbedd410e1acb58bc9f1368d7bad6cac43be89c031fda3a98f819fc,2026-08-27
CALDWELL,1021,HYUNDAI,SONATA,2004,40,9ae8f43dadf3bbc3714019271766a939f7c1333723564f02fd2db0127a302929,2026-08-20
CALDWELL,1021,HYUNDAI,SONATA,2006,38,3648f988151f9f27502e7aff50bda16ec674163e4e743c683810a885380d491e,2026-07-22
CALDWELL,1021,HYUNDAI,SONATA,2006,43,b2528822dafe6f83ffbcc5fd2273412f8eeaf5eafa68d8620d4f3368f1c18073,2026-08-18
CALDWELL,1021,HYUNDAI,SONATA,2006,40,593ac473fb62106dce8b2323e2330e58dc63158c7c4b0dfa00e9b3a59272ba7a,2026-08-01
CALDWELL,1021,HYUNDAI,SONATA,2013,42,b00acea7f6f2dc5ef021acf9ee7c94ca581d81e7e754d1368674b0a7ff2d973f,2026-08-12
CALDWELL,1021,HYUNDAI,SONATA,2016,42,0f4b87d2ec4640cb93f410d4a097903fea26fe9b3b478bb7e24fbd0532b9528f,2026-08-12
CALDWELL,1021,HYUNDAI,SONATA,2013,41,14bbfb0a8e2fb32782b21864a2137f2b6ca3dc303a31a0a07a6776943c304284,2026-08-20
CALDWELL,1021,HYUNDAI,SONATA HYBRID,2012,43,f93d1183b1e650b2fafa6282a25c49186dd08dff4d24527d03a6b8b97ba2dacf,2026-08-18
CALDWELL,1021,HYUNDAI,TIBURON,2005,42,4e2ac9a4d1784a4762a42aae7c4d569f5472a21d75d28e8f6cbd3efae72e6ca3,2026-08-12
CALDWELL,1021,HYUNDAI,TIBURON,2000,37,e34123cc292b3ace81d006d10f301a25d46c4137d2d442018f01f715ba6b0130,2026-08-30
CALDWELL,1021,HYUNDAI,VELOSTER,2012,36,f9338f0e7779f497a2600100c04464220ee49b462646c9c8bdd8e4294f501e51,2026-07-15
CALDWELL,1021,HYUNDAI,VERACRUZ,2009,29,aac6977b0c1e69bcc045998135c6b718cfc93733f1cffe29e9dd5bfed4bb18d8,2026-07-16
CALDWELL,1021,INFINITI,FX35,2009,28,0ce64526ce237702fd270b565a1aaf191fb77912684a98df816191cf43980392,2026-08-05
CALDWELL,1021,ISUZU,HOMBRE,1998,28,b2195185d4ac1fa14d3ae0820ceabd8958eea1859422cbf07bf6209908e07cc9,2026-08-18
CALDWELL,1021,ISUZU,PICKUP,1994,30,73dcfcec4f3d44409ada9e12fbfd8078e73300e5f4666aa491eccc80ca89fcab,2026-07-10
CALDWELL,1021,ISUZU,PICKUP,1991,28,46696c350be3a84814a133e54e7cac2c2a46cbb0b63944c51b73ef1bb3e66149,2026-07-29
CALDWELL,1021,ISUZU,RODEO,1997,28,46bbc5ff6f48d20967db54aa02f32e716ecbba2ef3e0321f5de004a0b4cf90e3,2026-08-12
CALDWELL,1021,ISUZU,TROOPER,1996,29,1969ec9d4ddeb799e6efc19e37b54bacb027dcf22e1d9e07f9d998f284e8895c,2026-07-11
CALDWELL,1021,ISUZU,TROOPER,2001,31,c67386c11ed9270661b2aba5f6618ea8b81d3e6992df47016fc914d6375aa4cb,2026-07-22
CALDWELL,1021,JAGUAR,S-TYPE,2003,38,45fbb027ca0d0df216562c9ebdd17ec360bc030beee6c0e14cee576b1d6f1fe5,2026-07-22
CALDWELL,1021,JAGUAR,XF,2009,40,4c61e81ec6c2f7c1fd2a0a5b8876ad19e8354273376671d323cc4a7b8079e532,2026-08-07
CALDWELL,1021,JAGUAR,XJ6,1994,36,4bb6d96331a110e43b4258e3dce7565f66caeed33a9cdd121676e4270ae245b5,2026-07-18
CALDWELL,1021,JEEP,CHEROKEE,1987,25,1711b5b2725ad2c201d4855f9e37c5adf5f51e1070516a088a1a58f88402ef4e,2026-07-04
CALDWELL,1021,JEEP,CHEROKEE,1978,24,647721546d9bde5aa671afebe1caa5f3a1f0db935c4e02c6b6c105671df00209,2026-08-12
CALDWELL,1021,JEEP,COMMANDER,2006,27,a3cfa099b9f043c1e8679f1c664dc9ef669e4ba932d3e700403f7ce27cbbd7f7,2026-07-15
CALDWELL,1021,JEEP,COMMANDER,2006,26,e9b64f3777bfbefafaa4b8bc5f66bc263982ff370a9f36e7a327975a4643aeed,2026-08-23
CALDWELL,1021,JEEP,COMPASS,2007,25,f05a9025cb441527cc31feb3d90fedf4e73552f325c6271cb86d7451b4b30935,2026-06-30
CALDWELL,1021,JEEP,COMPASS,2010,27,6019b6df6b5ea5cc129b0d2278782b0db48ecf192d5a4bd5f63cea4481c9bf83,2026-07-12
CALDWELL,1021,JEEP,COMPASS,2011,24,fecd40be2c40b706ccda41de634c9c63c0fd84b8e8ac42de1fe12abca00b81a4,2026-07-16
CALDWELL,1021,JEEP,COMPASS,2008,24,3cf19659632a73ea749ff265a0696a67b9d6014faeb716333da2ba840c26a5ad,2026-07-25
CALDWELL,1021,JEEP,GRAND CHEROKEE,2002,26,9e4465195f9ec5c8675011c8b4daebe93c3229d91166e84addde89d3c42c6023,2026-08-23
CALDWELL,1021,JEEP,GRAND CHEROKEE,2002,26,9e4465195f9ec5c8675011c8b4daebe93c3229d91166e84addde89d3c42c6023,2026-08-23
CALDWELL,1021,JEEP,GRAND CHEROKEE,2000,26,c98d59fbdf7f7306b1bd568a0dea0ba4780eb26461c45df8fa633dd92e5a0885,2026-08-23
CALDWELL,1021,JEEP,GRAND CHEROKEE,1995,26,86147a1105bd1f672e40059e4ccb9e2660294b4c36674810b16ed5d877d6e1ee,2026-08-23
CALDWELL,1021,JEEP,GRAND CHEROKEE,1998,26,de39beefc5168e33d6de6fb1f46df9d209aa84913c8f52d2a316b6b8132e29d3,2026-08-23
CALDWELL,1021,JEEP,GRAND CHEROKEE,1998,25,992f3859d42c8623073b442e9187164494a7b1724c66c5d84bbf0a9c7d957d2a,2026-07-04
CALDWELL,1021,JEEP,GRAND CHEROKEE,2011,25,8e6572c03a91249d4c5140f5c4662b95e037f00f157e13e8584a7215adb538fb,2026-06-30
CALDWELL,1021,JEEP,GRAND CHEROKEE,1993,27,3f7976508d56ff52e5d0eed131238842ce8a995967982ee57fdd3135fc004e2f,2026-07-07
CALDWELL,1021,JEEP,GRAND CHEROKEE,2002,24,0123c91eccd1c4db719ace73c628495cb0f1ac0e29ed9523578689a0ae61ce0b,2026-08-12
CALDWELL,1021,JEEP,GRAND CHEROKEE,2007,24,8ac0c06fdb359acb47d4e7ea8cc974ebdffc2f2c55b79878ed7ff20e8f277682,2026-07-16
CALDWELL,1021,JEEP,GRAND CHEROKEE,2000,24,be2725a6ac09cb74ac753626cce9939b38ac37c009a968cca97af08ca36b9105,2026-08-14
CALDWELL,1021,JEEP,GRAND CHEROKEE,2004,24,26a77320ab664365c24e3da83b95f6a8356061117506295af019ee35fd251ce3,2026-08-12
CALDWELL,1021,JEEP,GRAND CHEROKEE,2003,24,470d82a629458ab60e6bbad09cd0c3891c872fa23f0774df729fd6ee0392d838,2026-08-23
CALDWELL,1021,JEEP,GRAND CHEROKEE,1999,26,426b4b1d3f76bb866eeef045cdfaefef86a7032db7bb5ab068cfb08a3a2f3b6d,2026-08-27
CALDWELL,1021,JEEP,LIBERTY,2006,26,17d5edd1302311808560fc3bd6589300b271d4ce6ca2541db86ae1cc44084ed3,2026-08-23
CALDWELL,1021,JEEP,LIBERTY,2008,27,9eb1a5123e8a548b9e51b79d2f9ab6f458bb43585dbf90382b8b3c82af4a7c27,2026-07-07
CALDWELL,1021,JEEP,LIBERTY,2012,27,4c3e02a1eb9e32e58c5dc83c20cadb479c80105d9f870c692383ce9cb98835ff,2026-07-07
CALDWELL,1021,JEEP,LIBERTY,2005,24,bfcd245b20d4930d0e46ae92173926602e09b876ec22510b7f30cb7c8cbcbe74,2026-07-15
CALDWELL,1021,JEEP,LIBERTY,2003,23,cef4ca9623432588015e4f1863911dc251b88124c2b4e27e31107f119313a14f,2026-08-01
CALDWELL,1021,JEEP,LIBERTY,2002,24,f2284314e20a52392dbdc4fc36270b1f57de702501f0132fa2910cc684b0f86c,2026-08-12
CALDWELL,1021,JEEP,LIBERTY,2002,26,92323da45dfc5f3f80799f8e13a706d1f27832cabba9018289574f2ecac97b1b,2026-08-23
CALDWELL,1021,JEEP,LIBERTY,2004,26,9b86bc4f25990465859a17495b83bb1642afe1432e4357403c3e231b37a7aa6b,2026-08-27
CALDWELL,1021,JEEP,PATRIOT,2011,26,babb9c169ab8315a1b8b98e6570e36e58fb4c4bf4b945fb4099abafea4d6c59c,2026-08-23
CALDWELL,1021,JEEP,PATRIOT,2014,26,11fbb916ec5a63c5ecd57bffe0bef46098dae9518b449a57ba96cb4d28e7f066,2026-08-28
CALDWELL,1021,KIA,FORTE,2012,38,ae5ab428df453bc73a59ccf955b57e63eda94726a340eaaed6662097aa800b9b,2026-07-25
CALDWELL,1021,KIA,FORTE,2017,42,807449bde99a23c5aa66603a0e48e898b4b3251d3cca28449dbf8d9812a94f2f,2026-08-12
CALDWELL,1021,KIA,FORTE,2010,42,672a209537f4fa45da1f67b313247f4fcc8509e43e5805829e622ec06a3a19a8,2026-08-12
CALDWELL,1021,KIA,OPTIMA,2015,34,d7b9d4a69f6f0151be18a08abbda1b2da296f29cf37d20ccf700170564139b11,2026-07-04
CALDWELL,1021,KIA,OPTIMA,2013,34,298dc977584df9ae4cf47324c51b7ef94736180deb900fb4f60058f379d9db44,2026-07-04
CALDWELL,1021,KIA,OPTIMA,2006,38,8e4ecf7825b79703a36de4bf17943a96402b3966b10c0d5a63f32c8a7dfbda2f,2026-07-22
CALDWELL,1021,KIA,OPTIMA,2014,38,9f8b643daa277b73d0d4eb6e4d6d6ec6be4d7070133467a2041f46ed253e859b,2026-07-24
CALDWELL,1021,KIA,OPTIMA,2011,40,f916aa1df745b7cce85f64b5726fa80aae12a2b7502efa588e01b78e0d0c41d4,2026-08-01
CALDWELL,1021,KIA,OPTIMA,2012,40,2941df8d6456ea819d736e29def3646f105167566d506e9efc03efadc29f9663,2026-08-01
CALDWELL,1021,KIA,OPTIMA,2012,42,7dd520eb9c4754784104cb39c8fa3a166ba023369328f796dbb89496708d91b1,2026-08-12
CALDWELL,1021,KIA,OPTIMA,2007,42,faec69a88f49dd0297a277baa6adcb4a4d4c5ec85903ab38296a7010c82bec7d,2026-08-12
CALDWELL,1021,KIA,OPTIMA,2013,41,c01954fc3b4e69b99dee6925e55fdaca72579ec334f3cb420cb1ff099a6ac1bd,2026-08-20
CALDWELL,1021,KIA,OPTIMA,2013,39,db7c9305721aad60c28e197bce097005deb1d7bd16f6855fc4a883830454ca5b,2026-08-27
CALDWELL,1021,KIA,OPTIMA,2008,39,2b6d1a409c051323bd391dcb235d9feac024a950cd282b68b9cefe8abe33205d,2026-08-27
CALDWELL,1021,KIA,OPTIMA,2007,37,af7aa3fc44e48f94497062b92fcbe98909359a8563b0c71511b9b62f1cd0d1c4,2026-08-30
CALDWELL,1021,KIA,RIO,2013,36,a0f956798af2b72cd7c9e0e7d94293fb7a42ff3ab2029b348bd2600271bfc0f9,2026-07-16
CALDWELL,1021,KIA,SEDONA,2006,30,adc1922952ba08cdd401077a5ea4f3cb036767ade15cd1d56ca66a959c14e1d6,2026-06-23
CALDWELL,1021,KIA,SEDONA,2010,30,a822573f989a8cdfd656852c53e1916fdec0b68722e1f9ae8eddffbaa8895df0,2026-07-03
CALDWELL,1021,KIA,SEDONA,2009,29,f7c08a64e8d787449f889df05989158338436cbc716e24b899c69f51954466d2,2026-07-15
CALDWELL,1021,KIA,SEDONA,2012,31,b5d76e796cf6bb76683fe1ecb753b36d612289880f7eb6f6a6161b6489fe2822,2026-07-25
CALDWELL,1021,KIA,SORENTO,2011,31,9811a039a80a66638eee460b723153961835ff50c55ea2e7c0b66dce20d25958,2026-07-19
CALDWELL,1021,KIA,SORENTO,2005,28,9d9c7cb5fd05e8fca4b2ead9b3c85ce4058bd21fd735075ebba10a937d676187,2026-08-27
CALDWELL,1021,KIA,SOUL,2012,36,7694247a78d77bfce648812ccd7a9ad6872ef84c43814d0037cd30a37bb1a171,2026-07-15
CALDWELL,1021,KIA,SOUL,2011,28,c55cc6c0ccafe3a65091c34dfe29ec524347e0f105c937dabd98e976796ce15d,2026-08-27
CALDWELL,1021,KIA,SPECTRA,2003,34,299dc9e8a0e45631404fe13c4e9bea7ed13706555f8f0d5d22b2fafb7b410ec6,2026-07-04
CALDWELL,1021,KIA,SPECTRA,2008,38,ffecfe4a2b6c3f6bdc1099a9baa68e3db2cb27959943a4d2a84ff2e0b133251e,2026-08-07
CALDWELL,1021,KIA,SPECTRA,2006,38,0b6f35475d5db4d7ac0dabade8501262be1f60286d14c74dae7286a4a6d026a1,2026-07-22
CALDWELL,1021,KIA,SPECTRA,2009,42,d54aa38ed6ba08f1b16ec4ed563e7429f4601d459a63dd04cb4d942e6d0ad82a,2026-08-12
CALDWELL,1021,KIA,SPECTRA,2008,43,e941f904af7989e6c381ef7bd85fd5b0ffebbb787f69a6283c172b443e8abcc2,2026-08-18
CALDWELL,1021,KIA,SPECTRA,2008,39,0a50a09674ed5b5cc2c44fa357bde4de937df4ea4cb837a9b9773230a9578ca9,2026-08-27
CALDWELL,1021,LAND ROVER,DISCOVERY II,2001,30,d1acfa4e70cbe85a4440f871576d0453faa1f236ee96efa85fc4148132538d51,2026-06-23
CALDWELL,1021,LAND ROVER,LR3,2006,28,17a7654c3a82a1b07b15ae3df3d9eb181df524622f20a0e34d7061e0409c4497,2026-08-05
CALDWELL,1021,LAND ROVER,RANGE ROVER,1997,30,d4b9dc43599fc33716956b6269be09225b53ed69dae4a2fd7c7dd3751c93a4a7,2026-06-25
CALDWELL,1021,LAND ROVER,RANGE ROVER,2003,30,b1b5cb13066600bb4fc7b1411f1a568472a2c4f16d1c3f41ff035322d9cc6489,2026-09-08
CALDWELL,1021,LEXUS,ES 300,1999,36,f15b74bef7b123cf0a4b65035ef6ddec7cbe3c42918dc89ef77c5c071a07fd7b,2026-07-15
CALDWELL,1021,LEXUS,ES 300,1997,34,4660c7aa62b7661aea5869f89db42d69f0e693a79b270d95f3e924b025c51657,2026-07-07
CALDWELL,1021,LEXUS,ES 330,2004,38,0794c0118af839de10a1f16d8b6186b8e9c04a1eb19fa83d80acf02309a7b2b5,2026-08-05
CALDWELL,1021,LEXUS,ES 330,2005,37,40f15fa1f610cf7e9e58715fd4fb3a26865ef75dcc618afb28c8d002c38b7e80,2026-08-30
CALDWELL,1021,LEXUS,GS 300,1999,34,35ae2cee9ca5b68c8372186fce3f033c35eb5e83ec66bbb23bbafbb38b441f1d,2026-07-04
CALDWELL,1021,LEXUS,RX 330,2005,28,4e58e99215956599a890bdbb9ad2b5bb345017eb9e46b08e7b3b440180848cd4,2026-07-30
CALDWELL,1021,LEXUS,RX 350,2007,28,ff4357935de5343922397433fbc4e98e464647d60d9d13dd15e78a5faf6975ba,2026-07-29
CALDWELL,1021,LINCOLN,LS,2000,57,8da34507505cbd165712dcb71f6bc3d66a7e596312ebf98390fbbc2c92fa63d4,2026-07-12
CALDWELL,1021,LINCOLN,LS,2001,52,778ac861b0bd34a7ff94c4c96f67bf486098be35bfca30d2dec85ee9da262b16,2026-08-30
CALDWELL,1021,LINCOLN,MARK VIII,1996,54,43bd26914456fb23e8d167d790f080c9f3465b48c9033964239bfa9bb181095a,2026-05-15
CALDWELL,1021,LINCOLN,MKZ,2012,56,b345a6016ff7cc399c6e08f561daedb34039eebd26701bbf98659197f4acf8ec,2026-06-17
CALDWELL,1021,LINCOLN,NAVIGATOR,2004,20,5a9c7569e795a8aeebc80fbc98f9adc5a300d45ebf2c3211e91b68c65bf1d0bc,2026-07-09
CALDWELL,1021,LINCOLN,NAVIGATOR,2004,19,ec5b642500e336c4c1746ec946048737f9b2c08ab90f8405207a0c94a4c6f5bb,2026-09-04
CALDWELL,1021,LINCOLN,NAVIGATOR,2002,15,734b4d0c283c1829ad3753825c2ccc890cb8138b39011a087afa4948ea1eed39,2026-07-30
CALDWELL,1021,LINCOLN,NAVIGATOR,2003,22,3efa7dc70ebb4d5356066d1f401edc1209d495a549a5534acac0585fc773b5a9,2026-09-08
CALDWELL,1021,LINCOLN,TOWN CAR,1993,54,ad57be7ada02a69c7cb5046aad50a3bdbe73515954367ee38dcd24287c993065,2026-06-09
CALDWELL,1021,LINCOLN,TOWN CAR,1996,56,3b736556fe896dae347285f6512e41e4ae8ad33e80357c5f5cdf583e641ca748,2026-06-11
CALDWELL,1021,LINCOLN,TOWN CAR,2003,56,d7742fade943fa66a520ff8064f015a493a6c2058e6bb906b0bfeb18eb90f075,2026-06-27
CALDWELL,1021,LINCOLN,TOWN CAR,1998,52,72ed2e56561ff72f5edd5a78dfb75582d349ecfae97058740667e30b1d36661e,2026-08-30
CALDWELL,1021,MAZDA,626,1999,32,f046ed1584f24756b88e074d78887da9529cd6499d8db16ff5d1cb9f6ea64269,2026-06-17
CALDWELL,1021,MAZDA,626,2000,42,4c5752f3abf434b2ce41fe4359e03059003d826a7aedd4c734c58540ea4ee4f8,2026-08-12
CALDWELL,1021,MAZDA,626,2001,33,d88e9de28646f2b8340aa4f2091826cb177b9bd4d61fd148022043515419e5f8,2026-09-08
CALDWELL,1021,MAZDA,B-SERIES,1987,30,7275ed468f133b7b51d7a4a03991a7d6e34fc3fe97489b7634d3fbc6c9b430db,2026-09-04
CALDWELL,1021,MAZDA,CX-7,2008,28,627b8c9b6897e260b003e8ba6f7a762891115bccf6922e4c9e3734bf297a5f2e,2026-07-29
CALDWELL,1021,MAZDA,MAZDA3,2014,32,11538c4be8f36a73de5b91f4dde5bc1e0bb19ee3941001cd716fbf545c002253,2026-06-17
CALDWELL,1021,MAZDA,MAZDA3,2005,32,c40f115f1a7dd5a2eeb6cf893fce05e57e38b8fa5bf78eaaa4de210bbb7669a4,2026-06-18
CALDWELL,1021,MAZDA,MAZDA3,2004,36,d825e634ad1a026caba49e73c27e31f04852d23df7901b7e4c3fa3764bbd1d6d,2026-07-15
CALDWELL,1021,MAZDA,MAZDA3,2008,38,3cdf5a11d73db5e7cbaf05701e06c07367b5813cb6cdde2da3429f8e78e32ccb,2026-07-22
CALDWELL,1021,MAZDA,MAZDA3,2008,38,3cdf5a11d73db5e7cbaf05701e06c07367b5813cb6cdde2da3429f8e78e32ccb,2026-07-22
CALDWELL,1021,MAZDA,MAZDA3,2013,38,31332989ba9d93c7985696ccc679cb73e9a5b2b33faf0a4ca9fd0bc388d20aa6,2026-07-22
CALDWELL,1021,MAZDA,MAZDA3,2011,40,a0b04289eec8c0f99b387281e3ee1b14cca729d7b561930a48859b45be1e8483,2026-08-01
CALDWELL,1021,MAZDA,MAZDA3,2010,42,cd3a49edcd5a4d461dfddba2d3ed7310bfcbb3c5287ff18de9f956cbf74d587f,2026-08-12
CALDWELL,1021,MAZDA,MAZDA3,2006,42,59fdd9cc6e8d9da10ce1c3a673373b5c55331301b8127e4471b36ee5331d77e7,2026-08-12
CALDWELL,1021,MAZDA,MAZDA5,2006,30,753868ddf4c8ff32db10060a145730f0c9eed232f8f61998373a6dc1af4c11bd,2026-08-30
CALDWELL,1021,MAZDA,MAZDA6,2003,34,65c7cd68227829c927146f6267b26a0ddb530aab19d2f41eda01842facf9d125,2026-07-04
CALDWELL,1021,MAZDA,MAZDA6,2005,40,94fbcd40651d04ed6fda1e01fb5edf85e3b79bc3775ff94d89fdcb6d925f4d1d,2026-08-20
CALDWELL,1021,MAZDA,MAZDA6,2006,37,767f7b73cd678a08d1d4847f6f57cdc6e140cb13b76b5e77c529207351e6c499,2026-08-30
CALDWELL,1021,MAZDA,MAZDA6,2013,35,f1ae6eb0a0ce5f3f570dcd3d83ed13877e377b6d552fa46f31a0eb80f96f5332,2026-09-04
CALDWELL,1021,MAZDA,MAZDA6,2012,33,d8370663d3bcc62db3d661e0abf450f78564b66fed5d4c673d2931b899c27ed6,2026-09-09
CALDWELL,1021,MAZDA,MAZDASPEED3,2008,32,797aead893033ec3d2237485205366bd244af6237c33fad9ce1e86be6e962f5a,2026-06-19
CALDWELL,1021,MAZDA,MAZDASPEED3,2007,34,7a1b8eacbb1dc1deb28d94107fbefca0f6113626b2584c8385c7e7799dcdae77,2026-07-04
CALDWELL,1021,MAZDA,PROTEGE,1996,38,0d36e0faa32c87e294925250b82df8f23f23d2bee58305ad536c1feed73903c1,2026-07-22
CALDWELL,1021,MAZDA,PROTEGE,2001,42,d15e9894d00519e054a6a94a56d6756de5024744da413430496f345b542f1dd1,2026-08-12
CALDWELL,1021,MAZDA,PROTEGE,1998,43,14647c010ab02b743fba721bf0dc43f5376ec61f7c0faaf0155424d5ff796641,2026-08-18
CALDWELL,1021,MAZDA,TRIBUTE,2002,28,338a0f3790f5da63156e8a372aea57bd4df4241e8cc1307bda2fdd4888557788,2026-08-21
CALDWELL,1021,MERCEDES-BENZ,190,1980,63,2dd1b58bc19f53a6b187b06632bf4ccdb0d87d049cc4bea986850bb4c20addf2,
CALDWELL,1021,MERCEDES-BENZ,450,1977,63,46c8c8a803ee164f339521a743e234682caeed9f8ab083f1503d2b2da830e5b0,
CALDWELL,1021,MERCEDES-BENZ,C-CLASS,1998,32,1585bd3e2ad016fbf08a416b39ae60c7fa8c5f05c562940c33930a418d6f50b4,2026-06-17
CALDWELL,1021,MERCEDES-BENZ,C-CLASS,2000,32,f9c88a2158261043f7e3995a2c9feacafcd71ba8b7a2b17f5582b6c0a0ab19b1,2026-06-25
CALDWELL,1021,MERCEDES-BENZ,C-CLASS,2007,36,bcdd9148d3e948c7059977c36d731ff2b4309f7916a773079b3182b5e4073c07,2026-07-15
CALDWELL,1021,MERCEDES-BENZ,C-CLASS,2009,38,928f40607f79f88f5f107a7bb423e1fab41b41a4d8b8c3fac138d45693ccb61b,2026-07-25
CALDWELL,1021,MERCEDES-BENZ,CLK-CLASS,2001,32,166f95bbb8cd5f9c238b8de32e9a845ce8b08f09a5c87c0394080f40a3121ace,2026-06-17
CALDWELL,1021,MERCEDES-BENZ,E-CLASS,1997,34,54d9e49dc10a1ad715b1cc4b1582a2bbd60aeccbd6ef9383878a5cfa5a66562b,2026-07-04
CALDWELL,1021,MERCEDES-BENZ,M-CLASS,2003,30,e3f45b0b8cda1c55eb45e86ebe3d9d7ca2a473eaf45fcd11593a0c9b078b1d10,2026-09-02
CALDWELL,1021,MERCEDES-BENZ,M-CLASS,2006,30,bbc894c29383a0fc0885f66653f660fc7c7af79446e3eb1a8f64812a8453099c,2026-09-10
CALDWELL,1021,MERCEDES-BENZ,S-CLASS,2007,40,63be811f54cf859a5ed0b2da4c5b4e23d13c442ffe3c9d75666d95d948fd6d95,2026-08-01
CALDWELL,1021,MERCURY,COUGAR,1996,54,99dc2c03aef5a165d62caaf5746c6e71ff030e23ce40b975b75e847f2fabaf3d,2026-05-16
CALDWELL,1021,MERCURY,COUGAR,2000,54,7a5a0f580228e1e7dc6964b9d4b785865049d628718bedfb5eb208a8e3816e83,2026-06-09
CALDWELL,1021,MERCURY,COUGAR,1987,52,124e725803bf554b6d707b719fb9c79e4173ceba7530473851763c45f174a824,2026-08-30
CALDWELL,1021,MERCURY,GRAND MARQUIS,2002,56,9ef82b5cc204a4e02021cbec6bbf2e673a1f32866696d67c52af6444c7266826,2026-08-20
CALDWELL,1021,MERCURY,GRAND MARQUIS,2005,52,3bb99da18afc25918a8d21d2cd360abb41eab4556219be12cd4d13d77b006bfa,2026-08-30
CALDWELL,1021,MERCURY,MARINER,2006,16,7979796326ffe3930cd4a936bb8948b8f1d0e8ef3592779d08eac73bb1b2a65f,2026-08-27
CALDWELL,1021,MERCURY,MONTEGO,2005,52,cb5c8bd4294aa895cb10c421ded7a35c6a9edbfa30986491d79f80c0571353f9,2026-08-30
CALDWELL,1021,MERCURY,MOUNTAINEER,2000,18,c71a391c914e22255cb1686d49a425f7d3040e4bdaadb1dc1c4a3b7d72e48a9e,2026-05-27
CALDWELL,1021,MERCURY,MOUNTAINEER,2004,15,de09d18040e21e44ff58dea184dbb95bbcb84ccd783af51dcd84fe1d02612d33,2026-07-30
CALDWELL,1021,MERCURY,MOUNTAINEER,2001,15,2e256447efc995679bb0fe967f84ca9f5bc9e06e340aea11209681810480f21f,2026-08-05
CALDWELL,1021,MERCURY,SABLE,2002,54,d8664776f987b2bdd2d3577207d69348f92a035d17c97302bbf5c85bd304122a,2026-05-16
CALDWELL,1021,MERCURY,SABLE,2000,54,9bd13583f374c029a6be276d5d1aaa5ff96772c5fcb67d69585908fa4e0fa186,2026-06-05
CALDWELL,1021,MERCURY,SABLE,2003,57,60f1cdfafe4396aa48b844f44063f08ed31b126535bf8d74bf75957126e3bc5d,2026-07-25
CALDWELL,1021,MERCURY,SABLE,2003,52,4b97b96ef489559123b64da7ebeae428d0d78c88e82caf0ccc25e75a8fcd1022,2026-08-30
CALDWELL,1021,MERCURY,SABLE,2008,53,cd39f03772f62a6e9e588239ef765a270df297d4baedba25f1aca31bd36e57cb,2026-09-09
CALDWELL,1021,MERCURY,TRACER,1997,54,903526427594565ec5b7e4c296a15405fb34c15288a871648574250c6e2bb01e,2026-05-28
CALDWELL,1021,MINI,COOPER,2002,37,2d74ecfa9f247e79dac155befd51db2bb2ea4375e71d166e35907f880ab53a0c,2026-08-30
CALDWELL,1021,MITSUBISHI,ECLIPSE,2003,35,bd652379b3369418fbf2ffe350eb3d8aa4eca01da3804e9f42d76c84025d92fc,2026-09-04
CALDWELL,1021,MITSUBISHI,GALANT,1999,41,cf238eb88170d45ce656b2ca499de328376708aaa505290a10bc418ea2194407,2026-08-20
CALDWELL,1021,MITSUBISHI,LANCER,2006,37,d2adb898c67081e9527898277e90810edcbba11d9cfdb9508e384e5afbc9354f,2026-08-30
CALDWELL,1021,MITSUBISHI,LANCER,2005,37,b61b189850a553fb1d9e27b7f829b89f9c22aac7849309d9dbf8dc5b971b44a8,2026-09-01
CALDWELL,1021,MITSUBISHI,MIRAGE,2015,42,9f72311e3d0687cb1f465aa01110b7ddfe71c83fab712a0e3a61537b4d5e7769,2026-08-12
CALDWELL,1021,MITSUBISHI,MONTERO,1995,28,20d27c98ac22344b4c9ed13a8af4fb7c4ccaa4dfdea2e1a864ddf167e40ff764,2026-07-30
CALDWELL,1021,MITSUBISHI,MONTERO SPORT,2002,29,4474f589dba578984ed0521eba1e06eeefc2c3f1f56abdaa0b536d91533e0803,2026-07-11
CALDWELL,1021,MITSUBISHI,OUTLANDER,2007,28,dbf98e031a9c63d8e8704fc60c1a0c74dcd3f936859cc90fa3b2c0acccbfa0b5,2026-08-21
CALDWELL,1021,NISSAN,ALTIMA,2013,32,d175961e49d012e5d5958b1a12f443e133edb0a7125ee377b6fdd7ebada5265e,2026-06-23
CALDWELL,1021,NISSAN,ALTIMA,2015,36,00e2443b3b0e99101c211207a50f2cecb3ce0729ac153aba7c9e2ae934c4be72,2026-07-15
CALDWELL,1021,NISSAN,ALTIMA,2006,36,7389d062a50af737822ed4c6bcc960836824f3cc84078b799faf14e87bec6f36,2026-07-21
CALDWELL,1021,NISSAN,ALTIMA,2013,36,c66013d34d4aae2093a69f19be52159d5de40c1932f5dc3bae17484e50ab68cb,2026-07-15
CALDWELL,1021,NISSAN,ALTIMA,2012,38,917adbbac60cf25864fa4e488342d11682f625197d4c5a9229cc1a83fcd3a474,2026-07-22
CALDWELL,1021,NISSAN,ALTIMA,2011,38,dd0fe6b85113f6e129eabbc689ba1c2e3663ceb52d8b4b09fccee15d3db9787b,2026-07-24
CALDWELL,1021,NISSAN,ALTIMA,1997,40,04e82f41e38c6238461bdda6e6d2c67a0ff8c4f6fbc1c83ff1dbc375aa8d2eac,2026-08-01
CALDWELL,1021,NISSAN,ALTIMA,2012,40,4033084ca35b27487ee004e716a65c02810bc54f8b1d25180ba90e3218cb4f61,2026-08-01
CALDWELL,1021,NISSAN,ALTIMA,2013,42,033a3680c0c31bea08232255ee2379a7fc172c73ac8cc1b83e126036fa70c67c,2026-08-12
CALDWELL,1021,NISSAN,ALTIMA,2003,43,619f93e9ac58c3489b36c87073debac45a998e2c398faae72a610936192f0ed9,2026-08-18
CALDWELL,1021,NISSAN,ALTIMA,2011,35,700cc242ffb582c49a388143eb98924b1a709e5236bc912e3074a2a793599a6e,2026-09-04
CALDWELL,1021,NISSAN,ALTIMA,2011,41,e671920e2dae4c98567098cbb69a5eb347cbd07e878612aaf9823256c6c8b5af,2026-08-20
CALDWELL,1021,NISSAN,ALTIMA,2003,35,8b053e63c1664122f2bb9b842a1099405473a3f6c252e235a2c6983b99c7798d,2026-09-04
CALDWELL,1021,NISSAN,ALTIMA,2013,35,498d74482e7e26fbbd007b5d88b52309e8f02ae176e62cb3cf816ec7ec26fb4d,2026-09-04
CALDWELL,1021,NISSAN,ARMADA,2008,30,f35c243ffe33d3bdd9fef9f7a24f91bd25248e1aabdfbe23c3c31dd4a50ca3a9,2026-06-25
CALDWELL,1021,NISSAN,ARMADA,2015,30,24e23e6bc1a5a54db3b0f4670af37a4ad12c7632d834598ae9362ea1b8963eb8,2026-08-30
CALDWELL,1021,NISSAN,ARMADA,2005,30,f97601e0a2f68b173521508c120154b94744421f0e5639498d35666507bb4439,2026-09-10
CALDWELL,1021,NISSAN,CUBE,2010,28,df287db088aff939cc2c6e107be1830f84c1e9ff21e9fa5028cc318390cf92c3,2026-08-12
CALDWELL,1021,NISSAN,FRONTIER,2004,28,36cfd89b5504295cdd72eaf4150599ebf24f6a95c78f0c551510e92d8afa1996,2026-08-02
CALDWELL,1021,NISSAN,FRONTIER,2011,28,9dbed685d39ecd71900e2b40fcd62815f33138a3c90c7473b1e78b7c9b0e002a,2026-08-27
CALDWELL,1021,NISSAN,JUKE,2012,30,b05e0f7ec5d01234b8d688608fcba6c110a960111448aae5f1049e63143aa703,2026-09-01
CALDWELL,1021,NISSAN,MAXIMA,2004,34,46ceb232c3a12690be1fa1484448688dea90c4bdbe2a39e3c336d8d5918f45c6,2026-07-04
CALDWELL,1021,NISSAN,MAXIMA,2012,36,96051dcead811b3ba5d74352c769dfe2739b415a506efb0f996e1f8be5432524,2026-07-15
CALDWELL,1021,NISSAN,MAXIMA,2004,36,8b7f8ee4ad42d47089ca1138a13622e14533150d828d4250fe692b82ca6d1175,2026-07-15
CALDWELL,1021,NISSAN,MAXIMA,2001,42,f9cea0596f0820513c51e8b9c31d030a2cac626c26256dda97a6504ba4506c6a,2026-08-12
CALDWELL,1021,NISSAN,MAXIMA,2012,40,bde0862e133ab47d040c354294b5ef4c104804ec72d7d5896d76196fffa658a1,2026-08-01
CALDWELL,1021,NISSAN,MAXIMA,2011,39,be533a40087cddf0fe9f0e36b089491dee291621bcb4c53a64a86e5d3b9b6735,2026-08-27
CALDWELL,1021,NISSAN,MURANO,2009,30,29465f8fd4c779eb71ee19ffb5874d5588bb6716cd072b5e7413ab6286ed1db2,2026-07-03
CALDWELL,1021,NISSAN,MURANO,2005,30,4e7976ee21cd35d26488a28768abfb1c6de039a4dfce7896d8e4461c11503c85,2026-06-30
CALDWELL,1021,NISSAN,MURANO,2004,29,fb99cef555cd413f4de02834a860cc9770771fcb23619932f7d33ab6d4cb3471,2026-07-07
CALDWELL,1021,NISSAN,MURANO,2005,28,6a3475c33328dcae14e2aacf2c81a33d3c323c391e034f2b6274d12e24264c2a,2026-08-02
CALDWELL,1021,NISSAN,PATHFINDER,2005,28,4e4ee6f57512fd25fd4919265bd2210e90d3280bb6151521f0c386996f49b411,2026-07-30
CALDWELL,1021,NISSAN,PICKUP,1994,31,a81a3ddc03ee263073d9915209c4224fc40c073f2161304276ecfbf2e53a334d,2026-07-18
CALDWELL,1021,NISSAN,ROGUE,2008,29,15f81f339eea2968eba5217bc203376ab5ff7b2480dda26817942b145a9a178c,2026-07-16
CALDWELL,1021,NISSAN,ROGUE,2010,28,580f274a0969bd55c6761bcac925cda0bf7f86a50f135f2e140aa496fe2bccd0,2026-08-07
CALDWELL,1021,NISSAN,ROGUE,2013,28,c70dc4c82811e4c71ce1ee86a2df4c33d1f7328ee724aa4c9d52517abb15bed7,2026-08-15
CALDWELL,1021,NISSAN,ROGUE,2008,28,14f38cb4ad65d6cd2a774efc43071c044ec0d0222c2af9420a0eedd45840ebe3,2026-08-20
CALDWELL,1021,NISSAN,SENTRA,2011,32,c1a4422faacc4d172166dd73db5696950fb6670159f7f8bf556650f9b30db304,2026-06-25
CALDWELL,1021,NISSAN,SENTRA,2006,36,7231ef30f885507a0f7c801f8216e44fa051bcf9bfd2ee1205ca1e32f04ebc2b,2026-07-15
CALDWELL,1021,NISSAN,SENTRA,2014,36,52b4e33036f7d15619200a0e8b1b75e4cac2d6c43712346c50d4bdecd4c0f803,2026-07-15
CALDWELL,1021,NISSAN,SENTRA,2015,36,ca6e4c67435e9d24c92c655e0ee86e342d4bc77e70f913b48db76a0f347df8d5,2026-07-15
CALDWELL,1021,NISSAN,SENTRA,2018,36,087f20f23236e03cb4a3f97f7070dcb3f0a3d930bcd7d10940c77632a25b2691,2026-07-18
CALDWELL,1021,NISSAN,SENTRA,1996,38,3a96fb0dff00afae6c7edd2a48100eebd35314108a3ba143bd244f38cc028cd5,2026-08-11
CALDWELL,1021,NISSAN,SENTRA,2004,40,3ad651e4f755cc0e1796e926ea3a357a005b1cc8da6bcd9587d639252d06a272,2026-08-01
CALDWELL,1021,NISSAN,SENTRA,1989,40,6a7aa2fcbf26f515796dab7208f13a3543af0f659d65633db1a8d169a9d9ab12,2026-08-04
CALDWELL,1021,NISSAN,SENTRA,2011,41,242a570246ee5f9c24b5db4621cf0f4f344eb7b1bf1d702ed97b5b45d9d5523d,2026-08-28
CALDWELL,1021,NISSAN,VERSA,2013,34,dc7eb1dd836682a76d014a0a07e74d4f2d8613a73fd75a698d32b7637b03d08e,2026-07-04
CALDWELL,1021,NISSAN,VERSA,2012,40,8bf837efe5b3ad914cb10b10d5eef1721a477523f3563081486ee377c8e88118,2026-08-07
CALDWELL,1021,NISSAN,VERSA,2014,40,1c7b98790a6449ce82ed640d4751209e37eae72a367056929d13f5f916fde4c2,2026-08-04
CALDWELL,1021,NISSAN,VERSA,2018,39,91982c3178d4cc3cfc1f98e00a5ced2c99ee18003680c0033bb1004b413bea61,2026-08-27
CALDWELL,1021,NISSAN,VERSA,2009,35,4893fb0b440861bb3bc48c0058819340667b491da464e4598fc2c149a4fac0e9,2026-09-04
CALDWELL,1021,NISSAN,VERSA NOTE,2015,32,d4bdab672a995257b2c4e4a0d1ccaee85dfdd03da708d13c8702b47d56ba3dcb,2026-06-19
CALDWELL,1021,NISSAN,XTERRA,2004,26,5db4bab2f5bd7dc74f8f381d9fd0fd08804ead16bafa8c22937385bea4f067a0,2026-08-23
CALDWELL,1021,NISSAN,XTERRA,2006,30,687d79281a990ee01218a08876fb42e54d5e606912091658202801e3e3e67d46,2026-06-23
CALDWELL,1021,NISSAN,XTERRA,2001,29,1b3fec0e2131c560a66b7eee319132106e6290de88e3b2600d5eed23ecbbdae1,2026-07-09
CALDWELL,1021,OLDSMOBILE,ALERO,2001,46,2d33bdece169daac67513c2205fe2f3032ab724b3f5d174a9c8750c9e374df1d,2026-04-17
CALDWELL,1021,OLDSMOBILE,ALERO,2000,50,fd7b6179ef3cf8dde89ea580886b6ca98a1b226ca4811b3d1dffd7f9faa293de,2026-05-27
CALDWELL,1021,OLDSMOBILE,ALERO,2001,48,3b4f606f27610dce98fa5725f63518b41f1b59edf8257d5f29173996a828635f,2026-07-04
CALDWELL,1021,OLDSMOBILE,ALERO,1999,44,ad9290aa1f0526996b69c76fc04dbdf7a5a271af18cd900ec3db827ef71fd5e2,2026-08-14
CALDWELL,1021,OLDSMOBILE,ALERO,2004,44,cd5a4772b927767ccf37900e63d6b4ebbdaa9a20f32e5315dc323b9739d5c0da,2026-08-14
CALDWELL,1021,OLDSMOBILE,BRAVADA,2000,4,c0fd93aa0498cd5991d5cb66f8cb88366488c9dee76e15d9f378c411f61d5c60,2026-08-11
CALDWELL,1021,OLDSMOBILE,CUTLASS CIERA,1991,45,1a1f41d8bc08430b328dca51d7628b4f3ef41cd6a53b17220b068b486c51abf0,2026-08-27
CALDWELL,1021,OLDSMOBILE,CUTLASS SUPREME,1979,63,7d1fb0a225004988d77a1ac3131ec537d2b11d7373a39d72fe0b6f3428a467f3,2026-07-25
CALDWELL,1021,OLDSMOBILE,DELTA 88,1989,45,663ad30a77009c55b0547b6ae3544d7c5013009bd5dd45bae3c528d481e573a8,2026-08-15
CALDWELL,1021,OLDSMOBILE,DELTA 88,1986,45,8461358efd7d21cbfa6695a7b1faaaf4bf6e09a1d1b9d1439c2c09311f436f19,2026-08-27
CALDWELL,1021,OLDSMOBILE,EIGHTY EIGHT,1992,48,0afb92f64050dcd605d04051fa62913ad633349ea891d578d60e9ece73843d95,2026-07-15
CALDWELL,1021,OLDSMOBILE,SILHOUETTE,2001,2,8de7ed543ea47b9fbac2b3489ddb30a17acead88fc22ef2ffbf7698af7660047,2026-09-03
CALDWELL,1021,OPEL,KADDETT,1970,63,8146655847454a17a0a67ff0444921c7470a2bd11e3ca048b0ad6e3137b712e9,2025-12-18
CALDWELL,1021,PLYMOUTH,BELVEDERE,1954,63,394e9f4acfc96478cbef90b5cc15021acabbc2aa52a8636719eb7618d7f54f4a,2026-02-06
CALDWELL,1021,PLYMOUTH,BREEZE,1998,61,148c16c5d84d793d132687ebd60d09599c4ae836f6bdaa5b2c999a869e862ec2,2026-05-03
CALDWELL,1021,PLYMOUTH,GRAND VOYAGER,1999,24,5d9d607c58f9055202fc29376ef09f38618efa98c9c333ab2f9837f9d029c3cd,2026-08-07
CALDWELL,1021,PLYMOUTH,GRAND VOYAGER,1997,26,12520b4bf734cbd605e1faabe19d887eddd693e4548b5b7e05fc344a808bbbc3,2026-09-04
CALDWELL,1021,PLYMOUTH,GRAND VOYAGER,1993,26,3f69665f5bc31d740e282c4ea55ec5dacfbee3a794ad393e064cd435fb238aea,2026-09-04
CALDWELL,1021,PLYMOUTH,NEON,1998,59,a6ddbab44708e39a90c378f47f71a917a663f053596bffbb85458578e3927751,2026-08-20
CALDWELL,1021,PONTIAC,BONNEVILLE,1997,46,45d762653dbfb473b4de30c7466fc65fb6a051ad897652a31abfaaa11b747eb2,2026-03-30
CALDWELL,1021,PONTIAC,BONNEVILLE,1998,51,e4fdcd54c44fbaa478d786b8ea1b5d6e952592389fe59ca6da80361cb0140b63,2026-04-30
CALDWELL,1021,PONTIAC,BONNEVILLE,1990,46,be043dcc4ff868824907e21473a97c5e243cd5597a8cae39425d09992f64623e,2026-04-17
CALDWELL,1021,PONTIAC,BONNEVILLE,1999,50,c30a323cee73bfd51f0217d46295991ae1456215bc415c1d5d7dcb7e29e06e0a,2026-05-27
CALDWELL,1021,PONTIAC,G6,2006,46,c1825799761ea46190411e1a98d02a7dbf35ef0cf0a01f7b4c8ea3049f917cfe,2026-04-03
CALDWELL,1021,PONTIAC,G6,2005,46,1327147db1bde2579fa4317e24cc9a7d403b48ec3a4ccb4d2ace1869f49227d5,2026-04-25
CALDWELL,1021,PONTIAC,G6,2009,50,4473c5335753ce3e508643350014c7469504933f82e086c09d9fa0d5fe71866d,2025-12-27
CALDWELL,1021,PONTIAC,G6,2006,50,646820457512ea2399b71845505b5e2ee2b3f6319eaab0d8f2df77db8206bd83,2026-05-16
CALDWELL,1021,PONTIAC,G6,2008,50,ceaaae68b0e073a93d42f8646b72c06175b0c1956576e83237625ee128b0928a,2026-06-04
CALDWELL,1021,PONTIAC,G6,2006,48,01d52f4e3eddc58881fa3771933768b40ccf2c4fdcb1cee52d9cbc79a0d2739f,2026-07-18
CALDWELL,1021,PONTIAC,G6,2009,44,05f3c92f89a4e68af4c461c5b514f577aed5e4396d0499f4ded70259ec56bd45,2026-08-14
CALDWELL,1021,PONTIAC,G6,2008,45,e56205c171dd8f9d3fde0906c1f7afbea972640a6df7a2c65303518ad3bdc4d4,2026-09-02
CALDWELL,1021,PONTIAC,GRAND AM,2004,46,ef76272334e5c47329e2439757a5ac5d68c603ab9a88c6e2dc5957e24b73d4d0,2026-03-27
CALDWELL,1021,PONTIAC,GRAND AM,2002,44,e39692b4b45c92f2da5aa8be58c1cde9e80262ee884108abea48f1401735177c,2026-08-14
CALDWELL,1021,PONTIAC,GRAND AM,1994,46,4b13c4a7d6fdd2c68964cf1047c118aaf1d798ea365061a0ab3dc058031413e2,2026-04-03
CALDWELL,1021,PONTIAC,GRAND AM,1999,51,60e56a2d7f7a8e9303e3d708b2a34ea5301f3b4f2178fbf89e7e312c72428575,2026-05-08
CALDWELL,1021,PONTIAC,GRAND AM,2004,49,cac06650609e82c7e1f26a0f4f3d0b309fea577ffa6893589e11448ad38a94e8,2026-06-11
CALDWELL,1021,PONTIAC,GRAND AM,2003,48,09182c237b5e3b344f76fc5a07c750cef5d5e9b863b2160e97f417457fb6253b,2026-07-11
CALDWELL,1021,PONTIAC,GRAND AM,2000,48,443946e90779db898fa1c695378dfb0fb1f6566335ca2394e1ea93d2aa7133e4,2026-07-07
CALDWELL,1021,PONTIAC,GRAND AM,2004,44,f53cf596a5ed154314eb02d23e82afc35c1c56f495fd44f7a448d29ab31d1725,2026-08-14
CALDWELL,1021,PONTIAC,GRAND AM,2003,44,ccaa57efdbe3daa4445bac4549ac674390dd1cd4189c5e15508f0b897f917b44,2026-08-14
CALDWELL,1021,PONTIAC,GRAND AM,2004,44,f53cf596a5ed154314eb02d23e82afc35c1c56f495fd44f7a448d29ab31d1725,2026-08-14
CALDWELL,1021,PONTIAC,GRAND PRIX,2003,46,f3e816b28d88bf786e58e525bd3e9edbb3b891173062063d875cbc8f77eb6d2e,2026-03-28
CALDWELL,1021,PONTIAC,GRAND PRIX,2005,46,eb35958b821ba62543cf5b8e8e758bcc80f477489c334beffdbf701d8bc71c3d,2026-04-12
CALDWELL,1021,PONTIAC,GRAND PRIX,2000,51,394bb23f4628e3c04be9179a392d5a025d108c7b85489403979b192a894edad4,2026-04-27
CALDWELL,1021,PONTIAC,GRAND PRIX,2002,50,df360a4dc6594d6e2ad53cb745ad67341eba146350378eb5ae38e082ddee7b54,2026-05-09
CALDWELL,1021,PONTIAC,GRAND PRIX,2006,50,2ff63b75d44d55472feb9b97e8e277f8eb97212c0f52f0b6ae0fc235d30ac756,2026-05-12
CALDWELL,1021,PONTIAC,GRAND PRIX,2008,47,0aca1cf1050ccd453efc48cf1be58f645ea20932eb4f627ceaaeb387553ba878,2026-07-03
CALDWELL,1021,PONTIAC,GRAND PRIX,2005,48,ecf933b908fbcc7e4392c02baa99f154a798933e06da4500dfc2bbc18aac2c77,2026-08-20
CALDWELL,1021,PONTIAC,GRAND PRIX,2007,48,2dd35b95e02b5179c09f58cbd6014bf67a9413a6444f850ce493272c3d11272c,2026-07-29
CALDWELL,1021,PONTIAC,GRAND PRIX,1997,44,21e62456b1c2293d4caf8fe6f938ce1cdefbc30496f640704e589d7f0473b00b,2026-08-14
CALDWELL,1021,PONTIAC,GRAND PRIX,1999,44,d94dbeba13354081a2cfc1f706f7f7c5e5f0e91e0208205614262c1f0dfc0b53,2026-08-14
CALDWELL,1021,PONTIAC,GRAND PRIX,1999,44,d94dbeba13354081a2cfc1f706f7f7c5e5f0e91e0208205614262c1f0dfc0b53,2026-08-14
CALDWELL,1021,PONTIAC,GRAND PRIX,2004,44,014b7c90c3ac39379b55a6032fb9540a95b7f985bb1c92cf051e7a484bba0b86,2026-08-18
CALDWELL,1021,PONTIAC,GRAND PRIX,2008,45,dd3193a41405aab4d2ddcf02db9e40983837679bc9c3916ea8d38fa4350e19a0,2026-08-23
CALDWELL,1021,PONTIAC,MONTANA,2006,3,20c0111d30e19fa0324e3937fa3f8ff32b475bdecda8ceda5aa7e65d68f525ef,2026-06-11
CALDWELL,1021,PONTIAC,SUNBIRD,1991,45,6a9f32529b3854fa2e56ec07f985e7dba2ac355728aa183958cd0e9e301620bf,2026-08-27
CALDWELL,1021,PONTIAC,SUNFIRE,1996,50,d85468054eaae5ae75ab6059f2cf0b223c317ccac1df1aa3373216fc624db96e,2026-05-08
CALDWELL,1021,PONTIAC,SUNFIRE,2004,48,42771e27c2ae86db84ca8d78a38c445d88d961818d25f3a9fd26a41a5859ba57,2026-08-01
CALDWELL,1021,PONTIAC,TORRENT,2008,3,f048321cce3a216ca3c3238d65788696b9451d69a043643f71920b2308fc9a98,2026-06-11
CALDWELL,1021,PONTIAC,VIBE,2009,51,95c5d27173356a429c0e447d692ce53d16cd648818723835c79ae6527805e847,2026-04-27
CALDWELL,1021,PONTIAC,VIBE,2005,51,cf9b65667373b94df3f6395b8d7aef53ed872c84a30b654e80b1b63dc92a4ef0,2026-05-02
CALDWELL,1021,PONTIAC,VIBE,2005,50,2a7bb73a24a073b313113f520f6b4f0ce18f9e907352753de9f014de0f522927,2026-05-27
CALDWELL,1021,PONTIAC,VIBE,2009,47,39377db090636f411bcda67de1f228861fcde5659add90efff5114b9b6170389,2026-06-23
CALDWELL,1021,PONTIAC,VIBE,2005,47,3f5296ce8d5f533866287c6886b29876fdc6fcc70a272857d18952c3f0a1572b,2026-07-04
CALDWELL,1021,PONTIAC,VIBE,2009,44,4fa5b041f05493f61a797d01f36286c23d3e2c1ec2b2cb91062a3afbe8e6a0bf,2026-08-15
CALDWELL,1021,PORSCHE,928,1980,63,adaf16440de1e82a73444e991b51218bdc92cd79ad1d538967f190527a6cac82,2026-02-19
CALDWELL,1021,SAAB,9-3,2002,32,26d814199d9b12a350570aff0c86acbfa5ac2bb08e83f00cd1cd821d47364e6d,2026-06-17
CALDWELL,1021,SAAB,9-5,2006,40,8283f9e7c260cd79e7eaefd19086364390b248f223bec46c5ad7f25dde142a3a,2026-08-20
CALDWELL,1021,SATURN,ION,2004,46,77bd8d5bc787dc94e3fddb107e4cba6d492a0afe5a2b37a14bd8079a030943ac,2026-03-29
CALDWELL,1021,SATURN,ION,2006,50,68cedf41def9071cc8bbbdcf3871c33ebfbab542d5c91d06d4c71c2b6d5bceb2,2025-12-27
CALDWELL,1021,SATURN,ION,2007,49,d65449602d10a927a243d2bf441b66226b058e30841a9ad69f18735bb69cdd6a,2026-06-06
CALDWELL,1021,SATURN,ION,2007,44,045316c1ef951ea0d2c34fc4cb004d41a8adc0a15d257e396c39f8b581cecb66,2026-08-14
CALDWELL,1021,SATURN,ION,2004,44,3ce01ed67713551912d3e5761c1132d406f5bbb4f32984c084e4fc2a8e04b938,2026-08-14
CALDWELL,1021,SATURN,L SERIES,2003,50,27411f5dfd8db7f5a25fa20240188ff48fa422f2d7b9d91f131fa8a799907ef1,2026-05-15
CALDWELL,1021,SATURN,L SERIES,2002,47,e793a57a9b1bccd129501c703c7d8d71e195b3e4723295bcd316f0bc5db00d34,2026-06-30
CALDWELL,1021,SATURN,L SERIES,2002,44,448aee6e64884f859de3458c4b4a50756ef9b3ee94be8e8c6ae4f8d991a13f47,2026-08-14
CALDWELL,1021,SATURN,L SERIES,2000,45,10cb92e2352855d01741a3c03786948b4c6fd7650e6d6e2cf03cbe7141226fe4,2026-09-01
CALDWELL,1021,SATURN,L300,2005,48,7a5dc152fa6d1d24834baa0723fffac0bd7e4edb526f692da72f113a6869ee08,2026-07-11
CALDWELL,1021,SATURN,OUTLOOK,2007,11,1e91d3b54932211b19cdf8fe3ddccf399f62f594c39f7d408da981d53e966141,2026-06-19
CALDWELL,1021,SATURN,S SERIES,2001,46,4447bbb0b8872f085554585ffece3698f6a452ed7d80b4f336be014b08882e8d,2026-04-16
CALDWELL,1021,SATURN,S SERIES,1997,51,5620e2d82e1660532b4a84a2ac0e2e5e8cb197699bfffdb4f85a69514742fb0c,2026-05-08
CALDWELL,1021,SATURN,S SERIES,1995,50,48335ae9d38aea3cb8f63878be42ce78581ba4c4c5c468aee1058fea7fc14673,2026-05-08
CALDWELL,1021,SATURN,S SERIES,2000,50,53aa1b0f723e2e4b8d1a5dd4bcc618a81ba5df570598611576f4154e17541689,2025-12-31
CALDWELL,1021,SATURN,S SERIES,1997,49,5f5b51b54a269c0b3d53b24151ccf2b767d7f8b4f93fd296834d58187f4cc59d,2026-06-06
CALDWELL,1021,SATURN,S SERIES,2002,49,20ce7e96a94bbd517f433d5cbf23706f0f6e2f2616d387317f1065d4820435fb,2026-06-11
CALDWELL,1021,SATURN,S SERIES,1997,44,f0a94500112127c658ae46c75def506d41e32c3619436cb005bd9214355ab381,2026-08-14
CALDWELL,1021,SATURN,VUE,2009,1,20376b87ae7947c0a970aad12be2c5ffe9fb2af0a38a96821871b4384672a451,2026-08-04
CALDWELL,1021,SATURN,VUE,2005,11,9be72237574314dfa62091ab64a5893c710ca20892211034a5050a5542e5fb76,2026-06-19
CALDWELL,1021,SATURN,VUE,2003,10,335004f9f41f934dd51a3ee6680970ae3462b36dfd987dc34d64dcc2e9a3b612,2026-07-04
CALDWELL,1021,SATURN,VUE,2008,8,cf2d24ce5cd07619205e9823a957efe3a2d16547858a18a7a537ca2c9114f95d,2026-07-17
CALDWELL,1021,SATURN,VUE,2008,12,87a5a08741887d2397078e51ef5cfce1fb8c22e195afb782c30c7b2cee1717aa,2026-07-25
CALDWELL,1021,SATURN,VUE,2003,1,a34771e243ccaf21fe943f6555cb1b8b05ce54b9248d6cac72743fee736c20df,2026-08-08
CALDWELL,1021,SCION,TC,2005,42,7ffacbf800633eeb7b37d4936792223019d8bbbfae8e59cfc732cc8ed12cd602,2026-08-12
CALDWELL,1021,SCION,XA,2006,34,5156ea4f2443d96d09a6648e12d5a595534009a59a8e6bec29fe127a41b36377,2026-07-04
CALDWELL,1021,SCION,XB,2005,32,e11890c716a02c89ff595fbb029477f91de68263c19b7f7528c285e89f236574,2026-06-17
CALDWELL,1021,SCION,XD,2013,38,481c3782c1ce0ae434657cf8e8823f994638cb3595397b59ea5884cc99cf6d70,2026-07-29
CALDWELL,1021,STUDEBAKER,CRU,1953,63,d32d1f894356ecaf0f632d3fff73af8db73ade69cd414e382d0c8060f4893548,2025-12-18
CALDWELL,1021,SUBARU,B9 TRIBECA,2007,31,5a3701d19d5bcdf2bcc95a691f41e225164c45d64e361c47b1ad26eaf13b3167,2026-07-24
CALDWELL,1021,SUBARU,B9 TRIBECA,2007,28,cb9545250c0a2a0b858fb26ff9a6cd40e9a3ef565c77c1867ed8f3674302448a,2026-08-27
CALDWELL,1021,SUBARU,FORESTER,1999,32,6a6e920a7e53190c9f9f2647ba84c26183f024cc4c202d9fc748b558913dc7b1,2026-06-17
CALDWELL,1021,SUBARU,FORESTER,2010,29,bcc34b74db469768b3f82c41a6aec9ed24764ef8b08a0e4c492aed1d1651d256,2026-07-11
CALDWELL,1021,SUBARU,FORESTER,2007,29,af2a8e4aaafa0319084b95cb932bcf6f86328dc431fcad0b22840ff900a4cbaa,2026-07-12
CALDWELL,1021,SUBARU,FORESTER,2007,31,ece9747d1c6e9d531b80262d530412cbe38c5581a4f7ae9d566c54cfbeaea237,2026-07-22
CALDWELL,1021,SUBARU,FORESTER,2020,28,d494118ecb5b45b649f99490a01a0aa3c08a4659bea5091a459ace0d34a45018,2026-08-13
CALDWELL,1021,SUBARU,FORESTER,2008,30,2a02017736625856e7b7014d80e84393104649055302cce371342517026db72e,2026-09-05
CALDWELL,1021,SUBARU,FORESTER,2004,30,26da888297476a746d8d947fa7eec91a81ff92c1ce69d1ed43c058d8c61bcf3a,2026-09-05
CALDWELL,1021,SUBARU,FORESTER,2002,30,60b168109cc19344a33b32ac859cbe4f62ec66282519cf984385132c0796b7d1,2026-09-03
CALDWELL,1021,SUBARU,IMPREZA,2008,40,e9ea8f984c339a358bab8e028b3642a8cb28ca1fb6e537d4c10e0d49ed987330,2026-08-01
CALDWELL,1021,SUBARU,IMPREZA,2014,36,a7754f06624570bb907583061caed0600749ba6b04501251fa2015d0acf7593e,2026-07-15
CALDWELL,1021,SUBARU,IMPREZA,2010,41,4bc6d5d7f13a40243978b1fda5a2668f9fb2302a2ec0fc1e992ba4a36a3f0c19,2026-08-21
CALDWELL,1021,SUBARU,IMPREZA,2017,41,204770280006591e0b8837be944efc855db394d19d5069a883af1f3ada6cb4c9,2026-08-20
CALDWELL,1021,SUBARU,IMPREZA,1993,33,9c1259fe25c9e80813fc3e898692b295f635f2f2c95ec209ce06213fd8753f4d,2026-09-08
CALDWELL,1021,SUBARU,L LINE,1986,34,fbf3fb936222e97b4fbdf403db39dc48b0656f3a628da76f9ee20d262b115fc3,2026-07-04
CALDWELL,1021,SUBARU,LEGACY,1995,41,cc709fc0ce2d18e7ffb01b15118792599cf082d72116d0b853c1cfadae6f0998,2026-08-20
CALDWELL,1021,SUBARU,LEGACY,1999,32,37f9ef8c581f05333accf9e7f652b9fe12a60ab8dc1697fb7c90e19b1f7b7b3e,2026-06-17
CALDWELL,1021,SUBARU,LEGACY,1999,32,37f9ef8c581f05333accf9e7f652b9fe12a60ab8dc1697fb7c90e19b1f7b7b3e,2026-06-17
CALDWELL,1021,SUBARU,LEGACY,2010,32,6a314c388f2290a6da20a3a0ed86d9d66122d03fec4f17331022554c465730e3,2026-06-21
CALDWELL,1021,SUBARU,LEGACY,2013,34,df575e590652adde124a0a2b5e2c82f1935d7e09a6cee82a808439014964fe55,2026-07-04
CALDWELL,1021,SUBARU,LEGACY,1996,34,5846cdacc147b357b5aed86f95d60c2aa5ac900a0dca5491522cd65d121c65b5,2026-07-04
CALDWELL,1021,SUBARU,LEGACY,1997,36,65be05ed8abf77991c113b368bacd29897810a7d415b840570f5cf7b97be9278,2026-07-15
CALDWELL,1021,SUBARU,LEGACY,1999,40,32ac1a3ad47d1925c64802739e6c39c9ff6748e3d79e683c4b2ce06d84bd2602,2026-08-01
CALDWELL,1021,SUBARU,LEGACY,1996,43,15ed4b0a9ccef2702ed0e3890f0b22078d857d80782f799b6540b6d0df3ad997,2026-08-18
CALDWELL,1021,SUBARU,LEGACY,2002,37,b5c1a8a9470d8f78503844547ea4aaf5d75d6883a6477b9410a7c439b0c06652,2026-08-30
CALDWELL,1021,SUBARU,LEGACY,2000,35,0d088788179fd2e5821d2334cc90464bd16be10ec72ef66563ccee8b614760ca,2026-09-04
CALDWELL,1021,SUBARU,OUTBACK,2005,34,6db26a706ecc870260af070864e0f60dc002e3f0f1fa01bb59f0ad49f32d90ad,2026-07-04
CALDWELL,1021,SUBARU,OUTBACK,2003,34,35c54b9fe75acb1fc925f05745147eb2fbbacb88e799706eaf474ea49bc10044,2026-07-04
CALDWELL,1021,SUBARU,OUTBACK,2011,29,2c18093b506e43bca66a62bad92c6102c9c69f0c0d0396fbda7320ebec1cc3da,2026-07-07
CALDWELL,1021,SUBARU,OUTBACK,2006,36,3ac33c6c0cf4d4e46d83303abc61cdc87153fc48825a21de79f28d220e2281be,2026-07-15
CALDWELL,1021,SUBARU,OUTBACK,2002,38,373eafa70c379d7a9bc9d3e2f4c705cdba167dc092ceae7c0b602095d783a927,2026-07-22
CALDWELL,1021,SUBARU,OUTBACK,2006,40,3267cb02cfd8c059ccc6903dead08a4ab174dc4bb4c8901bbcbb95368c0a9253,2026-08-01
CALDWELL,1021,SUBARU,OUTBACK,2005,42,36705f6b17af95543e4ed4dc6b05c1944982901a322650905c9503a528c8e345,2026-08-12
CALDWELL,1021,SUBARU,OUTBACK,2000,35,74f60faaf2ef29b3291f7ed41ced2b831dda43b7f1a554433dfbf2f4e7bc134b,2026-09-04
CALDWELL,1021,SUBARU,OUTBACK,2007,41,c7587f99dc192e50e683103a938626208321a04a85cf6bdbbd7db744658e0c8b,2026-08-20
CALDWELL,1021,SUBARU,OUTBACK,2002,39,cc953563afef1b95840baa557800718415fa3fdfa7596d1c675632f3c8d0d210,2026-08-27
CALDWELL,1021,SUBARU,OUTBACK,2000,37,cc287c45cbce491177cb8dcb0846713fe6fee720aa8f3661246e61238e9bb99b,2026-08-30
CALDWELL,1021,SUBARU,OUTBACK,2002,35,4478c973213cdd90a73ab7bbf324a5ad4716acc0d1ab7056e525d7fdf006cba3,2026-09-04
CALDWELL,1021,SUBARU,OUTBACK,2009,37,ce600a52f82ceeb1077aaa0930e5238072ca1c211b56f62a1edfe3328aa8e6f1,2026-09-01
CALDWELL,1021,SUBARU,OUTBACK,2005,35,295be876c9c33f8f7ca5b53e02bdd0ad9362d63933b164c134e81c78d1f3c6f2,2026-09-04
CALDWELL,1021,SUBARU,OUTBACK,2005,37,c42a4374374ed9e63320516a5e94857c983e533839d2e56fc79241bebe3fe05f,2026-09-01
CALDWELL,1021,SUBARU,TRIBECA,2008,31,4705f1c915f58355130828dadd38fbea187c20b8dcb73c6fba565e5092a1cabc,2026-07-15
CALDWELL,1021,SUBARU,TRIBECA,2008,28,831838c5ca10abcba6156580f6231cc8683c54e55526f7a1d2043273dd77aeec,2026-07-29
CALDWELL,1021,SUZUKI,FORENZA,2006,38,5a8bd82608fc2bd16b713dc71413295fb2156a8c030e00eaf756844ee2b7132e,2026-08-07
CALDWELL,1021,SUZUKI,SIDEKICK,1995,30,a28bc16811b4295ded96b6923cd7f1c8c669a8714728ced9237396ddabf356b1,2026-09-03
CALDWELL,1021,SUZUKI,XL-7,2008,28,2877f28c95fe8b0ab6eb09359d6841c3d5c9f5c8e9f8273f1bcbb81d53fe2c33,2026-07-30
CALDWELL,1021,TOYOTA,AVALON,2001,32,936fc476a71a7d06ad12f34eefe4c2157d734899accc1e76ec6ed4b6797c1ef2,2026-06-17
CALDWELL,1021,TOYOTA,AVALON,2006,34,5d7f6d45c8bf002ac40a2af558fa5fe733999f08424105c5e33bdb716ccc6820,2026-07-04
CALDWELL,1021,TOYOTA,CAMRY,2007,32,603f010d2c70a5534734bf0349399a5061748b382750ffea113483072df1318f,2026-06-17
CALDWELL,1021,TOYOTA,CAMRY,1996,34,aa533cf10a8be5dd08f93b35307052061ee73eea234792fda4c35b1ccdc7dda0,2026-07-04
CALDWELL,1021,TOYOTA,CAMRY,2005,32,2a099f7fdfcf0affdda171d9edddcd8b1b9e9f359e341df3c0ee1b58981ef3f4,2026-06-17
CALDWELL,1021,TOYOTA,CAMRY,1995,32,dacabf2c2ad2c2af84f7e0f70a6442514f0a07000e931ec20ce0e954b49be0b4,2026-06-17
CALDWELL,1021,TOYOTA,CAMRY,2006,34,64e9ec51878d1bd250a8b93b1165e22608c8d3aeb00518ad4c9da7982655851d,2026-07-04
CALDWELL,1021,TOYOTA,CAMRY,1999,36,28d229a11225235c0ead35cf0f8ef547ed681bd6c3b6871280f979bbbbf6cb72,2026-07-21
CALDWELL,1021,TOYOTA,CAMRY,1993,34,ca5757cb30911ac74f1b843892a738ba8db5cb51eae84822058e99e2988388b4,2026-07-04
CALDWELL,1021,TOYOTA,CAMRY,1998,36,8d5dc655354413cd111efea51bbf8b570906d6a807c0c87a1a3fd7dbae055bbf,2026-07-15
CALDWELL,1021,TOYOTA,CAMRY,2000,36,f548ba5425b571db8a727fc4135884ec9c1b3d770e4181b1be9d6c5adf0bd59d,2026-07-15
CALDWELL,1021,TOYOTA,CAMRY,1998,36,8d5dc655354413cd111efea51bbf8b570906d6a807c0c87a1a3fd7dbae055bbf,2026-07-15
CALDWELL,1021,TOYOTA,CAMRY,1998,35,1d633d9c05b82facabb70dec23d17bd2baff7df2cc7e497856957df6ec08796a,2026-09-04
CALDWELL,1021,TOYOTA,CAMRY,2006,38,1c6994525d1fcc8f6190989c8192ce6a3cb225e4572cc4d23cb05ac572f8f752,2026-07-24
CALDWELL,1021,TOYOTA,CAMRY,1991,38,289c9cf761935155e469b22677037d7ebe04632d930782aedc29a4a1ea8bb712,2026-08-07
CALDWELL,1021,TOYOTA,CAMRY,2001,38,1cc41da55316029e043c975ff7c467ddbbdf915a1906f9e18453e7221b1046e2,2026-07-22
CALDWELL,1021,TOYOTA,CAMRY,2009,38,3504f3aa7b8d15c458ff2df444e3f242ee5e05cc501d4ca018f23520ffbbb8a5,2026-08-07
CALDWELL,1021,TOYOTA,CAMRY,2012,40,7fb561468e1e373a55c12203f8b5f5c7df43bffc31ff926cc9293d1778e0dfd9,2026-08-01
CALDWELL,1021,TOYOTA,CAMRY,2004,40,095b527f18352c125251294120609c2246b5990f2ff501b6239ddf2a5e5e318a,2026-08-20
CALDWELL,1021,TOYOTA,CAMRY,2007,40,311650ff1f030ba1dcc952c1d7b23d0697e4d846d7f07afd6301137a38cb732a,2026-08-01
CALDWELL,1021,TOYOTA,CAMRY,2006,40,d4e3eda0acec05cda884cf92eb06ec00fb7d925782458dc5cceb65d3781889e8,2026-08-07
CALDWELL,1021,TOYOTA,CAMRY,1996,40,f394ad899397c262c546c6552d0770cead1cefa13b83764a11a6eb0eaf29fcee,2026-08-01
CALDWELL,1021,TOYOTA,CAMRY,2002,40,18ee9be8cb566bc626e8739968f7e8afc8da05baf149c16a7832a3db90653138,2026-08-02
CALDWELL,1021,TOYOTA,CAMRY,2010,42,91ff465ba07a3d6d2a039bd64802e0f63d202f8482dfe420eb529474b59f5ce6,2026-08-12
CALDWELL,1021,TOYOTA,CAMRY,2006,42,e556fe48e574fc49672ed1e57ea3a698c995fd2a069548099c19510442cbbcdc,2026-08-12
CALDWELL,1021,TOYOTA,CAMRY,2002,42,50e1cfdace94b1ad18609600860fdae7035db12e599d5a2ddf03788f526aaa74,2026-08-12
CALDWELL,1021,TOYOTA,CAMRY,2006,43,904d7cfea56db9bc704c63f180597e0d5541c161ed177f89488a5274cd590c9f,2026-08-18
CALDWELL,1021,TOYOTA,CAMRY,2005,43,7842b44006fbc7c4f555251b0e98b7360cf9510cee0851dc277ee7928bf57b1e,2026-08-18
CALDWELL,1021,TOYOTA,CAMRY,1997,41,215032b38e8cbf75b75c677e36da1b941f1d770a3f461ac657d7f1b3ae7bf751,2026-08-20
CALDWELL,1021,TOYOTA,CAMRY,2005,41,26fe8b728d4d1b63c2a00eb765276b757996d648093ca28a68ace5e54db727a1,2026-08-20
CALDWELL,1021,TOYOTA,CAMRY,2010,41,6f812992b4c0ec5f084e2d18e91c495b907f18a37196b4008e6da22f14d663f4,2026-08-21
CALDWELL,1021,TOYOTA,CAMRY,2005,39,a616f5a32fac92edc759fa56c09d2eab412ba0fac8a0345f55dc21b72ab04950,2026-08-27
CALDWELL,1021,TOYOTA,CAMRY,2000,39,18a50ce1883745f089fc00f2e05a0e97c56aa746eaa3932e9dac1ba085865e70,2026-08-27
CALDWELL,1021,TOYOTA,CAMRY,1994,35,c186083b73db1a2425bddd620074dc94c88a93cbf818e94176f07d47724fc16c,2026-09-04
CALDWELL,1021,TOYOTA,CAMRY,2000,37,72df8f680a40240059cf642bf5f699cd867bfd8d5f483b2fbdcde1b1af1bbfae,2026-08-30
CALDWELL,1021,TOYOTA,CAMRY,2012,39,e7ebd4f6d45d7888395289a758c101bd83aa3fa9170a60dd37a8188e1fe6f6f5,2026-08-27
CALDWELL,1021,TOYOTA,CAMRY,2011,37,d897ce73cc2dae558d1b35451607c5f2c4783d4b786830675fd215b75e40460a,2026-08-30
CALDWELL,1021,TOYOTA,CAMRY,2000,35,d063a19f0a06a6b04f463b3652b8cf3f4c5d0daf66c0e153887120670ce9eaa3,2026-09-04
CALDWELL,1021,TOYOTA,CAMRY SOLARA,2001,42,78f35b3f562dd3af3f76207a237b9a3ffc9b4fe7776e85c5793d6b4ed2bc55d1,2026-08-12
CALDWELL,1021,TOYOTA,CELICA,1980,63,f51c1f9921691d7e6005a9cb798f8d43fe73afa6b35116215e2ca7574ac1df9b,2026-02-06
CALDWELL,1021,TOYOTA,CELICA,2002,41,1278848403888276a36d68122807bcf5cd7ad4c53c6cad8cb59e0940ed2df327,2026-08-21
CALDWELL,1021,TOYOTA,COROLLA,1998,32,b86b92bfdb41728ed31be844b90b872f43cce599d53b98f581a103036a2989e5,2026-06-17
CALDWELL,1021,TOYOTA,COROLLA,2008,32,91e27d62b2ec818009fd7bca8e47adf652e1198b7aa4e66d8353fafd26bc9eb9,2026-06-17
CALDWELL,1021,TOYOTA,COROLLA,1999,34,e30e799c6bfe6a910a839619ab084aef906438e2059c109ae10e4f353ad5e508,2026-07-04
CALDWELL,1021,TOYOTA,COROLLA,1997,36,d1d30806cbe92170e8300cb3d9dd8317768a76ddf880a28d27500fd3ffdc53e0,2026-07-21
CALDWELL,1021,TOYOTA,COROLLA,2004,36,b879e0849c09f306e25870189f3289c4895202fbd9e929efb537b54e7dd4c604,2026-07-15
CALDWELL,1021,TOYOTA,COROLLA,1991,38,9222819faae47fdac4797ce22052ffb408666cfd522f4333ca0a99fbe9e3aa71,2026-07-22
CALDWELL,1021,TOYOTA,COROLLA,2004,40,1bdd2ba8b1a61bbdf15945d60c0fad40f5b9c6b9e8ccd557370d8d1bbed683c1,2026-08-01
CALDWELL,1021,TOYOTA,COROLLA,1998,42,e893787cc572712b52b888fe2406f38dcf45b587949c82a48a44e3bdb8af2bd2,2026-08-12
CALDWELL,1021,TOYOTA,COROLLA,1999,43,892edd0c93ec603714782ddd8a882c7b3ce5d22610b6c2e53fe8c38ed190ade4,2026-08-18
CALDWELL,1021,TOYOTA,COROLLA,2001,42,c5db02268dae3235e1ee68d9cc0a94a51d3e12da6394160128abb987d7e3c293,2026-08-12
CALDWELL,1021,TOYOTA,COROLLA,2007,43,2c3133a921987642ddd84cf05ee3f99011e295d7e4890601ca4da45e74738433,2026-08-18
CALDWELL,1021,TOYOTA,COROLLA,1998,42,e893787cc572712b52b888fe2406f38dcf45b587949c82a48a44e3bdb8af2bd2,2026-08-12
CALDWELL,1021,TOYOTA,COROLLA,2011,43,96f0bfc855ecc554893f5bd3ae40fa878136cb707e5d10db17ea81e08d8657e4,2026-08-18
CALDWELL,1021,TOYOTA,COROLLA,1990,41,a4fc2a656cce51b428e02e1403b74f1693b3cea27bb52953518c1ef96c06b2e2,2026-08-20
CALDWELL,1021,TOYOTA,COROLLA,2010,39,38758c62683a572cf8a798d09b03a7f1f916ad294a96b8331e87a5c0aa2d3dfe,2026-08-27
CALDWELL,1021,TOYOTA,COROLLA,2001,37,36603b5472ba2f26373ca80a500a1080cadfa1ee710df593087ba6a6e7e98c75,2026-08-30
CALDWELL,1021,TOYOTA,COROLLA,2010,33,fec8f55910948dfaf079f751ee32b5cd00c1338211b26065009f2bb1ef0bdd13,2026-09-09
CALDWELL,1021,TOYOTA,CRESSIDA,1986,63,5b52411684317795372be70eca89f2fd8360e01407225ef7e01aeff2d656c31f,2026-08-11
CALDWELL,1021,TOYOTA,ECHO,2000,34,71d34a8e12d708034a60941d861a876af63084d532440cd609fbead87905d9ab,2026-07-04
CALDWELL,1021,TOYOTA,ECHO,2003,33,89853e81162a3e70c00e821f7efe29aaa8a14102633b21527f8cbe0c6cd8de1e,2026-09-08
CALDWELL,1021,TOYOTA,HIGHLANDER,2001,30,6fd90c665b03ccead3ee262733356ca4fa019327bb9b4dfb50ee2322c21abbe2,2026-07-01
CALDWELL,1021,TOYOTA,HIGHLANDER,2004,30,fcb13c78288e41181898de164a39e546164a92a8e8296f3937d6ad27da2f7275,2026-09-10
CALDWELL,1021,TOYOTA,MATRIX,2006,40,eae4d0ba061432349a14b2610a5e6337b5a7ee5bd52c70775a9e0c760ecc82d6,2026-08-01
CALDWELL,1021,TOYOTA,MATRIX,2003,43,be4eba0b5a10cc908ebc042c1071c22f7252ca8d1b3fd54c8ca9e9b42f827e96,2026-08-18
CALDWELL,1021,TOYOTA,PICKUP,1965,63,da2ea0f63f19d82a2839480a49f0d41c3ce03f802f6be1e198e3218ddd768320,2025-08-23
CALDWELL,1021,TOYOTA,PRIUS,2006,32,0527e84346e1555880619b92b14d90cf943cbe6d7a8ff1ecda6524a0aedaf495,2026-06-17
CALDWELL,1021,TOYOTA,PRIUS,2008,34,d3334cefe36aa32a3a9c2445fe7c68508c4f2eff78e2bd2dc2ac3094575dd041,2026-07-04
CALDWELL,1021,TOYOTA,PRIUS,2008,42,41716d5be0872fc7af86acedd29fb5bf1632c180003f5e78c7269b264a8df9a6,2026-08-12
CALDWELL,1021,TOYOTA,PRIUS,2004,39,06e2db2b439bcb30f27bedb9cb1a683ed4022a8dd44424ea44243d6088e842a8,2026-08-27
CALDWELL,1021,TOYOTA,PRIUS,2005,37,180b524a24f7fb8d81746fdac990bbccab61bee1809cfafbbae52c9152d6c7d2,2026-08-30
CALDWELL,1021,TOYOTA,RAV4,2006,31,52d1b1cd79492330fbf6ba2654fd05b453a89405b69e6c9fc345e4cada545615,2026-07-16
CALDWELL,1021,TOYOTA,RAV4,1998,28,e1160957da6799fe7227a2f4a75527a983b0dd80f3678edc5011692db7c34892,2026-08-27
CALDWELL,1021,TOYOTA,RAV4,2008,30,46a3ef4ab5e59b7a4b7aca76a1d32464d1cf1a883622e300aeca0f0276793118,2026-09-10
CALDWELL,1021,TOYOTA,SEQUOIA,2001,31,73eed9f43109b210a61495f20c0efb4e2397f31140c5ba9122492d9dbfc632bb,2026-07-16
CALDWELL,1021,TOYOTA,SIENNA,2007,30,24dce17eac2376a9824eb7a8600a2443c0638e682583e0dc364a9664166327ee,2026-07-02
CALDWELL,1021,TOYOTA,SIENNA,2005,31,99a3068c6c48d34da91d5994d6aeb291e2c18b086c1c75ef1a4e2163823c8ad6,2026-07-19
CALDWELL,1021,TOYOTA,SIENNA,2004,31,4b6509fd01ec4e9965230d540598f750e2fb590d1fe29eb115efadf72e46759c,2026-07-25
CALDWELL,1021,TOYOTA,SIENNA,2000,28,25286069f81ef80ff02a2c4ce76404c21fbea414f7cac30e74aeb3a362b9bef0,2026-08-23
CALDWELL,1021,TOYOTA,SIENNA,2001,28,f0e69d30002407b5459516087275d97419693ebaa65f99090e5d27896c9f2eba,2026-08-08
CALDWELL,1021,TOYOTA,SIENNA,2005,30,8b580d8445038ae0a953c91bc354c26d53f3bc3e4cf7d3bc29d60da1f6e2c82a,2026-09-03
CALDWELL,1021,TOYOTA,YARIS,2007,38,b18fba5623a7372a826b5fbfa875c4f93734625b0746a3bdb9253991961c121e,2026-07-22
CALDWELL,1021,TOYOTA,YARIS,2009,43,38743b6fdb2030be3b391eaead4532a8e40d6e7af6750f69219951ffc595f200,2026-08-18
CALDWELL,1021,VOLKSWAGEN,BEETLE,1969,63,49b421f4e26b7a3d8bdfdb58ea170ebc670a13e54675b74d04e730298ecc8a49,2026-02-14
CALDWELL,1021,VOLKSWAGEN,CABRIOLET,1992,36,6b7de00d9a9076f8d4e81d9fa957badf5d3ef4d9bb3a970ce01e7a609a97f527,2026-07-16
CALDWELL,1021,VOLKSWAGEN,CC,2012,42,03e8513606e20e39bdf4b206f4f6dec6149ab794d24cace4403107330a757f93,2026-08-12
CALDWELL,1021,VOLKSWAGEN,GOLF,2003,32,e806a19a374b13fab8dd0f5fc2c232aa85c23f3a34a115ba84bc6f1740771231,2026-06-17
CALDWELL,1021,VOLKSWAGEN,GTI,2009,34,f46f6a928489bfbe7490d3cfd055c8071121ff8f3448b0887a2965eba0dda4ca,2026-07-07
CALDWELL,1021,VOLKSWAGEN,JETTA,2009,32,1d6e3ce0379482dd4ba180cb2f07b07b33ee30634a90b47824c242f31dab6a70,2026-06-17
CALDWELL,1021,VOLKSWAGEN,JETTA,2008,32,6ea927db155f09649c6389a9bd6d531a8ae65dc871c8a2c358e55092f81ee580,2026-06-23
CALDWELL,1021,VOLKSWAGEN,JETTA,1999,34,7bc5b15006b3a780962142b5be9f406b180affef6118a7d1f43c0120ff96713d,2026-07-04
CALDWELL,1021,VOLKSWAGEN,JETTA,2004,40,bc334d7ee8b0e7c74fb8a040362db7e5352bb5aa670c7fcdb8d238b76397fca6,2026-08-01
CALDWELL,1021,VOLKSWAGEN,JETTA,2012,40,daf5756c664d4de4892c5babc733558cdba2d511fe93b1c2139e05786956772d,2026-08-02
CALDWELL,1021,VOLKSWAGEN,JETTA,2005,40,04cd61f4c0423ed14818400c429140dcca60d7c35c11f2832f729b506ed50a19,2026-08-01
CALDWELL,1021,VOLKSWAGEN,JETTA,2000,40,203f7410441ea27f3870879379b5d92a0ca30b4efddfb163829e914204c4d78d,2026-08-01
CALDWELL,1021,VOLKSWAGEN,JETTA,2006,39,cee850b9b807db37dbfaa5a404041f84e7aa170e87bce69408665710a17b8c1b,2026-08-27
CALDWELL,1021,VOLKSWAGEN,NEW BEETLE,2005,34,531ee3f99caeface83ab2f5ace6206c7775bc4de93dd526e74cf8310e8ae1876,2026-07-04
CALDWELL,1021,VOLKSWAGEN,NEW BEETLE,2008,33,9ac8c058f10004c57654ee609012f53214791c1a4d8738dd887ce935045037d2,2026-09-10
CALDWELL,1021,VOLKSWAGEN,PASSAT,2002,32,a9c3469ecf7fc98b2cdf8f5182ad144f2846be552c4056a48200a656a84d6e71,2026-06-17
CALDWELL,1021,VOLKSWAGEN,PASSAT,2013,34,b858392713df7b525f8b624f338a6195285439684e6cda7ee7912d075752a2d0,2026-07-04
CALDWELL,1021,VOLKSWAGEN,PASSAT,2004,34,588bb486fc54d56286931684c09e9eb628b01066819e0d4d963fd94e56372664,2026-07-04
CALDWELL,1021,VOLKSWAGEN,PASSAT,2003,40,ca2b9798f6665e1fd4dc5713d5f3911fdfa42a04d4a825445c02280c7a4bfbcf,2026-08-02
CALDWELL,1021,VOLKSWAGEN,PASSAT,2003,37,603b3ab6f9b043454c6b8520241a01bb72ced40a0686199911fdc24f188e1493,2026-08-30
CALDWELL,1021,VOLKSWAGEN,RABBIT,1983,63,b4b2d9826bd36a9f535138e77956e605286d416b47058610806116f40a67bd48,2026-02-20
CALDWELL,1021,VOLKSWAGEN,RABBIT,2008,32,643e658aa360892c5f93acf2313d3b5cb04570dd74bdc971e259d8ad639d5d62,2026-06-25
CALDWELL,1021,VOLKSWAGEN,ROUTAN,2009,29,2cbb5d7a2941ad4988a3ab9a81e83dfcd2de39283bea8d6668402372c049d78e,2026-07-07
CALDWELL,1021,VOLVO,240,1993,36,b9d304358321448cc9ba9b8aa3a336d316bcd30686628341a0d27dd8c933fb24,2026-07-15
CALDWELL,1021,VOLVO,240,1988,38,f05602b8a1400b83aebee634775f9d405a63b45c1cc839df88dfbd33fbd89e3f,2026-08-07
CALDWELL,1021,VOLVO,850,1997,38,bb135ae8274d8f3fa6c3bd68b45ff961eeae2d3b870fbc02eb411269986f5dd8,2026-07-22
CALDWELL,1021,VOLVO,850 SERIES,1995,36,794cdbcca12efa574e6b6d2e2639cce48710cff2fe8dffe1f752421b8445baf4,2026-07-15
CALDWELL,1021,VOLVO,V50,2011,41,5e7f09cb7bb2382d1fc9821e299c540d579ec882709d7afbc421530f57ca90f6,2026-08-20
CALDWELL,1021,VOLVO,V70 XC,2002,34,81f6f67b9ad7f5dc9dd514b69eff2c21f8d7088fed533248bd9c098b56ac3d1a,2026-07-04
CALDWELL,1021,VOLVO,XC60,2015,28,7fccd196b98df7bfeac968f1c6c5887a365e6d4f95762c8df0296044b86bfee9,2026-08-08
CALDWELL,1021,VOLVO,XC90,2005,29,bb8013da166a98220a59bf7d563de17455078d8083b0a401fb73137f1e693dab,2026-07-07
CALDWELL,1021,VOLVO,XC90,2004,31,4a16c55b71193ae5246fac418ba05f027760a9dbdbafd1fcf07b2c2ba1d61a02,2026-07-16
CALDWELL,1021,VOLVO,XC90,2006,28,b902358e7afdf05737f0344dc2d6a739ebee4413ba6049b191c71840f019aaf8,2026-08-02
GARDEN CITY,1119,ACURA,INTEGRA,1994,37,93e50f267571e52b0cb56397ccf5ec5154ef854e1fbd91caa0bd66d7f27dd2bd,2026-06-02
GARDEN CITY,1119,ACURA,INTEGRA,1996,50,65014110deb93526636f19b264622081dc473ec1002643ee04c25983f7e1a053,2026-07-10
GARDEN CITY,1119,ACURA,MDX,2005,31,feebe0292bd0c446bf235c5ccea6feb4ac376565d7ea3158f263ecacf0739f23,2026-09-08
GARDEN CITY,1119,ACURA,RDX,2007,90,16182accfacf924ddaa970db22f1ab20bc9f3efbf21140cb9de7757d37ee435c,2026-09-05
GARDEN CITY,1119,ACURA,RL,2002,47,c3201122488061c6235a7bd383ac8a511c34da705a4440ef74918140e59bd865,2026-07-03
GARDEN CITY,1119,ACURA,RL,2001,48,ff1edaba7a200034463fb61cfde67a22b73c2f1fb9768332c74588238137efb4,2026-07-04
GARDEN CITY,1119,ACURA,RL,2005,59,5c896bc0f53256f0e9eb4ff79eca53374646837c90de7f7e6e7e543000177276,2026-08-13
GARDEN CITY,1119,ACURA,TL,2002,35,8857e216f8eaa9bb24cb616c5101e3dd5b6d1429bc1e256fdd9025170b3c8d0d,2026-05-26
GARDEN CITY,1119,ACURA,TL,2007,31,80f98eea0a61222668168c9d69355c704a8b7f57ce105b56e1a3658306ef7e5e,2026-09-09
GARDEN CITY,1119,ACURA,TSX,2010,53,4c1d9e1c079890e8480c314a7db944eb1942558e34c8a872ec02829c708cd52d,2026-07-22
GARDEN CITY,1119,AUDI,A3,2006,86,106254c7a7d11508b36d52c4900432566ba35fe839f3edb35f9537c21fb12a22,2026-08-29
GARDEN CITY,1119,AUDI,A4,2016,49,a5a46dbe6a2b7e3c89a0c47e6d27bb03100b5b4298b77cbedf9e6616aafcda69,2026-07-08
GARDEN CITY,1119,AUDI,A4,2013,86,8e4fbaa20edf422b88132391311d0295e6be8c2a351017bb5e8cb03d7b064e54,2026-08-29
GARDEN CITY,1119,AUDI,A4,2005,58,0d5bc8b542e7b87e4b3d86e05eabfa26bce765979a02da289cc211db09f3dc2d,2026-08-07
GARDEN CITY,1119,AUDI,A4,2002,62,94e3c9aa0ad87551c537b2bd109659d136d01c7a3be3c0cf66b55087dd7dbc0d,2026-08-20
GARDEN CITY,1119,AUDI,ALLROAD,2002,44,e797c1cfea824c8e0ee0d9f7f621e6e7497041da17ec4bb7d782b6680996affe,2026-06-23
GARDEN CITY,1119,BMW,3 SERIES,2000,39,0a7e9a0ed6e69f24a168228e677beec13cb4ceb2dac81a8e0d7a74de21a05892,2026-06-06
GARDEN CITY,1119,BMW,3 SERIES,2011,43,2792c42b5bb764285de048e267d67f2d8d90c2bb3c178440ffca17c5f19fc9f8,2026-06-18
GARDEN CITY,1119,BMW,3 SERIES,2006,51,bcde649b64f919bf108fc0058ceb72a2a25667cece6a0141b02bd42965cd1574,2026-07-16
GARDEN CITY,1119,BMW,3 SERIES,2010,60,20551009b0e3916ec52fdf9bd6e20653f03342871638ba196ebe31f048337d69,2026-08-14
GARDEN CITY,1119,BMW,5 SERIES,1990,40,314e5497b5b2adb9b01e86ca66518c59c5197ee43cfec625d788a2cad454d009,2026-06-11
GARDEN CITY,1119,BMW,5 SERIES,2003,46,ed79ccfe6af49929730c31b9c5f08db22334f7d07a6e8036dbfa52026ced9037,2026-07-02
GARDEN CITY,1119,BMW,7 SERIES,2010,88,d21f01939627bd1af0e4ef11bfbe113d2aa9dad84abb96deb6864d7fe5ec3964,2026-09-02
GARDEN CITY,1119,BMW,X5,2006,41,b8ba2e1cd55411ed092ca8823d5b1ecfb79635e02b23b7d608feb9e0e1be156e,2026-06-12
GARDEN CITY,1119,BUICK,ENCLAVE,2012,10,34e5136e90d23b042c3208d661975bd36ed1a7924ac2d6b785d1981af9d898e5,2026-06-10
GARDEN CITY,1119,BUICK,LESABRE,2000,91,8747707dbaf4e834058129681f7549ae83a197b26857e801fe667547d5b4a891,2026-08-04
GARDEN CITY,1119,BUICK,LESABRE,2002,83,7a2cb1c6f1718730d30c7eda8d6c223142b1843af477ab11073a4d82d85c7ca3,2026-09-03
GARDEN CITY,1119,BUICK,LUCERNE,2006,91,b62de9c52205a42292d7225bcd97ed49099a36f13b27c710891cebd3c97ce714,2026-08-04
GARDEN CITY,1119,BUICK,LUCERNE,2008,83,b62a4ec7f7496410671ea414cd18bd54133fbf4bcde610b86ab35cb6afe101f0,2026-09-01
GARDEN CITY,1119,BUICK,REGAL,2011,89,a68b4e35f5bec73fe75e4e5e81b39fb824e51eb4f500913dcad64c1d32f2837c,2026-07-24
GARDEN CITY,1119,BUICK,REGAL,2011,83,e70dc2e7b1010ad3ec12f519de2c0e99a3b6c3ee6821a484d48cba59ef0fbf23,2026-09-02
GARDEN CITY,1119,BUICK,RENDEZVOUS,2004,4,2c83b04d5ca272eed56bb31054c66bb2b92e838fc4db61c356066ab28a651874,2026-07-18
GARDEN CITY,1119,CADILLAC,CTS,2003,87,26e968c0c0f58a300e77ffe6a3668a795c89af234c04ce2b6e7517c2bc5942f2,2026-07-21
GARDEN CITY,1119,CADILLAC,CTS,2014,83,ee1a8040192d264617ba7b6ca08d7fb0c8f75243f876526fc375ba4fd8aab992,2026-09-02
GARDEN CITY,1119,CADILLAC,CTS,2005,83,b280460be6b4824d9a4fc253308404cbf6c0c37ede91857ffe19747f5891793b,2026-09-01
GARDEN CITY,1119,CADILLAC,DEVILLE,1998,87,1679cd9df91815c51e173fb4238aeb989c5b0961d7e8d88ba10b20ffcc91aba7,2026-07-16
GARDEN CITY,1119,CADILLAC,DEVILLE,2005,91,86dc0a65c304b8ebe00adafba24d6f2a9b9e27f667ed615d2d37df007d536896,2026-08-04
GARDEN CITY,1119,CADILLAC,DTS,2008,87,2955ceb28129b059f1930409283c65dec22c608f2abff659edda12d37a556fb3,2026-07-16
GARDEN CITY,1119,CADILLAC,DTS,2009,91,852c4b2eea2886c5874a7cc5cc441475ae03598d4959c8681aeacd4e57244a32,2026-08-04
GARDEN CITY,1119,CADILLAC,DTS,2006,83,f6175123e8836bba26deee8d09879506c9aa9c35190c0fd2aaf1482dca4bf58b,2026-09-01
GARDEN CITY,1119,CADILLAC,ESCALADE EXT,2004,9,f79d7a801a22229419ba9aa9fd867a52d955c1a6e4cb6336671e6d2dbc7a685c,2026-09-02
GARDEN CITY,1119,CADILLAC,SEVILLE,2002,87,6bb1bce6dc1cd9cdd37483b6125e788d0e0285f03a959b60aa26e40608af1376,2026-07-16
GARDEN CITY,1119,CADILLAC,SRX,2007,6,1f982b193a85321bd309b2c9ff4ffc49dd61bf729c1d07168b62e897940e75f2,2026-08-07
GARDEN CITY,1119,CHEVROLET,2500,1997,7,50ff9d95ee8eda285c227cf87744e1110a8bf61be5b08ddd892717c3e26c5fa6,2026-08-18
GARDEN CITY,1119,CHEVROLET,BLAZER,1999,10,e6b4c0b1fe2909cff413d285fa074fc143ce7162b28759614b16f01eb0acbeeb,2026-06-17
GARDEN CITY,1119,CHEVROLET,BLAZER,2003,4,c2b78af950d80ba16c2a233b76cf79949e8bc9a908d83dd93473cceed84c982e,2026-07-18
GARDEN CITY,1119,CHEVROLET,BLAZER,1996,4,a3bfde2afdcd69d8d7738435856131d01272fcbe4819120d30d38f2043eec7b2,2026-07-24
GARDEN CITY,1119,CHEVROLET,CAMARO,1989,81,38ff424c222081a9e1c7aeb184ff25b8d6981ea835cd394aaa00cf08b80a8c52,2026-08-27
GARDEN CITY,1119,CHEVROLET,CAPTIVA SPORT,2013,8,d44415b59f5ce52151524efa4f587fb37410038cd7f739943e6ada19e1e142ac,2026-08-27
GARDEN CITY,1119,CHEVROLET,CAPTIVA SPORT,2014,9,bdf7a78b3da861871046742612140fea80b97c40b533d6ad55d7d9de1421b4f0,2026-08-29
GARDEN CITY,1119,CHEVROLET,CAVALIER,2004,83,fa25e8d3489b89d74e4e9ac51690b312271629a3717ee9ef5bcecc07ad6a11b3,2026-09-01
GARDEN CITY,1119,CHEVROLET,COBALT,2007,89,d519c6cc11a6e40e7de619bde461ad7552938aa896f8cf0b4a77737fe23daa7c,2026-07-30
GARDEN CITY,1119,CHEVROLET,COLORADO,2010,3,975d81b4965924702034391ccf8378e0e52ecfb84f7899fad6df932962670780,2026-07-14
GARDEN CITY,1119,CHEVROLET,CRUZE,2016,81,1863b98f5984c8a60cb8afa1c6b83c9b194f13e5af4ed0ee8c4ad3156eee0199,2026-08-14
GARDEN CITY,1119,CHEVROLET,CRUZE,2011,81,db3c99a539a81044f6937d0791241d7f889e0026624ddcc36d67b76bb1c6c056,2026-08-21
GARDEN CITY,1119,CHEVROLET,CRUZE,2013,83,cee26664421f2670e6edac3b1bc4eb231bda9fdc1372dcae9874c186fb1a16ac,2026-09-01
GARDEN CITY,1119,CHEVROLET,CRUZE,2014,83,fb2fa629b9bea145d8a6d05d60e1310435a267cacc6ead638e339aa19752fb12,2026-09-03
GARDEN CITY,1119,CHEVROLET,EQUINOX,2006,10,0b933936827b6e922ff190a7cf2bde736e0d70171f6398a66e145ff9dd5225d0,2026-06-17
GARDEN CITY,1119,CHEVROLET,EQUINOX,2015,1,b137faddf148ed8d11ea7fc5c8e5e568690b4401a2dfe23ce594de9503aba2d6,2026-06-24
GARDEN CITY,1119,CHEVROLET,EQUINOX,2005,10,9d2c3a88b2713e6e7d7bdfe7507f580585dd144984a1440ce818b32b75a60919,2026-06-20
GARDEN CITY,1119,CHEVROLET,EQUINOX,2010,2,4a6e70a3e14a8685c284206985ddfb46cccc107483d0d42737d3b340a75d2659,2026-04-07
GARDEN CITY,1119,CHEVROLET,EQUINOX,2005,2,0f3e340483013c4557a43787012bdb1f0dd5075374609a973effc4f1c5be446c,2026-07-04
GARDEN CITY,1119,CHEVROLET,EQUINOX,2012,5,82743c45574ad7f6e7feac8ef07d757a638112e88b21bdbd4d7f28e9a0a5c6e2,2026-07-28
GARDEN CITY,1119,CHEVROLET,EQUINOX,2012,6,5759cccfc935daed914bbb42334c948f3c7a8f1e295a955dceb125ffea6e48e7,2026-08-04
GARDEN CITY,1119,CHEVROLET,EQUINOX,2013,8,fa4a278583a6426b5beceda79415d8ce1455b93675c492c50714f735c7ecee9f,2026-08-20
GARDEN CITY,1119,CHEVROLET,EQUINOX,2005,8,5b42f25a754630cbb9b73049628ac9147bf3b8d5345394af79908c4ba366ffd9,2026-08-27
GARDEN CITY,1119,CHEVROLET,IMPALA,2010,87,f7df61a9764f14c466cd3c74f7a46e0770ac7dd4464e0765d3321e7c9eab17c2,2026-07-17
GARDEN CITY,1119,CHEVROLET,IMPALA,2009,89,0b1c7f22c48fa3eb2c99c2af690b785444d2259a5406c916ba589be3112f27bd,2026-07-24
GARDEN CITY,1119,CHEVROLET,IMPALA,2006,89,ad4c7d2e001d9ac12299d5d7948d727a726ccdc2f3a45966877a6e05322e6fca,2026-07-29
GARDEN CITY,1119,CHEVROLET,IMPALA,2006,81,f3172db68dae3a8ca5f1da6f0d418d0902433d5cac0d07d83dc0b87a79725686,2026-08-14
GARDEN CITY,1119,CHEVROLET,IMPALA,2007,81,e8bf6957cffd6a6682a22503fc1b4a63d0be47736e8ab122161b323f25716833,2026-08-19
GARDEN CITY,1119,CHEVROLET,IMPALA,2000,83,ad4a5642b5880218da0a57585462ad36d0d27d0aa389117bafb3a9b8ad0873c3,2026-09-08
GARDEN CITY,1119,CHEVROLET,K1500,1996,10,75dd3bc7bab9a548af3ad9c22873f0ffd2f1d458aa528615f9513b1e70c76c36,2026-06-17
GARDEN CITY,1119,CHEVROLET,K1500,1988,6,452cf4f5bc9d3635f77a92416d1098987e9d9f1338439710a7345792a442c6c6,2026-08-11
GARDEN CITY,1119,CHEVROLET,K1500,1988,7,7a9174dc6aeef7c04ceadc38b5f59561fe25509981be892731db89d3fe26d363,2026-08-13
GARDEN CITY,1119,CHEVROLET,MALIBU,2012,89,15024052f88288dfa63cc08750adf4704ced2e818d61cb22c52308f36b1a9b05,2026-07-25
GARDEN CITY,1119,CHEVROLET,MALIBU,2012,81,58651c2eed85de2c92873176b9fb48c9a8ad8d11c2d9a6f306972c9c27cfcde2,2026-08-27
GARDEN CITY,1119,CHEVROLET,MALIBU,1999,85,280dced06fe2551ef6fcd04812825cc0d7f1655465afaec10fba0ad31209974a,2026-09-09
GARDEN CITY,1119,CHEVROLET,S10,2002,10,90df740bfc11db07c4a762ff5138218331f19725070700449dbccb92988e5ae1,2026-06-18
GARDEN CITY,1119,CHEVROLET,S10,2000,5,2ba8429aa4a5302ffceaf440e66a53c1edf6462e96a0cd5c27cc32d147a738a2,2026-07-30
GARDEN CITY,1119,CHEVROLET,S10,2003,6,606114f41fef0c011f77a912e2129b41bc929c1b2eca2193042724f29bf2e447,2026-08-04
GARDEN CITY,1119,CHEVROLET,S10,2002,7,c47911338607fe5d49d4166778b0141389855294e84ea8afc597bc68170fd4c9,2026-08-13
GARDEN CITY,1119,CHEVROLET,SILVERADO,2006,4,1516f2a8eaa6fe04f810447ce3978b77d646a1d42565c58370647e8989011374,2026-07-18
GARDEN CITY,1119,CHEVROLET,SILVERADO,2003,5,19d8c60eb0ee66a1bfb0f66242072d65013030ef776fad647a348a5ee39f9f32,2026-07-31
GARDEN CITY,1119,CHEVROLET,SILVERADO,2003,9,3a83e3c9a7f187dad2f64d5fe732e3197361df84a59ca97c8c3acbedb0704267,2026-08-29
GARDEN CITY,1119,CHEVROLET,SONIC,2015,89,ff72ce2c2711baa3a3f153abc30fe5ad4ee636dab3fb1cb042285378d74ffe88,2026-07-24
GARDEN CITY,1119,CHEVROLET,SONIC,2014,81,fd547976cfc749df5574f6426036809f81f74fa8f03090f2c54ab2c972090027,2026-08-21
GARDEN CITY,1119,CHEVROLET,SPARK,2021,81,2ef447df2cb5b641d2f3b46c6f78ea9262cb7b5616851cc6e458c292441e7723,2026-08-14
GARDEN CITY,1119,CHEVROLET,SUBURBAN,2003,1,3e4827be4493b2d0fb48bb252ae02c8774899b410fa5c3a60368e020c7e2c698,2026-03-26
GARDEN CITY,1119,CHEVROLET,SUBURBAN,1997,2,fc7a4b53331c5171ac62b4c62dd827d61201daad076937298f978032e3253401,2026-07-02
GARDEN CITY,1119,CHEVROLET,SUBURBAN,1998,3,bec21ae1479fb5181863914c73bd6d3c0f29f02e7894a8379980dc333072ee16,2026-07-11
GARDEN CITY,1119,CHEVROLET,SUBURBAN,1997,7,8cddb965c0fbd18f3ddf5c258538096ef17d2fef92af20e007efd2c4638d9289,2026-08-14
GARDEN CITY,1119,CHEVROLET,TAHOE,2003,3,9322f58370adf137a002a8e0d1d77a70f2d172c728183cd72eee9e75fa78d111,2026-07-10
GARDEN CITY,1119,CHEVROLET,TAHOE,2003,3,9322f58370adf137a002a8e0d1d77a70f2d172c728183cd72eee9e75fa78d111,2026-07-10
GARDEN CITY,1119,CHEVROLET,TAHOE,2000,8,5da1dcff13728d5c9475633f59b4b60202582f94b0328fea74ba825970c26108,2026-08-20
GARDEN CITY,1119,CHEVROLET,TAHOE,2003,8,05dcd551661a32da21536c335d5a4fdda4f0b7eda7f66066925a518b81dff42e,2026-08-21
GARDEN CITY,1119,CHEVROLET,TAHOE,2004,8,179b951b90a014644e4a5377da318ea219a02d8e566671a9b7c24d110206ecbc,2026-08-22
GARDEN CITY,1119,CHEVROLET,TAHOE,2002,9,82c79215054ef1e0f6bdc74f58f4fc6b38bbbf7e6d4359c91cd0a42185859d36,2026-09-08
GARDEN CITY,1119,CHEVROLET,TRAILBLAZER,2006,2,a0abc838110d5e1ebe32890d343d4f500e093673380e8805c28af7cafa659568,2026-07-01
GARDEN CITY,1119,CHEVROLET,TRAILBLAZER,2007,6,3bc5426ab475daf964db5396223d4615ee9d71478a480c0ccfad9a7cd4491018,2026-04-29
GARDEN CITY,1119,CHEVROLET,TRAILBLAZER EXT,2005,9,2aa889919db4e1169fda812a0bb7783484abb64a223469abd9d3d9fc3256f404,2026-09-05
GARDEN CITY,1119,CHEVROLET,TRAILBLAZER EXT,2006,9,b0b497109782e5889b9751293e418d09f2d9402c35ee4d2aec8fe75eb3043dd4,2026-09-05
GARDEN CITY,1119,CHEVROLET,TRAVERSE,2010,10,95c8c12870f328e266954beb8733db878ed2a9c18412795f9536cb5271f7b04c,2026-06-12
GARDEN CITY,1119,CHEVROLET,TRAVERSE,2011,1,f63ebb9bfa71b82f18531a84e388e262b18d283371f8d098253abae11c96091d,2026-06-24
GARDEN CITY,1119,CHEVROLET,TRAVERSE,2014,6,f2be54534caa0700dc395c4ec01019dec6a298928ec664229bddec4db039aeb2,2026-08-11
GARDEN CITY,1119,CHEVROLET,TRAVERSE,2011,8,cc3de1a39d2230c15e19321e7b27c515162cb04e8d6480a5733eb601bbd7bfef,2026-08-22
GARDEN CITY,1119,CHEVROLET,TRAX,2015,8,262612b860b69bb8799ead8e8709adbcd9f0b1bffe3f329b81129441ee7bc2b2,2026-08-25
GARDEN CITY,1119,CHEVROLET,VOLT,2011,83,84a21ed27ea42b98e722572dd61419004a957da52d2c72559a46b6ac01658af3,2026-09-01
GARDEN CITY,1119,CHRYSLER,200,2015,68,00ce26b051c882e4e703258ef503e292bde1c86af3b909dc70282fdc4cce3dcb,2026-03-31
GARDEN CITY,1119,CHRYSLER,200,2016,66,3e8c4b23b8d682902d88794cbdce187f50c5f0c40f6b421de4e0ccf8b0d23c53,2026-08-21
GARDEN CITY,1119,CHRYSLER,200,2015,66,44caf0bcd69092bd24287a9131f9b41887ecf163be46d3750ecfc91ea40a93cf,2026-08-05
GARDEN CITY,1119,CHRYSLER,300,2010,68,292c000aba861d48ad27956750c4589897ba8e60c67fcd32ff609d5a162d0320,2026-03-25
GARDEN CITY,1119,CHRYSLER,300,2010,65,548e352edb08536b483bdb1b77003c2c7997ab76b7780e9f8c7dcca0e982c144,2026-06-26
GARDEN CITY,1119,CHRYSLER,300,2015,65,fdf467f12dc9557cf61217e3c36af61b0d5016276b871e56a49f45a55144cc9e,2026-06-27
GARDEN CITY,1119,CHRYSLER,300,2010,66,d654549a8608bae06e6fa52dc192b08d6e539983db23423fa6a33f5fc7d3bf44,2026-08-21
GARDEN CITY,1119,CHRYSLER,300,2006,66,a04beeb6f33111415a6a8fbff019a715acbf4b903716c11bb32d1742559f1d10,2026-08-12
GARDEN CITY,1119,CHRYSLER,300M,2004,67,24318e67cc7cb9dd7ec250013265b8ccc2c3dffbe9b89fbec7cae4a7f8e46a5d,2026-09-04
GARDEN CITY,1119,CHRYSLER,CONCORDE,2002,68,b99abe8aee2d12b019fced24d90c7f78be144f71ccc60fc8ac5d658f965a8aa8,2026-04-02
GARDEN CITY,1119,CHRYSLER,NEW YORKER,1986,67,6c58e2f68507da53eb9c90e3fc239f68176051b6f36a37b5e3df78a59ff06560,2026-09-09
GARDEN CITY,1119,CHRYSLER,PT CRUISER,2002,68,13549bd2bf0319f934d7f0fcc0e916d9d293dfff88c39bfe4630d9420d0f7cfb,2026-03-13
GARDEN CITY,1119,CHRYSLER,PT CRUISER,2009,63,fee2018de44363e5d7f9c78996504a480ea0d3ab166cf6dd1b6cd2144a427764,2026-05-15
GARDEN CITY,1119,CHRYSLER,PT CRUISER,2005,64,b63e485b6a5574cd24b9d8fe6f1f97ee4eef62b1befaa11c30b6d9655a67b9d8,2026-06-04
GARDEN CITY,1119,CHRYSLER,PT CRUISER,2001,65,179212e29a4ef46cc0e0ac104c08ac5365837efef7c7e714d3283ccc7312e7fd,2026-07-08
GARDEN CITY,1119,CHRYSLER,PT CRUISER,2001,65,179212e29a4ef46cc0e0ac104c08ac5365837efef7c7e714d3283ccc7312e7fd,2026-07-08
GARDEN CITY,1119,CHRYSLER,SEBRING,2008,68,76c976e20bb44395d223f68e8cc2e01003ce2d5b023b3f04c04e208f2bf15220,2026-04-11
GARDEN CITY,1119,CHRYSLER,SEBRING,2007,63,7fe61e2686c5038b4724bfe877f0ba247e29aa2283d52d5936ffe19ec8a54462,2026-05-15
GARDEN CITY,1119,CHRYSLER,SEBRING,2001,63,2bf504dc5244819e417caf8b89ccac3715a0fb69f2db4743160f934bb4be5875,2026-05-26
GARDEN CITY,1119,CHRYSLER,SEBRING,2009,63,738794290bd54a0872ec445f09393010c61710924f6a14d06cdd268a9155a354,2026-05-22
GARDEN CITY,1119,CHRYSLER,TOWN & COUNTRY,2009,21,9a4ee886f119b9a26c79ebb83b2158e4f8208235b9ef5bedbb21dc61923771d0,2026-03-17
GARDEN CITY,1119,CHRYSLER,TOWN & COUNTRY,2008,23,879ae10f2a6aa5b55dd15bf52adfde6ec1ed23ba8356e67fe1e1a813df570c8a,2026-07-30
GARDEN CITY,1119,CHRYSLER,TOWN & COUNTRY,2007,24,1512bc30d3193bbae82d69e2ce45d188884c34bf7be9fb352b44eefa775d7be0,2026-08-05
GARDEN CITY,1119,CHRYSLER,TOWN & COUNTRY,2010,25,d2db9f4c98a72e528e1e0024564c7201ecb70b728af0fb4371003d8bded5386a,2026-08-20
GARDEN CITY,1119,DODGE,AVENGER,2012,68,58d74c5ea157efab890ca3dc378e4bce05b8f3e548a296b2bba850b47bf873e3,2026-05-15
GARDEN CITY,1119,DODGE,AVENGER,2013,63,6683c3627776bda5a76eec49e2537068b718fa59dca925b02df50bf97a08668d,2026-05-27
GARDEN CITY,1119,DODGE,AVENGER,2013,64,a47a608dc7baeb43fe6a19eed6c6bb884d37d3c7a7a91f490e0b856bc929535a,2026-06-13
GARDEN CITY,1119,DODGE,AVENGER,2010,65,f46f3b2a37b28facde7c2d31afce9ad38c7ee564e39636baa673a0f62a6e4f23,2026-06-17
GARDEN CITY,1119,DODGE,AVENGER,2012,66,fd87668c7cc45723bdc1d13dc512654e055e3b97c3eb6f8ce114ca869eb482cf,2026-07-30
GARDEN CITY,1119,DODGE,AVENGER,2013,66,ed97fdbb12f97a950eaf81b55d007af33c680a98251209d6f19d34915c3fd3d7,2026-08-14
GARDEN CITY,1119,DODGE,AVENGER,2013,67,e837c3b0364ca85f76085c51bc1386ccefbb31264107c394ae0625853074ce58,2026-09-08
GARDEN CITY,1119,DODGE,CALIBER,2010,64,d474bb991b8e9e8ca657457e78aca2803aac3f846aa430759c2862da2f0e9570,2026-06-12
GARDEN CITY,1119,DODGE,CALIBER,2009,65,da655a59264e940aca8c61f69862e94d8ec0f388ddef30dec2da30c621b8dece,2026-07-18
GARDEN CITY,1119,DODGE,CALIBER,2007,66,f255bd90d720e1fea814468b404ad23f24fb7cab70262ab51299715f304e4a74,2026-08-21
GARDEN CITY,1119,DODGE,CARAVAN,1999,25,be8dadea2bf0f42958fd09a6fd4c88066a7abaa5776047945babdd14e94a808b,2026-08-19
GARDEN CITY,1119,DODGE,CHARGER,2010,68,71db07fb925d4dcab90e8a01a7518b1ee4f7313741ff45adf52240e78cbf773e,2026-05-06
GARDEN CITY,1119,DODGE,CHARGER,2008,68,62fa2147ed36833e1746146383abbdb1c6edb445107a3dde2978eb45e91cc42d,2026-05-07
GARDEN CITY,1119,DODGE,CHARGER,2007,65,796c51ff97910231cbc1d30c0b0856b784b8a7903e2bcd5a0ad1ef244fc54257,2026-06-16
GARDEN CITY,1119,DODGE,CHARGER,2007,66,ac767206e9d82f14952e0560f509e82c442c3e4bed8260717b659d8393e36903,2026-08-21
GARDEN CITY,1119,DODGE,CHARGER,2009,67,500809efbb5a82966f9a9d0ffa1911a3bc4ae2df7e4b222dc2242eb8f6a3921e,2026-09-08
GARDEN CITY,1119,DODGE,DAKOTA,1999,28,966d6b2c7958121dfa4f32a4b396d1c08b79aac95c0f8df879d9b6195d58636d,2026-05-22
GARDEN CITY,1119,DODGE,DAKOTA,2002,29,50b377045eb9bceac04e23164eb1e7f6c0a863ddb76879227e42eeec1e1ac217,2026-06-10
GARDEN CITY,1119,DODGE,DAKOTA,2003,29,cfdcf6b57b620d50f07d5f2d1b09ef8fc64b4140cfba049260c1f8dc60e26c12,2026-06-11
GARDEN CITY,1119,DODGE,DAKOTA,1991,23,24843429c9e946c3b27c66ed8ae94efe2b0dc55bb9a1c35fb04d95f12e56e831,2026-07-24
GARDEN CITY,1119,DODGE,DAKOTA,2001,23,cb06265ef54baeeeac77cfa3ffb4c249a215ee6ba3c253027f9f2aea95d0df9e,2026-07-22
GARDEN CITY,1119,DODGE,DAKOTA,1999,24,d6eb5af6086809177ba0f60b9e23ec5b2f661a6520344022f72a354544cb9ef0,2026-08-05
GARDEN CITY,1119,DODGE,DAKOTA,2002,24,3c5c7f753794d9d269d8dcea985f7f8ae861196039ca1271affc281a27f698b6,2026-08-08
GARDEN CITY,1119,DODGE,DAKOTA,2002,25,2e5f27a0abc8b4e24ba9a4c83e5260c75ee40b365f4c035f94eada1b1006b20e,2026-08-19
GARDEN CITY,1119,DODGE,DAKOTA,1991,26,3d36b6b63c107e7d33612a89bbf3f8e76ab163c11f95c19eea8de188cd24314e,2026-08-27
GARDEN CITY,1119,DODGE,DART,2013,64,5b10aa2c58d06ed3b20a201df3b5f73ed650771de965848307fbf81bca94dfbe,2026-05-29
GARDEN CITY,1119,DODGE,DART,2015,64,cb611427b5fe421770709bad366c5cba3d9a58ea0ebcc44b114998f6a68043a5,2026-06-03
GARDEN CITY,1119,DODGE,DART,2015,65,eba39f9ea28591ae2856c81d676b60efa027ae5b9fb5a35dec47db51eb404b75,2026-07-17
GARDEN CITY,1119,DODGE,DART,2013,67,2f40b42bedf5b67ce0f7d6c45f2bd034aefd5b3d11e1612ce05a929a0dbf56e8,2026-09-04
GARDEN CITY,1119,DODGE,DURANGO,2005,28,3deaa3ee9a8edb81533091bab8826e2d3ff89287a613552a2fc2d90bf9642be6,2026-05-27
GARDEN CITY,1119,DODGE,DURANGO,2003,29,9f29d2ab17082e32849a60d9c9cb415d4482b038e04e3d09cedf79bb97714de9,2026-06-04
GARDEN CITY,1119,DODGE,DURANGO,2006,29,b0021eca7eae7d6c64d8779d4e606b52d2ee5279c3f33d48f3b32591afbc3a99,2026-06-05
GARDEN CITY,1119,DODGE,DURANGO,2000,29,7150f59dcd4ff40bfedb6eeb64cdc54fdd45f00d44026ed26df75a0c1af444c4,2026-06-10
GARDEN CITY,1119,DODGE,DURANGO,2000,30,88b91539058db3e3f5dc15cf2b42928bd5609811ca3c140f2708f342bd8371ae,2026-06-17
GARDEN CITY,1119,DODGE,DURANGO,2002,30,fbac52c5e6c3028ee1d7d4048bab13977209d4ec53aa1f59b80d45ed5a58e772,2026-06-23
GARDEN CITY,1119,DODGE,DURANGO,2004,30,3201fc4cd9c2502c0c0175673b6251c2e4ba36b33dd0d3ca6f3904caa2b26b01,2026-06-23
GARDEN CITY,1119,DODGE,DURANGO,2000,21,2079b40b9fbfd23d7648f6dd9c7c0de2350f468e1ecfbae1e3071f55dd1675ed,2026-07-02
GARDEN CITY,1119,DODGE,DURANGO,2002,22,bb924450ec99bf4e283e31ef9e97fdafd41f9f6458585855063df9d3ba6d9e61,2026-07-04
GARDEN CITY,1119,DODGE,DURANGO,2006,26,6bb88ba080eb723d97b90ccf693042ecbd46ca7484883ebc6ccb03829bb4bddd,2026-08-27
GARDEN CITY,1119,DODGE,DURANGO,1999,26,e584ca711621f1fb4240ea91cbf3e5d7cc87141e82e00aa98f3b9616e58f04dc,2026-08-27
GARDEN CITY,1119,DODGE,GRAND CARAVAN,2017,28,c6a814a3f90ad3f1a8e4233654c4559b9e968d94979a08593a33f9d21ec178e5,2026-05-22
GARDEN CITY,1119,DODGE,GRAND CARAVAN,2008,28,a2f7309352353e97f318ae5580cdc4045b0e73ec5b30208b2404a2142bbd5c84,2026-05-30
GARDEN CITY,1119,DODGE,GRAND CARAVAN,2016,29,3d255968d373bb279f68bb2b545a3414dc846d0506c1c15de064d2f6714fa663,2026-06-06
GARDEN CITY,1119,DODGE,GRAND CARAVAN,2012,29,58a2a831e1f912c5d0f52a4e79bf9570c1cbf8705d880ad130727995c34a111c,2026-06-09
GARDEN CITY,1119,DODGE,GRAND CARAVAN,2007,21,624868bcd57682082cbdf9ab8fb2ed19062d2490b08c156e0481591baf34278a,2026-06-25
GARDEN CITY,1119,DODGE,GRAND CARAVAN,2013,30,35068d434948bafed2623b14fe43618bcbc01ff965a21f6133c8dc617043d048,2026-06-23
GARDEN CITY,1119,DODGE,GRAND CARAVAN,2006,23,77e7ecea1ee3d38d29c963504940172f8662fafd3635e7cc1856b49ccfdb10b9,2026-07-28
GARDEN CITY,1119,DODGE,GRAND CARAVAN,2006,5,2f3dc448ebe5669a5ab27234a63567cb61a60de6095f7669702ce03d0f8463dd,2026-08-04
GARDEN CITY,1119,DODGE,GRAND CARAVAN,2009,27,ad9a261fd2e35d576ce702f679b63eac80ecdfba87f086aa9933003efe94d90b,2026-09-05
GARDEN CITY,1119,DODGE,JOURNEY,2015,22,4fd283bd44892bdb3c22fc43d9a854c77b4c5799d8bbdb644cfed1eb4408bd24,2026-07-09
GARDEN CITY,1119,DODGE,JOURNEY,2012,23,ab1a35e01300130d0c02c64191824aa698f5da096867a683aed1482759f3303a,2026-07-23
GARDEN CITY,1119,DODGE,JOURNEY,2016,23,33328a2cb1de91d52272a907ea80574e476558dbe760f8731d66ccc2a5efbd4f,2026-07-25
GARDEN CITY,1119,DODGE,JOURNEY,2012,25,53d91a9372bded0d805d38514ed19b0b17d25bab25a15651aac5ad264332d22f,2026-08-20
GARDEN CITY,1119,DODGE,JOURNEY,2012,26,52e6ed45ac0d2a81e35dd4bbb561d9a57fef4992d858e5e4ac73bc4ca060f8f0,2026-08-27
GARDEN CITY,1119,DODGE,NEON,2001,68,5eb96209334ce226c632ce72e5cb4ba0f6ff48d4c8550f0a3b6cee0c7510085d,2026-04-22
GARDEN CITY,1119,DODGE,NEON,2002,64,e6347cdfce06e917f7776453d37f83f8f022186e76006de6695e268d181c4fbc,2026-06-10
GARDEN CITY,1119,DODGE,NEON,2001,65,1e6080902fc71c7928ba3480da8368e513d9958eea6cf3ab5cb6cf2aff98b51a,2026-07-16
GARDEN CITY,1119,DODGE,NEON,2003,66,d2c6ad3eceded0c2fd2f3a34855aaed9444f8ac55ad86302586a29b4d90d2bdb,2026-08-05
GARDEN CITY,1119,DODGE,NEON,2005,67,b16d878e15d9fcce88580aec1fcaf7b582b49482e8865f55fc20f033b1fe2ad6,2026-09-10
GARDEN CITY,1119,DODGE,NITRO,2007,21,67170d03aa6040b2251f64b70f807139d054add5bf8db7f21b962a7acdd58148,2026-06-25
GARDEN CITY,1119,DODGE,RAM PICKUP,2002,28,29e6906a084734d1952402d6aff0dbabe46eb4707a48bd05a52fa73f786c7aca,2026-05-22
GARDEN CITY,1119,DODGE,RAM PICKUP,1994,30,9f957a604b2c9835b4c876e6991e4ab7a3509834baeb4da7c04ed69c360fab0a,2026-06-12
GARDEN CITY,1119,DODGE,RAM PICKUP,1997,21,ceda6e7a17d114fd0e3f0384de2f2323512a9c97cf3ac0a1784aba2abba03c58,2026-06-26
GARDEN CITY,1119,DODGE,RAM PICKUP,2002,21,d12ef98c1656118e2296208be07121b7bd59f3c87bd553ee06d8663878faf84e,2026-06-27
GARDEN CITY,1119,DODGE,RAM PICKUP,2004,22,cd3d2bcd34f1ac74c2e6e5cd3c7a093bd28e5ac37dbf2821c099bab77e0b8da7,2026-07-08
GARDEN CITY,1119,DODGE,RAM PICKUP,2001,22,1c5c0b1ebbb0e6159ffe5cae4cebfb1e8505196b7727f1125304a69345fa1150,2026-07-14
GARDEN CITY,1119,DODGE,RAM PICKUP,2004,26,e808819578078556eb71dbd2c13d449695397029458131547e982994c3e1fc8f,2026-08-27
GARDEN CITY,1119,DODGE,RAM PICKUP,2003,27,a2ce76ef38ee16d40bfffea455b42ce7b6d4a6d4d1eca034963489b14557bafe,2026-09-05
GARDEN CITY,1119,DODGE,RAM VAN,2002,21,847bc40a218f3e85930c5978353b6ab9539aca1f6c68a62496cfcc49c6100366,2026-07-03
GARDEN CITY,1119,DODGE,STRATUS,2004,68,c8e9e7e4fd5c06bce1de8a9e18a1a4e81115d65c2a3ecdc48800df8c564f36f3,2026-05-02
GARDEN CITY,1119,DODGE,STRATUS,2001,68,fd7d273ab0ea7117abcbee18dd0eece2609be91dcf045913adcbc9e1c07898b6,2026-04-21
GARDEN CITY,1119,DODGE,STRATUS,2002,64,9fe7af47e39800ed26c8376129e77ac15000be94472a1441ff1d07c38dbfbee6,2026-05-29
GARDEN CITY,1119,DODGE,STRATUS,2004,66,5fd4a484ab4ce670def0b3c1b902c65a7fb37881fda9a408cfb4216dc26bd608,2026-08-08
GARDEN CITY,1119,DODGE,W150 PICKUP,1993,22,2b8c0a7d2c935f1d7982fa00a08a9a4d6935f00cddb782e99296f05612294c43,2026-07-09
GARDEN CITY,1119,FORD,CLUB WAGON,1984,12,fce5170dd09af1e65dbbd47caac6874da48d07c28cab81a9b4e3985866800a98,2026-06-27
GARDEN CITY,1119,FORD,CROWN VICTORIA,2008,70,548bb9290ff417c6c144337e00a3dfb3d9b41849e67e2a150813e62f717eb125,2026-08-12
GARDEN CITY,1119,FORD,E-350 WAGON,1998,17,6d439b8913d3befdaa110a673b17c6c19d8fd0290fc8e160da5df0e6e079ed8c,2026-08-08
GARDEN CITY,1119,FORD,ECONOLINE,1998,17,310097b9a620c85a52aff4992003324bbad90a8e9dacaaf32d63d74c8a2c6533,2026-08-08
GARDEN CITY,1119,FORD,EDGE,2013,12,ebe5637814d1d6b6a8c51dbc1b4ad0869e537ed2c3e381b55ec559212e8d25f4,2026-06-23
GARDEN CITY,1119,FORD,EDGE,2008,11,f3c5d970890be9ce81d6b4d66f113f8fcf11c2ac7c510e416a407951c1150664,2026-09-10
GARDEN CITY,1119,FORD,EDGE,2008,20,b6a57697add98c9d9e20ddd1e4c3b79edb3f3e380052bc5c00406caed72d1021,2026-08-29
GARDEN CITY,1119,FORD,ESCAPE,2001,13,6904aa30388d9e6676598afeb51fca5325dee9ee663c4ecc064d933821fc8940,2026-07-01
GARDEN CITY,1119,FORD,ESCAPE,2008,13,4cb2f756c878e82b2a2f069a0a29db3efb7bb01899e9b7091a9e43b15a2a14cb,2026-07-01
GARDEN CITY,1119,FORD,ESCAPE,2003,15,ebb088571f1d203d05959985e4e99981322de91670a2eaf99522a15609ade6d5,2026-07-10
GARDEN CITY,1119,FORD,ESCAPE,2017,16,afa952f67de45c1dd13617c0eeb31f3b2c05178e07aecea2434f95e461a03185,2026-07-25
GARDEN CITY,1119,FORD,ESCAPE,2005,15,904a5f7fda1ec4d10356e0035dfecd60773389d54ce5048fe1a7f84bf644db64,2026-08-05
GARDEN CITY,1119,FORD,ESCAPE,2010,18,991f4530fc78b6da6971ed91a660087bc75dd33071fb06b524336a864af3d50d,2026-08-11
GARDEN CITY,1119,FORD,ESCAPE,2010,18,991f4530fc78b6da6971ed91a660087bc75dd33071fb06b524336a864af3d50d,2026-08-11
GARDEN CITY,1119,FORD,ESCAPE,2004,18,30ad58c8d42ca8a5fddee5b78585432184943f0fa0feff52ad89020401d9b482,2026-08-15
GARDEN CITY,1119,FORD,ESCAPE,2005,18,33370ea2a366c398c800ff820a3dca2adc0b9adf166d3cdc4e05600da52074ba,2026-08-20
GARDEN CITY,1119,FORD,ESCAPE,2018,19,2f27d92706eea6b8b43fa1e48de8e80081a5da2037754d63f120054f0ad07c91,2026-08-28
GARDEN CITY,1119,FORD,ESCAPE,2009,20,295ea6c6c941cb5c2b2722bd30c21ff4546b584fb51c83dec31264c5877d8583,2026-09-03
GARDEN CITY,1119,FORD,EXPEDITION,2004,12,422841a8ab9a1c7297310de09dfdb07d31cda971257566dbd3149ab0f78cb8f7,2026-06-23
GARDEN CITY,1119,FORD,EXPEDITION,2003,12,547eead97810ea75a43a29d294cc451bb6449d3251d6a93702dd6315366f12da,2026-06-23
GARDEN CITY,1119,FORD,EXPEDITION,2004,14,f3883a6a20332d65b28cdaab6250f88ee7f738f80c3a93652065b7b90bb82268,2026-07-09
GARDEN CITY,1119,FORD,EXPEDITION,1998,15,12e4945fadbd66139c2c9ceb8c697083ab0301f60777b9515480ecab02cd2cc9,2026-07-16
GARDEN CITY,1119,FORD,EXPEDITION,2003,16,0770c540ec70629baaae5f90aa6e9f005ced91a1f48fb4aea0c24c0952f5caa3,2026-07-21
GARDEN CITY,1119,FORD,EXPEDITION,1998,16,a089ab728a2248c39c8badd4ae63a195f7b30ec49a53b19e234764d8d07ce8af,2026-07-25
GARDEN CITY,1119,FORD,EXPEDITION,2000,17,713785d95de877c886820e53d1cb3ccbb58ea589e53496eb4c5bbe8a94674b41,2026-08-04
GARDEN CITY,1119,FORD,EXPEDITION,2003,18,ca364548f6cb36f832f08ded3808491b1526d24f8fb8fa4c218a6be6745c7622,2026-08-21
GARDEN CITY,1119,FORD,EXPEDITION,2000,19,22f374af1c0954f59f31250dde546a15a54124b07c2c5b0ac8fd32de64bba5f4,2026-08-25
GARDEN CITY,1119,FORD,EXPEDITION,2007,19,5a3360a19feff44c768305394950b28ac8377a1c2a08389d430eb85c05339543,2026-08-28
GARDEN CITY,1119,FORD,EXPEDITION,1997,20,08c75e3a0d125697e780a6c8f21e8798fb631766e090c49f70b5597ea16069a5,2026-09-01
GARDEN CITY,1119,FORD,EXPEDITION,2004,20,4ab481c4d0e3aafd8dbc317f988d5c71d411f3f6afc65a64e7625b6b9b858419,2026-09-01
GARDEN CITY,1119,FORD,EXPLORER,1993,12,e9739d8d3748d126af124fd7ae0ca6de9269067146cdf9d6877d39519f47763b,2026-06-24
GARDEN CITY,1119,FORD,EXPLORER,2008,13,e0fb972480c9e18b3d8df19b18191161e3eed94e92cbb1243772c58553ba00d1,2026-07-03
GARDEN CITY,1119,FORD,EXPLORER,2004,14,6cd35542d7ed64d8139919ebe3cb3b67c93a8706bceaa2c86ff8f83bbb4443ed,2026-04-07
GARDEN CITY,1119,FORD,EXPLORER,2010,13,f3e5be664166769914feea917a9a9ac3bb601a4c6426de137919ff01b4d52c74,2026-07-08
GARDEN CITY,1119,FORD,EXPLORER,1993,14,f9a6785da3c2fc3a049e2dd0d970fabc520094a484168c01ceb10b6e98700b4b,2026-07-09
GARDEN CITY,1119,FORD,EXPLORER,2012,14,6d5bcdcc7db90fd1e2735202cafb9ac86dc1767f4c655ca2ed934bac68e76451,2026-07-08
GARDEN CITY,1119,FORD,EXPLORER,1997,15,03182f25e1c29988aa58aa78f26ba5e4a682b6b18b6ab9d8080081f7e6813a1d,2026-07-10
GARDEN CITY,1119,FORD,EXPLORER,2002,15,cc7d3baea189829253fd9c0e18f124822897021d1a0e5e1aeb8c54cb1167a81d,2026-07-16
GARDEN CITY,1119,FORD,EXPLORER,2008,16,7e27b32709d17930fd79e567d295acbf8b316537ae5254d704b5dd7af64c7db0,2026-08-21
GARDEN CITY,1119,FORD,EXPLORER,2005,16,0ea521ac2aa3ac99a194319e82c8547589cbcc68fcc1359869498b8a212b8ebb,2026-07-23
GARDEN CITY,1119,FORD,EXPLORER,2013,19,8de7c9d8cc2c575e024917433e0d84677d0b59a8a248bc6dfbfabeaf6144ebb5,2026-08-28
GARDEN CITY,1119,FORD,EXPLORER,1991,20,ed23a53c6e58ce119ba83a6c56213aa8274df52dccfcc28a85656c1cf9feca6c,2026-08-29
GARDEN CITY,1119,FORD,EXPLORER SPORT TRAC,2002,18,c0ccd75e7674c9cb400d148d60a6caefd3bfb4bbac8522488ce415677245ec13,2026-08-20
GARDEN CITY,1119,FORD,F-150,2004,20,c5dca99d10be55ffade933d4db5f5b54b4e69a4e90f0396fd1167158774d8a1e,2026-06-05
GARDEN CITY,1119,FORD,F-150,1992,12,d4669cb6c2918e57e5e602b6397df5ab1f36ec9b06a2b1f3242aae559e9cfa01,2026-06-25
GARDEN CITY,1119,FORD,F-150,2002,15,2430c2c7f33d0f269242157ff047603472fcf6369072cccfda23ad899078e681,2026-07-10
GARDEN CITY,1119,FORD,F-150,2004,12,ab131875236e9e3becbe3f1d9b0f0b5a45ebe6616c748f0a0ca776c50851daa3,2026-06-23
GARDEN CITY,1119,FORD,F-150,1998,12,a58328ba0c238393299fac1b730b22a333c525a0414a1261c4fdd5b8be1dd24f,2026-06-23
GARDEN CITY,1119,FORD,F-150,1999,12,8afecb915e683d1d4088ff9f731e55080036d2b7693d8f0c458fdf1c59d34522,2026-06-24
GARDEN CITY,1119,FORD,F-150,2001,14,c9905f64d1a2aeb81241138f27ce9960fd8527c7c7dcb23135bd9903ba43a5c1,2026-07-08
GARDEN CITY,1119,FORD,F-150,2001,13,f11ac9ba3ebc5f19a62fd12b2af279cae49ca3d12a81b70ef09576ecc9458e50,2026-07-08
GARDEN CITY,1119,FORD,F-150,2001,14,c9905f64d1a2aeb81241138f27ce9960fd8527c7c7dcb23135bd9903ba43a5c1,2026-07-08
GARDEN CITY,1119,FORD,F-150,1998,14,02731b9ada0c38a3a8f0dc77a8cedb2848a2305fb326169b178ec0295fa289be,2026-07-09
GARDEN CITY,1119,FORD,F-150,2001,15,2227bf25b8fa01f8189ce5c6f54c982ba175f53170b90a687ddb899db6e2be1c,2026-07-15
GARDEN CITY,1119,FORD,F-150,1999,15,d29e76748c0e264463a562072a0c6c24615be872012c66678cbb9007e7c4a05e,2026-07-14
GARDEN CITY,1119,FORD,F-150,2003,16,cf63718f009ca9d5077868be8a381f08aca31cdafd8f2b7eb96738a45c36278b,2026-07-21
GARDEN CITY,1119,FORD,F-150,2005,17,3c1eeaf5323eb773f2bf90b6e751e569e9ebba2360c408a614717cf8e8a88a15,2026-07-31
GARDEN CITY,1119,FORD,F-150,1998,16,e87e26ed71ed1e3c19dd5636ef9489a897c74fe561c5d9d3f4ccbbd7efdaa6e3,2026-07-21
GARDEN CITY,1119,FORD,F-150,2002,16,c107402334d46e65dd009c29d17b4b244a79305ac4ec53462112e08dcdeaea3d,2026-07-25
GARDEN CITY,1119,FORD,F-150,1997,17,f5432c7a10308d6939b12c4025a8e31a0ee7da043b53d939fc26e761d1983dc7,2026-05-06
GARDEN CITY,1119,FORD,F-150,2008,18,990ce1b563eb4523ab1d63b4054a60cb950835c569e4d48a2b339ac9a41c21a1,2026-08-11
GARDEN CITY,1119,FORD,F-150,2005,18,81cb46f4cb3d3a2b7cd10ae5276b857dbabc72b1c1250d531324d58b6eb936de,2026-08-18
GARDEN CITY,1119,FORD,F-150,1997,11,d53be80302224b3069366f032fbf94d8b05d3df06e83adbf2188ae37178d25c2,2026-06-19
GARDEN CITY,1119,FORD,F-150,1992,19,329a9def4a992f79c1b048d5185385a4334b787cae9ac61edb818da7428fe09e,2026-08-25
GARDEN CITY,1119,FORD,F-150,1998,11,eadaa6ad346c2226b1c615a350f02ba18698a328182b478dc5b6be44082e75a1,2026-09-05
GARDEN CITY,1119,FORD,F-250,1995,13,b638ecf53b6be020e043dedff2652318b64dae94afd969ad11204d2219e37e99,2026-07-01
GARDEN CITY,1119,FORD,F-250,2010,16,53aab076f106f8e00fcef87ac164ba924aae62a0b7aeacd7c19c320fa8a47b4a,2026-07-25
GARDEN CITY,1119,FORD,F-250,1997,11,9659277dc06ef1971d5a882d5cda3d1a3979d7e9affd3791aeeafb200bc0d37e,2026-09-08
GARDEN CITY,1119,FORD,F-350,1989,19,bf955611ee75700b60d33d2462ebcabb3161b004f87358d8eb506e4fd6d228f8,2026-08-25
GARDEN CITY,1119,FORD,FIESTA,2015,74,03ad24ce2325b49c79673e5bf4213e67835f809e8770227f600407c442ef793e,2026-06-12
GARDEN CITY,1119,FORD,FIESTA,2016,73,32a92b639979c560d332a55dbea715ac659d0869e54315ba484c767d46d6b5de,2026-06-05
GARDEN CITY,1119,FORD,FIESTA,2019,74,72b39faaa11720fb45e636e5a767ded104ae145f6ecab22f6051d9d4096b0207,2026-07-03
GARDEN CITY,1119,FORD,FIESTA,2015,69,af3acd12f4004bfcbf642d66aeebac605de4f5711dd0ba615df4dd24c8d8cee6,2026-07-09
GARDEN CITY,1119,FORD,FIVE HUNDRED,2007,73,d14724692f6accbc59f2fb56cbdaab3aafdd69202b5a57624e4bbc1d3d04d3e9,2026-06-11
GARDEN CITY,1119,FORD,FIVE HUNDRED,2007,74,7da8eeed42fbe3eb1d50b28c2c456a52e475e8a3f87cd7a6e72cec60364dfac0,2026-07-03
GARDEN CITY,1119,FORD,FIVE HUNDRED,2006,70,3e15faa03a72b6a9755507dd518c7b5d2f3017973e54ba572d422e4bc6854af0,2026-08-04
GARDEN CITY,1119,FORD,FIVE HUNDRED,2006,72,96ea63bc0c0b5480c145546638b2ea3b428222182d2c25f978a68646107728fa,2026-09-09
GARDEN CITY,1119,FORD,FOCUS,2013,73,09d5d3f897de3b432fb103422fc7d10e87a083038d91928af4b8ee11261da5fa,2026-05-28
GARDEN CITY,1119,FORD,FOCUS,2013,71,bf6674c0e2f3dd91f2cd14aa738f86a0ce3c3bf66339372d898ddae5be861b26,2026-08-27
GARDEN CITY,1119,FORD,FOCUS,2016,74,18bd71f752ab6c42f028b05c65819f293029e50b778f42d1c141fb49914b9d8d,2026-06-11
GARDEN CITY,1119,FORD,FOCUS,2006,73,32cc5cafb610392ba925659b7b14815c708f3e6b8c76dedeedb77195864b3ffc,2026-06-10
GARDEN CITY,1119,FORD,FOCUS,2006,73,32cc5cafb610392ba925659b7b14815c708f3e6b8c76dedeedb77195864b3ffc,2026-06-10
GARDEN CITY,1119,FORD,FOCUS,2012,74,8fd3f4380a3f090a6be2165ba0af73cbd7c62863ba785ad07f8a0a8cd2c8f3ea,2026-06-19
GARDEN CITY,1119,FORD,FOCUS,2014,74,4b150ba1b2d98d98c189bd489c65a438ae36c219713a5ea5b46d53aa99eb90f2,2026-06-20
GARDEN CITY,1119,FORD,FOCUS,2014,74,4b150ba1b2d98d98c189bd489c65a438ae36c219713a5ea5b46d53aa99eb90f2,2026-06-20
GARDEN CITY,1119,FORD,FOCUS,2018,74,f26580ae2ce10efcafb68a23532720748b931c1a97eeb8471d6207c5216b44fe,2026-07-02
GARDEN CITY,1119,FORD,FOCUS,2005,69,23bcd381da66aa1766d6f8ff021f2adad016cc2da909438a410b8a5405ddd91e,2026-07-09
GARDEN CITY,1119,FORD,FOCUS,2014,69,562e113ae9c59e1e24d53fa5348eb2769007a2afc127ad85eeb1f4edbd9cac6d,2026-07-14
GARDEN CITY,1119,FORD,FOCUS,2003,69,a953f59588589eed255292fb379492c2da413f614559cf4c773cb14e70a22311,2026-07-16
GARDEN CITY,1119,FORD,FOCUS,2015,70,d3a468ffdeaba9da5323a4917796819dba37e4a80880d0bca856ce29d6e9fe7f,2026-04-08
GARDEN CITY,1119,FORD,FOCUS,2007,70,af980760e3ebd18ce937e864ba45a8ff16e64fa0f54140bad449ac7b3a97fdce,2026-07-28
GARDEN CITY,1119,FORD,FOCUS,2012,71,2e6039560420fe60cd65a5acadbe45f6a30eb66aff220c41f09535cff15426a4,2026-08-18
GARDEN CITY,1119,FORD,FOCUS,2009,70,53fde4808dcb60c301af46c1e4c15360db64debfd1c58caeea766b8170fa5244,2026-08-01
GARDEN CITY,1119,FORD,FOCUS,2005,70,1946e7e6c27a36f711e73914d87e36066e399fd295a5eff8b389b066309c35c2,2026-07-31
GARDEN CITY,1119,FORD,FOCUS,2015,71,8f6fd7a47f2d81bc1692bfc32c8600126d4701579a23dd3548e36ed573784675,2026-08-18
GARDEN CITY,1119,FORD,FOCUS,2005,71,f3c7f384867da4ea6843586d9f1dca2c627a9e5052d9d66e338f63973a7dcf11,2026-08-18
GARDEN CITY,1119,FORD,FOCUS,2009,71,97e2f23cfb448b53ab6492fd4aa3bdb430c2c8b04ff4b8ee98748c6c6a8bdbc7,2026-08-21
GARDEN CITY,1119,FORD,FOCUS,2013,72,892c5ac842e796c04c07411e472ef595bba56f315aae5ef55a5c6f692204066e,2026-09-02
GARDEN CITY,1119,FORD,FOCUS,2013,72,892c5ac842e796c04c07411e472ef595bba56f315aae5ef55a5c6f692204066e,2026-09-02
GARDEN CITY,1119,FORD,FREESTYLE,2005,17,4995684b5fbf043950f4f8325af3e178e7efbb299957e576d114aabcf1a98db7,2026-08-06
GARDEN CITY,1119,FORD,FREESTYLE,2005,19,f5facf0d1a55cb7fdcfa0ad57578df4652ae1d0e04c85a6a9f8f4fa1eb5e458c,2026-08-27
GARDEN CITY,1119,FORD,FUSION,2009,73,9c838a9b2ab154f356915b945693e16e870c018fd219d399eaaecbec9c8260ac,2026-06-02
GARDEN CITY,1119,FORD,FUSION,2011,73,a455b5b469821a6372724cf84f70d80a12a41aab6ed4301450d7d5dce39e227e,2026-05-29
GARDEN CITY,1119,FORD,FUSION,2012,73,55a72f8084ea488691496d0a92f9310a47086e5017a17a2e095b22964692ec8f,2026-06-11
GARDEN CITY,1119,FORD,FUSION,2008,69,6670c8fd947b5859bed858af9f714ceb8237925a1afcbd88304ad4c3ae8c4abb,2026-07-09
GARDEN CITY,1119,FORD,FUSION,2012,74,430b8c35cdccaf283be4252f901e7672b3517f025000eae1c163bc551084025b,2026-06-26
GARDEN CITY,1119,FORD,FUSION,2012,69,33291d80ac8e433b6b1edda4c0dfb42c5250f52279ff8b3789d7a8cb3a5799ed,2026-07-09
GARDEN CITY,1119,FORD,FUSION,2012,70,46bb6723243b9b927e0532296b4bef64da00f87f54574e86b9a58903c7e4b882,2026-03-24
GARDEN CITY,1119,FORD,FUSION,2011,70,0e2673c6712157869e84c89383bfb92ebf89ac357aff9c6be276e5b4d5dd16af,2026-07-31
GARDEN CITY,1119,FORD,FUSION,2011,69,0e47e499d9d2ec2689af0aa7f4d712faab8c6dfa8469e354cc38852aed326316,2026-07-16
GARDEN CITY,1119,FORD,FUSION,2010,69,196d0f19c2da2f9404a7dfc57a24e3d0b4e8888cb21ccb8d8c69c2b0f5e934e0,2026-07-21
GARDEN CITY,1119,FORD,FUSION,2013,69,8fb838cef742bc220b1ed54440af3b2c4f3c5db2280512b6afb542aa888c3100,2026-07-21
GARDEN CITY,1119,FORD,FUSION,2013,70,4cbbfc5fae471080e47a30ebba3c0c9ca56e401a47febd69087eec673cb0f144,2026-08-14
GARDEN CITY,1119,FORD,FUSION,2011,70,0e2673c6712157869e84c89383bfb92ebf89ac357aff9c6be276e5b4d5dd16af,2026-07-31
GARDEN CITY,1119,FORD,FUSION,2011,71,0e31e0a844c916b0bd2b5356e0d5b3b17a05acc80c15f1194c6e8dbd257edab2,2026-08-19
GARDEN CITY,1119,FORD,FUSION,2013,71,0151c84770bf11841524bbf3eff67f4a6689428772809c2f54502f4cd5a927a9,2026-08-27
GARDEN CITY,1119,FORD,FUSION HYBRID,2010,73,cc512b012bf7f494ad23f892a84529ea322a2790ae13ba2e65a4e8e953e7d1ac,2026-06-06
GARDEN CITY,1119,FORD,LTD CROWN VICTORIA,1987,74,ceea07e815335672d8882a67ed905e3ba3a66e3d32c72750ef51f82c40baf634,2026-07-03
GARDEN CITY,1119,FORD,MUSTANG,2000,74,e815b34b16fffad740b1fb150ffbd80acb20504369fe17e90a1f4faf65644447,2026-07-04
GARDEN CITY,1119,FORD,MUSTANG,1998,69,1d12cfbf9eb22c61d982a7c327058c266190c8632e271b09db9ea4e57f0aaaf9,2026-07-09
GARDEN CITY,1119,FORD,MUSTANG,1994,71,b10e233b7bac6f53962f32740820516d5f3502625fcce7002a12dc8993d59a54,2026-08-28
GARDEN CITY,1119,FORD,MUSTANG,1998,71,84123c3c1b196acfc139ec5e039018b4a0a82614a53e4f5807edf498d293fdcf,2026-08-27
GARDEN CITY,1119,FORD,MUSTANG,1998,72,bed84cea3338d35b0a300171ca32493c9f266dc9bec57ec3b9d23f742b162c13,2026-09-08
GARDEN CITY,1119,FORD,RANGER,1990,14,9e40b8582810870edf666fd10433321cc09b4187438b516d4437f9c8e3bc363c,2026-07-10
GARDEN CITY,1119,FORD,RANGER,2001,15,34eb9f57b9a885f04d20c13ad76b048b0efaeead12dfe97e0fb9e1aaf4da3fb8,2026-07-15
GARDEN CITY,1119,FORD,RANGER,2000,18,fc78922e9d777800fbe3343ec0aa32e5b4a2253ca28941c53facde90c8e162bc,2026-08-21
GARDEN CITY,1119,FORD,RANGER,2008,20,230d09bb0a229ea8c8c3640f5bfa6d6a844b5851703764e9ab269ec3c18bd6aa,2026-08-29
GARDEN CITY,1119,FORD,TAURUS,2008,74,53282ab9f5a2ec51116a0638c30a99d06de2476436cd0e54b8a4ff43ab49b026,2026-06-13
GARDEN CITY,1119,FORD,TAURUS,2002,69,c4c37fba060c647e771d0af76bb62fff1543c986812d0021ae7300ff9a92af5a,2026-07-17
GARDEN CITY,1119,FORD,TAURUS,2007,69,eeefab7e03ddaf3441b230210adc3f7e665739b1f837a0ad607f60872c1d23a6,2026-07-17
GARDEN CITY,1119,FORD,TAURUS,2012,70,39ddf354d4fa491e3cee2169a3ab4537f03792adab93e4211e6dad7ccbbb9522,2026-07-28
GARDEN CITY,1119,FORD,TAURUS,2001,71,dfa63518a4cbd6e89cbd96f200a7f126cba5f4199b0c56654804e20a55ad9174,2026-08-18
GARDEN CITY,1119,FORD,TAURUS,2012,70,39ddf354d4fa491e3cee2169a3ab4537f03792adab93e4211e6dad7ccbbb9522,2026-07-28
GARDEN CITY,1119,FORD,TAURUS,2010,70,4dbd443a7c7af3c42974388eadc6fd0980696094ae27e7f38a4fca0fe03ff322,2026-08-07
GARDEN CITY,1119,GMC,ACADIA,2008,6,e9c67ea06252c0ac6b012f2a7545ee1b6ddb1d2213f6fe29b32c4e8b2036df72,2026-08-07
GARDEN CITY,1119,GMC,ACADIA,2012,7,b78629edb52730d55ab02a16d938cef83f48b319909fc34b56c82ec9a141a0b3,2026-08-13
GARDEN CITY,1119,GMC,ACADIA,2008,9,34ba44e21f442842c475797b45defd11e88c0a3679b8c5c287c25d912724c4e8,2026-09-03
GARDEN CITY,1119,GMC,ENVOY,2006,1,fbb3559ccf0afe471c9651b6ac36b36943e57ce657234797a5700dab7f93ec7d,2026-06-24
GARDEN CITY,1119,GMC,ENVOY,2002,2,c384a7fa05387c611c40757eb6049dd5ab87d74cc54e220ce528b3639767671d,2026-07-01
GARDEN CITY,1119,GMC,ENVOY,2003,2,03f49aa3aa3f5583fcf5b9b8fd9a92844f5a04dff56b7ecb37ccf33733e35673,2026-07-08
GARDEN CITY,1119,GMC,ENVOY,2006,6,30040b74abfde27378e97a7f6d914b77338a3329b1b8862f10ee891eec020e79,2026-08-07
GARDEN CITY,1119,GMC,JIMMY,1993,4,de52af018bbada5bc87803d95438436af77554b2b31940f94b352ac787d03611,2026-07-24
GARDEN CITY,1119,GMC,SIERRA,1999,2,f83cd0be01b57498adea47070000546eaf5f074466dc4a1287f579ade246e162,2026-07-01
GARDEN CITY,1119,GMC,SIERRA,1998,4,4647412bc9aa1a6ecd0962a7a7d98d9853c7a14fe7c07cf0ddcea1e6d19b952f,2026-07-18
GARDEN CITY,1119,GMC,SIERRA,2003,4,7b9758e21733c8f89417cf0ce290cfd2e1b4aecfe899dd3077f641dd6040ccfa,2026-07-23
GARDEN CITY,1119,GMC,SIERRA,2003,7,e855c82b07706e00f8eba153497870de24081ec6e55af31e7df51f8420089153,2026-08-13
GARDEN CITY,1119,GMC,SUBURBAN,1995,4,fa60683b5cd8c3fd0511eb7ff216476973426fa8f44f5f52be2ea9a41b9cc0aa,2026-07-18
GARDEN CITY,1119,GMC,TERRAIN,2011,3,7ac8b062f58f294f6bb308c0cdd7cd359d671eb7e403ff4aea77d987c7501172,2026-07-16
GARDEN CITY,1119,GMC,TERRAIN,2018,8,460b5e1cca89e6503266bed1eb2e988f1c79029f7726cfd59e8b2ef931c2e065,2026-08-27
GARDEN CITY,1119,GMC,TERRAIN,2015,7,30989691d906b3136cfa355c073052e8fdcd143e6820bec360c5d5a0c1b1f546,2026-08-18
GARDEN CITY,1119,GMC,TERRAIN,2013,9,d7a01ba9e0bd2233d85dc09f0be904e72435070898cdbd84ae71a01ae507e7ae,2026-09-09
GARDEN CITY,1119,GMC,YUKON XL,2000,1,f7ddd0680fcd693f52ab7f328b43b5520e1754b2431a1baea0953bbb042aa976,2026-06-24
GARDEN CITY,1119,GMC,YUKON XL,2003,4,2b09e31ee9bba62a48ee9e5249515bf0244e0dc97f2af6aa84a8b6b510d71354,2026-07-22
GARDEN CITY,1119,GMC,YUKON XL,2003,5,ab63bf2b1a93243d0e69f051815f378f65d7c2b2b0614c85a931ae5c318e10fa,2026-07-28
GARDEN CITY,1119,GMC,YUKON XL,2001,5,06f7454ca8cbe86d0b995c09581252d28eb5b9d690bf4aeab94ce595649b6ae9,2026-07-28
GARDEN CITY,1119,GMC,YUKON XL,2007,6,adce57da4f89c2e5c9ea9437d3155ccd1e539bc71e5e106f59eb005140e069a4,2026-08-06
GARDEN CITY,1119,HONDA,ACCORD,1998,34,5282bdf370bad0053653c21d429df25845041b425ce6fe05e56381f6c2209df9,2026-05-21
GARDEN CITY,1119,HONDA,ACCORD,1998,37,0e5ed5713c9095ec6011b182a47d90c9d5b231612fc82ebad810c148e84a4b97,2026-06-02
GARDEN CITY,1119,HONDA,ACCORD,1999,37,2f1d92a020023f41ab7154f2fed4a18a9a27254c78c2fccd7f58bc1a2b06ccf8,2026-06-03
GARDEN CITY,1119,HONDA,ACCORD,1997,38,4f13d56be75ff41307aab31d2f28b523d571392dd39d0de72fa0be3344108c35,2026-06-04
GARDEN CITY,1119,HONDA,ACCORD,1999,43,8e46752ab518374585b14ef4f6cc345824f001939ceafd22d217ad91dccb123c,2026-06-18
GARDEN CITY,1119,HONDA,ACCORD,2005,44,7ee3fe60f83c51e2e091800df3c535bed22ceba1be352714fcbdf387e898fa3f,2026-06-20
GARDEN CITY,1119,HONDA,ACCORD,2000,45,0878db0d854115cc1ef1bf14e5f200c30ac1144da9462feaf6b05fdf7f7b72db,2026-06-23
GARDEN CITY,1119,HONDA,ACCORD,2000,45,0878db0d854115cc1ef1bf14e5f200c30ac1144da9462feaf6b05fdf7f7b72db,2026-06-23
GARDEN CITY,1119,HONDA,ACCORD,2010,45,01960b91fd588462f0e5067b66888dd2f7134ad5a79a1ec10ed8e11b9053e18b,2026-06-25
GARDEN CITY,1119,HONDA,ACCORD,2004,48,0e8e7f0b4469676c2ed5292c18c80ca0d433ec780c1fbc1e4291962bef3746a6,2026-07-07
GARDEN CITY,1119,HONDA,ACCORD,2002,48,30110e57bd421fe58f3d8d222e2a86dba2384066079d592b450663ef8b82e733,2026-07-08
GARDEN CITY,1119,HONDA,ACCORD,2004,89,53601c13e20d4da4fbde1b2640c72ca05f0e6c8889f50ee46617e7a7af619f9d,2026-07-25
GARDEN CITY,1119,HONDA,ACCORD,1993,54,5c507367c71c15b86121f06f15471134cc0248b5556674036661c66dbf97c22d,2026-08-01
GARDEN CITY,1119,HONDA,ACCORD,2007,55,5e8cab38430e15aad9f74720639b238212aac15a0e916d3fbfe82683b4f23b54,2026-07-29
GARDEN CITY,1119,HONDA,ACCORD,2001,56,8c22992552f20ee64d82c9f65846ae23a46cb1fe91fa9ed41818a1154bd323cb,2026-07-31
GARDEN CITY,1119,HONDA,ACCORD,2009,55,f5e9a510518d311a2726aede18ec4b3cd0699b8239c535bfe96da3bdf5eac550,2026-07-29
GARDEN CITY,1119,HONDA,ACCORD,2018,56,f3b5a0095b3ab800745e0a7de0d629cc78a3237f8870add885e230499e706cb9,2026-07-31
GARDEN CITY,1119,HONDA,ACCORD,2004,58,5e3f48fa7a50d91a167dfa00483915613f0f38fd9b7eafec15cf775038fb5fad,2026-08-08
GARDEN CITY,1119,HONDA,ACCORD,2002,59,7cd184b03124a5fef287522a53a15df418bf40768a7b4073c421116505019752,2026-08-12
GARDEN CITY,1119,HONDA,ACCORD,2002,61,625ab2bb39bdcdb249bbdbdba77c02abfdcb3efdfe181e4cfb2bce202393eb73,2026-08-15
GARDEN CITY,1119,HONDA,ACCORD,2006,62,ce4d9b42a9ce70b1dde8981a22ae4e1b61e16c89e282738e7d0bfca61b9be56d,2026-08-20
GARDEN CITY,1119,HONDA,ACCORD,2010,62,e72f781f546d63da4d1f04f76674a24023ebb3ccf487ede0d64eb3c945e025b0,2026-08-22
GARDEN CITY,1119,HONDA,ACCORD,2004,82,866c82f495b9735e99e8a101156854b062191f302dc9f34b8c3f4ca02e802941,2026-08-27
GARDEN CITY,1119,HONDA,ACCORD,1996,80,f48d8929bb949a080209fd1e76e0c211963cf83582e4e11f9ccce5bf5ab666fd,2026-08-25
GARDEN CITY,1119,HONDA,ACCORD,2005,82,55ba8c99ed7acf595252545de86286fd80f9b834902813eaaf774121a6610365,2026-08-27
GARDEN CITY,1119,HONDA,ACCORD,2005,82,55ba8c99ed7acf595252545de86286fd80f9b834902813eaaf774121a6610365,2026-08-27
GARDEN CITY,1119,HONDA,ACCORD,2008,90,98941f85ee5df087dc7311f7e382686e13850e2c2b71b1522a3e2a61767220ac,2026-09-04
GARDEN CITY,1119,HONDA,ACCORD,1999,88,0435becaacea99bbce1c114c9081459c68422fac3453350ca913c78f218b773d,2026-09-03
GARDEN CITY,1119,HONDA,ACCORD,2007,90,ce5acc41030f9419b9a360f0e5b34420d46039a15dbd52216ac9dc931531a8b2,2026-09-05
GARDEN CITY,1119,HONDA,CIVIC,1999,36,ca4c96d90dac58dda0585d642eb5de3c5af908ca06511543fb3d63f3bda3d05d,2026-05-27
GARDEN CITY,1119,HONDA,CIVIC,2001,40,682bc1559883b79a0712abda72ccb939855d62eaacc96decea62c13e7344b2bd,2026-06-09
GARDEN CITY,1119,HONDA,CIVIC,2002,41,0b526dafdff0de85531be59773acf2377b3d672d9270fdf156b06b95c2833ab5,2026-06-13
GARDEN CITY,1119,HONDA,CIVIC,2006,42,5732b031d95fd3725c49cc39451ac6b4fe00d8ed15f6c1259707e3ce82073a8b,2026-06-17
GARDEN CITY,1119,HONDA,CIVIC,2006,44,1613e9c2001cbff1221d0cf58f1aa3470ea9d27088ffe8e13e799282fa2c7320,2026-06-23
GARDEN CITY,1119,HONDA,CIVIC,1995,47,7bbd9106fd8dc9502fecf296b7ff489145f93fc644757bbdfc83c49cc4dc6825,2026-07-02
GARDEN CITY,1119,HONDA,CIVIC,2008,47,4ad9ab22cfa8686f2561c0541c5d3e284ce699d9bf314ab3ef3d6707407b6c33,2026-07-02
GARDEN CITY,1119,HONDA,CIVIC,2001,49,cbee92b6f9de82445b7e5e7000d84fc918f0fa0e2bc057e71f53c493a33f26b1,2026-07-08
GARDEN CITY,1119,HONDA,CIVIC,2001,52,03ff5ae447ca2c7c4b17649e9887cceb8e5cdf19d0b46ae9ce1244a553d5f058,2026-07-18
GARDEN CITY,1119,HONDA,CIVIC,2012,52,6af1d7523f08668f047bf4f3d16a21872d2c98b599ff769d45aa493e126f5b32,2026-07-18
GARDEN CITY,1119,HONDA,CIVIC,1999,53,cb2f8a396e94779007aa6012cd42fe647321a0e38ed1495bedfc7c4be461a6bc,2026-07-21
GARDEN CITY,1119,HONDA,CIVIC,2006,57,46b0915a7d61a67c3f733b9130461298071d1b4b766687593bdfffd5babf3cef,2026-08-05
GARDEN CITY,1119,HONDA,CIVIC,2002,80,e6ae68422a1ecc8710c76fc45fdaa537a1c41102fe9c9d277aa7895023748587,2026-08-25
GARDEN CITY,1119,HONDA,CIVIC,1997,88,e6594d6d8a61ed51608bbb7561223d8a87e8c7d2d39e5b15ac5ed38353fce2a6,2026-09-01
GARDEN CITY,1119,HONDA,CIVIC,2002,84,8393fb911f518660ea98dc2a46a237174b854989876342b6f47f6081e74e29f6,2026-08-28
GARDEN CITY,1119,HONDA,CIVIC,2001,90,2289e5367da1a0972a07bcced485ecccbf8bf877c8b381e4eee8ec1f6ce0de07,2026-09-04
GARDEN CITY,1119,HONDA,CR-V,2002,33,95c71bd5b14ae80c75f156a8ac10a2cef93643dd83f48419ccfefc33b51b745f,2026-05-20
GARDEN CITY,1119,HONDA,CR-V,2005,44,4a99ebd6962dc78e488c31b411cefa38b9b4e0144eddaa11737f21df5a1898b5,2026-06-20
GARDEN CITY,1119,HONDA,CR-V,2004,62,144eedf4f6d7c8231f688549d810e51519d2c2ecb468960daef0027830f69e25,2026-08-21
GARDEN CITY,1119,HONDA,ELEMENT,2010,51,de65e36f1ca157cff6afe965ed42b1ab8508ec6e4038fe637a46b7230d0f6bc5,2026-07-16
GARDEN CITY,1119,HONDA,ELEMENT,2004,88,c1fa68fb2d27b6c92e0c23b7b8c65ea7259a75afe491c9ac8e42874c374fe26b,2026-09-02
GARDEN CITY,1119,HONDA,FIT,2012,40,525cbf9641fe8e1cd995fca1e22e278a7ac7869464ef373bc0e1a0d41ca16447,2026-06-09
GARDEN CITY,1119,HONDA,ODYSSEY,2010,39,a7edea18277755d3d6a1034b638c53c856729d99cde2adeb52775abf0daf1d8d,2026-06-06
GARDEN CITY,1119,HONDA,ODYSSEY,2010,36,bcb565001115dbfafbfcfa1906baae58e85e1955b4f777e3f627611375f0d533,2026-06-03
GARDEN CITY,1119,HONDA,ODYSSEY,2006,36,417ea4eb7604eed16ab76622897581480e899cf197d8a9eabe930d54c1785f64,2026-05-29
GARDEN CITY,1119,HONDA,ODYSSEY,2005,39,8816ca36ba10fc00746728035ba69dbec238e9467e2e5ba543dc08b1b60e826d,2026-06-06
GARDEN CITY,1119,HONDA,ODYSSEY,2012,40,f50485d1bf3237b31caaafa7f1d85b6b116cd2ead3a47b7a3ec228c32416ab13,2026-06-10
GARDEN CITY,1119,HONDA,ODYSSEY,2000,43,75fea33ebf6b03923b07b8b51ecda2ee355d753fc387d1b37a9e86e009614f2b,2026-06-18
GARDEN CITY,1119,HONDA,ODYSSEY,2011,43,8632f5f073623423608ff6b580d2bda911c51c2a8920c5e7d00cb49d92cfcc79,2026-06-19
GARDEN CITY,1119,HONDA,ODYSSEY,2011,47,6cb91332297b2bc5f6aeaa5c791523e98796c65fd74ab232ba3b8c0fbcc2d79c,2026-07-03
GARDEN CITY,1119,HONDA,ODYSSEY,2004,51,b4de893ce4a3b1bbe3a1b498b9caa24ad245596ba946d2ed0fc216bc8db3b974,2026-07-16
GARDEN CITY,1119,HONDA,ODYSSEY,2010,53,5be28267102dbb6fe6a2612b734b6959247361f75e35986c9328542d41c3fec3,2026-07-23
GARDEN CITY,1119,HONDA,ODYSSEY,2006,60,5b248179826663b7924985991610fe58aa7c1dd7ed0db41f6f3408a1ea9ee887,2026-08-14
GARDEN CITY,1119,HONDA,ODYSSEY,2004,61,922733ce090dae9b4dcb26cfcf60e5f652843e7eba8350112d52a789b02098e9,2026-04-18
GARDEN CITY,1119,HONDA,ODYSSEY,2002,60,f7e92c0b5273275b2b6a0f5fd4105b464d3e07896a13e52976db43054d412272,2026-08-15
GARDEN CITY,1119,HONDA,ODYSSEY,2006,86,d1e05f42f99ec901888e37bca04446e9fc1c8dad88d6f80b96d965c7830f13e1,2026-08-29
GARDEN CITY,1119,HONDA,PILOT,2008,33,e3b830e78c61ba4faa3737773e86854b2d70ac3a86306b43ece651ae475f779e,2026-05-20
GARDEN CITY,1119,HONDA,PILOT,2007,36,e6c31035508c523ad09de07e6cbddc8329db763f4f4b97db0b875a2695d7fdea,2026-05-29
GARDEN CITY,1119,HONDA,PILOT,2010,38,01dd011f60d88685e155384489f420e2ffb12a612f597e47ddb3040865188baf,2026-06-04
GARDEN CITY,1119,HONDA,PILOT,2004,39,8e825be5ab2dda65c28da511692e68ee08c25730419e2732ed69a506b5cc6e90,2026-06-06
GARDEN CITY,1119,HONDA,PILOT,2008,46,0d901c54f8adf35f621cb34e90267d4339325eef94a0faf52aeb8ece013c6bce,2026-06-26
GARDEN CITY,1119,HONDA,PILOT,2007,57,b445391c43a31de35b2c59d9f05aa6ae5587f928606b5b3bb67b8e28a97bdbe3,2026-08-05
GARDEN CITY,1119,HONDA,PILOT,2006,57,33886ea31c3d2e86fbbe8c705b26a9b0f0bb10a6c8050ad5c6a7cb8922e5adf7,2026-08-05
GARDEN CITY,1119,HONDA,PRELUDE,2000,59,73c45cbfb0d63739fbb45f15544b990907dbb37d6db0e17670c2f2e52bd740c1,2026-08-11
GARDEN CITY,1119,HYUNDAI,ACCENT,2005,37,e1b05735426e88f59c38e64fe715b4d3a5d26d938cfc5ca37de380c92cacb427,2026-06-03
GARDEN CITY,1119,HYUNDAI,ACCENT,2014,37,c523636652dc37ac81e506d4880df6fa0dd83159b0c345d8dc51f3f54f6ceabe,2026-06-02
GARDEN CITY,1119,HYUNDAI,ACCENT,2009,39,642116acca689f5a15246cd853f366c729e8dfa43441465e50ecd01440b773c3,2026-06-06
GARDEN CITY,1119,HYUNDAI,ACCENT,2007,42,5e4595bf2d9610a10c08cc517fcf4fb1d466d1537d4c53871123ceed2fe6e1aa,2026-06-16
GARDEN CITY,1119,HYUNDAI,ACCENT,2004,46,26e686481ff859c6c16c083e2837ccc52f05b3444dd57540884e55f0f606852b,2026-07-01
GARDEN CITY,1119,HYUNDAI,ACCENT,2008,49,2c86bc374339f30a816de64d289b96630f68b04e5874473569dbd3e5592da623,2026-07-08
GARDEN CITY,1119,HYUNDAI,ACCENT,2007,53,bd73be08b2948299b167b742621265ca9b85445a8ab46e17da94aff9ea5c398b,2026-07-23
GARDEN CITY,1119,HYUNDAI,ELANTRA,2008,35,f51c2819889747aafa62451143e76ec90f6eeeeb0271a6ff7528ee78b5e3865b,2026-05-26
GARDEN CITY,1119,HYUNDAI,ELANTRA,2005,33,92ad29f3acf6da3b8674f3fca64802a8faf1f591c5855dfd0769cdd4e8497b9f,2026-05-20
GARDEN CITY,1119,HYUNDAI,ELANTRA,2016,35,d87a447e91cfb57c047292e5f0135bc3cd3a33ae34adef1eceaf2603b7c935a9,2026-05-26
GARDEN CITY,1119,HYUNDAI,ELANTRA,2000,40,56c4be2ed2150121f74e56ba7f9ee28aeb8db016dc3f9016309a9e8db663eb61,2026-06-10
GARDEN CITY,1119,HYUNDAI,ELANTRA,2017,52,5cac83a2d70e64a09a71e2765efbce655b1f2bc6aefba573d4c8e875c27e8f79,2026-07-18
GARDEN CITY,1119,HYUNDAI,ELANTRA,2014,51,fc8eb4001c6deefb874d2001ed1f6f12dd61c73d1be1dc065cde708b8870f600,2026-07-17
GARDEN CITY,1119,HYUNDAI,ELANTRA,2012,54,d64b074a40f458000c66df395bc0ba4a1fc0c054de60765bdfa64a5c292bf265,2026-07-23
GARDEN CITY,1119,HYUNDAI,ELANTRA,2004,59,036383e01a4f7f9b3160b703ba0b84d61338958ddf88539d6f6efd51ce0a0806,2026-08-12
GARDEN CITY,1119,HYUNDAI,ELANTRA,2010,80,fe004c81a695b7d0089f07dade3ad1e1cddfdb5081736423818b9c3c2168c01f,2026-08-27
GARDEN CITY,1119,HYUNDAI,ELANTRA,2018,80,9cd2fe2b7a22054da31713fbd1c52bdf706e1c264a747aba55b619c429c51db0,2026-08-25
GARDEN CITY,1119,HYUNDAI,ELANTRA TOURING,2009,51,8a6a783d0706a0ab0abbbd5bf06657da3e81cd4a3cec3a742792416cc6e9bf7d,2026-07-16
GARDEN CITY,1119,HYUNDAI,SANTA FE,2004,34,9f78adb96dd49ba09ebc6e0c891ddaca2896e6497c514b26a3a6cb1d48ed26bc,2026-05-21
GARDEN CITY,1119,HYUNDAI,SANTA FE,2007,34,c9feb7cee1145f320b2f1a4b2c8905dd41f0595d24dd452fb32107d4f64408ec,2026-05-21
GARDEN CITY,1119,HYUNDAI,SANTA FE,2004,52,d1339f4c90859a256223256d77dc7b4586c856311a280e57e45a69341ccd3309,2026-07-18
GARDEN CITY,1119,HYUNDAI,SANTA FE,2009,55,5ce3ffca78b6f4a80a9cac928c12f8d1839dd3cf84877cc111e2be57495c6624,2026-07-25
GARDEN CITY,1119,HYUNDAI,SANTA FE,2008,82,bfce375ca3470d3fb1ae24c0a73622850bbcbf5f74ab8580495834ec8c78acaa,2026-08-27
GARDEN CITY,1119,HYUNDAI,SONATA,2011,36,372be81c22f1e18d2999cfec54c75ddc63d9160ecc0f7076cb66fcd56d8c315d,2026-05-27
GARDEN CITY,1119,HYUNDAI,SONATA,2013,41,d4cdb2b2aa2661d59be74044e8286c8500538577cae3820d31f2eeb87f6be838,2026-06-12
GARDEN CITY,1119,HYUNDAI,SONATA,2006,42,28699d8da67cd50774d7b0f6f21575a164a821594850c81838fb43efffc87140,2026-06-13
GARDEN CITY,1119,HYUNDAI,SONATA,2004,43,74f2297c83af31d3c9da110084324f99f8aa900b2bbeb6d868050865f96d5c9d,2026-06-18
GARDEN CITY,1119,HYUNDAI,SONATA,2003,43,49c636f86365e5e54479bed1f7d3756a14af95d88ef9e2909fcae346f2241d34,2026-06-18
GARDEN CITY,1119,HYUNDAI,SONATA,2005,44,30ddc4c0e5b49ac00d920b655cb4ef63c43b9887231c97d5720ff6945b156741,2026-06-20
GARDEN CITY,1119,HYUNDAI,SONATA,2014,46,b62134e2639f7ac5a6206992d725215bdaafa57e10d3c473ab792838065289ca,2026-06-27
GARDEN CITY,1119,HYUNDAI,SONATA,2012,54,e12600f27783c91d42f8a539de4f15e12ec9fcab525663fc9b5136e1d57dad43,2026-07-25
GARDEN CITY,1119,HYUNDAI,SONATA,2012,53,c1f72bc6087148b4e442a69dc4d512bbcf12152577aee85485c9902b186590f9,2026-07-23
GARDEN CITY,1119,HYUNDAI,SONATA,2007,55,c4a34e4ede70f4fb4c61e057490a74f1b7d3398644b69128daa28cf3dd65d2c4,2026-07-29
GARDEN CITY,1119,HYUNDAI,SONATA,2015,82,839e54b5341eb0195b9a2aa4cc2e117da74657b25c29ec5e18838a5379a4a19d,2026-08-27
GARDEN CITY,1119,HYUNDAI,TUCSON,2006,48,6e8c1c3c4c0de1a52527baf4c7670180f7d98b5ad339bfa6c49f00aca64cb778,2026-07-04
GARDEN CITY,1119,HYUNDAI,TUCSON,2007,80,484cc5aec3637c7621c761891c818ab72b195ada62ae915006303ed953f7c996,2026-08-25
GARDEN CITY,1119,HYUNDAI,VELOSTER,2016,48,ce3f6ada6f7518f9e0f051ef1243fca181ac86a5d35fa236836804ef3aecd2f7,2026-07-04
GARDEN CITY,1119,HYUNDAI,VERACRUZ,2007,61,c5af3c084ddee5ede84d9cbdc72deec3ee5a013c49656236675fafe021b1e8fc,2026-08-15
GARDEN CITY,1119,INFINITI,FX35,2008,59,c1cfe82f048c7b7c460189711845440413a6dc09ee8ed74ca741559f4f401302,2026-08-11
GARDEN CITY,1119,INFINITI,G35,2004,47,b6b17f92afe1f941bdbc4ee502ed9718535a893ea9651927c95ceb94ad235705,2026-07-03
GARDEN CITY,1119,INFINITI,I30,1998,43,01930fc38308d6c84bb64d74e8b70fa1320f6000176b9f0a93ecca473217f311,2026-06-19
GARDEN CITY,1119,INFINITI,Q50,2017,33,a1e2040a4a076643b347c37c24d0d8021df5e1ca3c52aa4793034877fbe1b3cc,2026-05-20
GARDEN CITY,1119,ISUZU,HOMBRE,1998,45,41da84b477c93413d2657ad1239555236e9f8bdc12ad91e8622d65a48e43612f,2026-06-24
GARDEN CITY,1119,ISUZU,PICKUP,1993,44,dccc59eb7318c3b775be50dffaa6c782fd1fe818a13521b4d5ae83abee193224,2026-06-20
GARDEN CITY,1119,ISUZU,RODEO,1994,36,a7b3924f1c7ed436bc673ee0241b51e394f0acef1c3dfe92b8ecd21901c8d19a,2026-05-27
GARDEN CITY,1119,ISUZU,RODEO,1995,36,6b2f395310fe94d1e2d5cd403167bc0af4995f5d6a3b7829824ddfa68132f099,2026-05-30
GARDEN CITY,1119,ISUZU,TROOPER,1999,32,02f6de7f8bf4c023ba27bb8e390d3f2294ac4a0627c568de1f87630de9ecebae,2026-09-10
GARDEN CITY,1119,ISUZU,TROOPER,1994,88,f363fdad5d78874f482f0c97f46917cf34e94006c38e71dada2963375beb565e,2026-09-02
GARDEN CITY,1119,JAGUAR,XJ SERIES,2006,47,32faf6d577cd47b0f9386928d46564ce7cccd24ff99e4692d1ee4be4d9c65839,2026-07-02
GARDEN CITY,1119,JAGUAR,XJ6,1990,36,42a0934fde77e48be8cf7977796694e0f985d5214d95c4b68e9bb4d11104c62b,2026-05-27
GARDEN CITY,1119,JEEP,CHEROKEE,1991,28,bd7e00e41305e38f77f40d3722f258c2ed187c47922d5bd90c1c42227bfecd8e,2026-06-04
GARDEN CITY,1119,JEEP,CHEROKEE,1994,30,7ec38856aec15d30480ea8929054d1f81705ac9630551419ded78c5e7e209816,2026-06-16
GARDEN CITY,1119,JEEP,CHEROKEE,2016,21,f05ded781806e505fa2efc97f0b3600f72c4d599fe8c96937cb767635e67ceaa,2026-06-26
GARDEN CITY,1119,JEEP,CHEROKEE,1991,25,5d1a0024db894ebd76828088817f6da475f69645a2df0f47e06f634d28cfa16e,2026-08-19
GARDEN CITY,1119,JEEP,COMANCHE,1990,24,a2d867977abf94254457a467ebfcf58a54b0f09ad813b69c9b40cc44cff624a8,2026-08-13
GARDEN CITY,1119,JEEP,COMPASS,2012,30,1b38a427306d5c8b6d000d5274fdf665c2738f9f4f66383774e17a976c054df4,2026-06-12
GARDEN CITY,1119,JEEP,COMPASS,2014,30,292c2682ce350d3f377501a33ac8b58d90e6cb31995099c5a5fb229543c5dd37,2026-06-23
GARDEN CITY,1119,JEEP,GRAND CHEROKEE,2001,28,9985caa9bff7ee13c7a611773edbcdc86be2aa3f898c814a19de8c6fb74a9d21,2026-05-21
GARDEN CITY,1119,JEEP,GRAND CHEROKEE,1998,22,5b86d4cabac04475146e84804f4a66c51ea6095ddeb7eaa30ab69de080732b3c,2026-07-09
GARDEN CITY,1119,JEEP,GRAND CHEROKEE,2000,22,1468a52049bb2b9b9c90cb8c121a774b1abcdc6f881e8f02844c291b8b3eb43a,2026-07-10
GARDEN CITY,1119,JEEP,GRAND CHEROKEE,1996,23,701f931c1342d992fc170a92f71338e3ff8670258ddb3d58cc99e7933032f9a6,2026-07-22
GARDEN CITY,1119,JEEP,GRAND CHEROKEE,2003,24,ba67ef0c27b526a40e56035dadf0bb2bce38b99dcaae5599d1bd40a00814bbb4,2026-08-05
GARDEN CITY,1119,JEEP,GRAND CHEROKEE,2004,24,4dcd264d614cb77c9c48e87df69467693d2dd426a3fdf096b724a16ff3cb34a8,2026-08-12
GARDEN CITY,1119,JEEP,GRAND CHEROKEE,2008,24,e6fb83256b4376f9aa71f4e92f0d0ee945eea793580689dd1b7cfd094cc6a28d,2026-08-12
GARDEN CITY,1119,JEEP,GRAND CHEROKEE,2004,24,4dcd264d614cb77c9c48e87df69467693d2dd426a3fdf096b724a16ff3cb34a8,2026-08-12
GARDEN CITY,1119,JEEP,GRAND CHEROKEE,2005,25,55c099273aa8d25fcaa0c9a3bb6819dc4e68ff23386edf42ce85143d199a60db,2026-08-20
GARDEN CITY,1119,JEEP,GRAND CHEROKEE,2006,26,80c22a63a883f7fbf8a7b5511235badfb617e557057fe54682d612f76cdecf79,2026-08-27
GARDEN CITY,1119,JEEP,GRAND CHEROKEE,2005,26,4ab0e9abc406ec37a21c1cc5022600c6578134e44101ead844f0980f9fc13e44,2026-09-02
GARDEN CITY,1119,JEEP,GRAND CHEROKEE,2011,26,fee2de81793f5ba006e670353899f6a34af32c361b00d13588e07454c5914458,2026-09-02
GARDEN CITY,1119,JEEP,LIBERTY,2011,22,bb6ddb09192baa54cca33faf2530f2ecc9a9c97551f72bcfc15b1de92b303f2e,2026-07-16
GARDEN CITY,1119,JEEP,LIBERTY,2011,23,b449bf480bca9a2043ddeb640949be8407de2e72414b18107b9afcaea24e0ee3,2026-07-24
GARDEN CITY,1119,JEEP,LIBERTY,2010,24,f4f64e8eb65a33978efc2dc2646b8cae299fe7171e38506bc710e37cd713a567,2026-08-05
GARDEN CITY,1119,JEEP,LIBERTY,2009,25,a84391b344647e080ac17e283757ff8ad5a6357acca87b05cf7eb9c94bcb4d93,2026-08-21
GARDEN CITY,1119,JEEP,PATRIOT,2009,28,78f0e9e206e5ea84e92be5a6f78e4042ad6457fa24d9e580a5eeec1e631b8e50,2026-06-03
GARDEN CITY,1119,JEEP,PATRIOT,2011,22,0807f718b6e3cf1a2b4d107a90c5b1c52083a024d65ad9d459ceea30db46dbf4,2026-07-04
GARDEN CITY,1119,JEEP,PATRIOT,2014,25,144f1e510ace23fb6d153ef08e487c388c451b4692e665eaa6f53bbd76da54cc,2026-08-20
GARDEN CITY,1119,JEEP,PATRIOT,2014,26,743c11c07b649bf61bcbcaf155a3d9fcdbba9eb7e214eeacb7d1dd42a2332571,2026-09-03
GARDEN CITY,1119,JEEP,RENEGADE,2015,28,f853f9f434ed8365b3e7ccb37dcba38f99b5bcaa91443f80018bc32350a205f5,2026-05-22
GARDEN CITY,1119,KIA,AMANTI,2004,82,62d7b32372788b5e58312ae4aa07cb0eccb6dbd5f543c18e47a7ac141aaf7eec,2026-08-27
GARDEN CITY,1119,KIA,FORTE,2015,38,b532fe8c18eaa294a41d4bcf87da89b10f7ccd4e0a3499242927cc9c361efa7c,2026-06-04
GARDEN CITY,1119,KIA,FORTE,2011,45,0ab1e5f171e665eaf7e5924daba7a1e8e858d59b82535da60b375c749802a540,2026-06-23
GARDEN CITY,1119,KIA,FORTE,2012,49,7345cf55afeaca9ef73e6fd257a1f5146b61a172584f9186e611b5005fbed64c,2026-07-09
GARDEN CITY,1119,KIA,FORTE,2014,47,b80a9308dc3b48d2ca96c0d0aa672f664d1a5abb2a9136f8666ee0b0f540b15f,2026-07-03
GARDEN CITY,1119,KIA,FORTE KOUP,2016,31,575fcc3752507fa06dcd2d9c1afd330d78eba579a6aa373a026f6959460bcd71,2026-09-10
GARDEN CITY,1119,KIA,OPTIMA,2009,44,cdbb3c762a92cf205a214bbab3eab466bef03d21d22bd1f0ad1345dae96e5ca2,2026-06-20
GARDEN CITY,1119,KIA,OPTIMA,2013,45,ce6ddb799098983eced5e36a692770e436e9ba31cb77b0092a28e95ce936838b,2026-06-25
GARDEN CITY,1119,KIA,RIO,2008,34,381c86e89220a6587ce5b0fdbfd99c806db4af675613f1ffb341e161bd25b5a1,2026-05-21
GARDEN CITY,1119,KIA,RIO5,2008,57,81b28893848dd894fed7b58dca8bc26b65e889be019cb467fc15aa8d4247e7dc,2026-08-04
GARDEN CITY,1119,KIA,RIO5,2008,82,2889eb9303323102f9ef095c416c86b8f30890ec834d8ef32b4e67f2594d40b7,2026-08-27
GARDEN CITY,1119,KIA,SEDONA,2010,60,847f17a6f77c7e18d295c52a5008743f26b6001377ee67a9b490eab5dc323d02,2026-08-14
GARDEN CITY,1119,KIA,SEDONA,2005,58,d446fa1861e11fb8fddb0340b0c69b12371adcb5718d62ba2ee0f5900ae37977,2026-08-07
GARDEN CITY,1119,KIA,SEDONA,2006,88,f4c19cfd56d9e2545fa4302c35865b703cea04559fa49ede3b813acc485b944d,2026-09-02
GARDEN CITY,1119,KIA,SORENTO,2006,51,ac35cf3637987525df0065a64ab2fcf22fecb983524fb9ae37e089ed6f523f8b,2026-07-16
GARDEN CITY,1119,KIA,SORENTO,2003,82,e31086458553791eabff347e7f3765b34b0e487e80814e651778e9dc30c686b9,2026-08-27
GARDEN CITY,1119,KIA,SOUL,2011,35,0dd5aa1f9797ce3c440ec490141cfd29150d9217fd26475ab352799d2bc337aa,2026-05-26
GARDEN CITY,1119,KIA,SOUL,2013,35,35619245bba0378a0d48b68b5703bb9d7f5fb8b6dc8602d61e5893cf168ef2db,2026-05-26
GARDEN CITY,1119,KIA,SOUL,2014,35,e8f0bbd6588c3dc70fbfe78ce30023e35476130ba465770d7b54bcea0351f88b,2026-05-26
GARDEN CITY,1119,KIA,SOUL,2013,49,bd8239c1a4dbb0621934342eaa33a51c63888f2b500dd253dd0c4c92d0c2d6e2,2026-07-08
GARDEN CITY,1119,KIA,SOUL,2017,56,26b1aa24c2e958d6c8f3cf91ca4d683af93750347e7ff77a431df23016166cb0,2026-07-31
GARDEN CITY,1119,KIA,SPECTRA,2005,53,1833fa70c19b3993687a3ea6befa2e36adc6f8b3c21ad10d8f1728634658293a,2026-07-21
GARDEN CITY,1119,KIA,SPECTRA,2003,59,1b85e22ab2cb596bbeef800a0364d7a5186a74020591ce3d4e6d9b0ddae87136,2026-08-13
GARDEN CITY,1119,KIA,SPECTRA,2006,80,71f219d7a5ecf22450b06e833e4494206b4884859d8e5484052afacf4c511fa6,2026-08-25
GARDEN CITY,1119,KIA,SPECTRA,2008,32,bb31c4482a618bde5bab6e997a37502331244a5cdd9b19b63ed487fe85b906f6,2026-09-10
GARDEN CITY,1119,KIA,SPECTRA5,2006,53,b6c371bc5eeb083f01b34c7b5be36573ec94199ed0380ebc10b5c6994906f88e,2026-07-23
GARDEN CITY,1119,KIA,SPORTAGE,2009,46,fcbd6bf123e655eb2b25c45b56f04a6c99393806220488e5c59cb50a4ebef126,2026-07-01
GARDEN CITY,1119,LAND ROVER,DISCOVERY,1999,48,881a3f0e2ec5373984099882320835279ca68a526431577029bd35bde7218560,2026-07-04
GARDEN CITY,1119,LAND ROVER,RANGE ROVER,2011,50,0fd48960c7ed7c1d7ecae53ab3b08d32cf571e9319f30aec4fff64492c6ddc92,2026-07-10
GARDEN CITY,1119,LAND ROVER,RANGE ROVER SPORT,2006,57,a81a1ec7f3fb5d5dfff5e5b91fb32a72c173ce2220874e25244e26a83b31f8e4,2026-08-01
GARDEN CITY,1119,LEXUS,ES 300,1997,57,61f8b7fcb03a39f641e9d8dfb5b9fc18dad06669462ab8f0476d7c1017bc0700,2026-08-01
GARDEN CITY,1119,LEXUS,ES 300,1998,53,c230e7d6dd2ea16885fd9e570072cb48335fc4ac23df11c2b33ac4a6ba466191,2026-07-23
GARDEN CITY,1119,LEXUS,ES 300,1998,82,a7c3595b21c385022747abd0050f0fd1eeef43c3327bf26350cfc763fbde1b54,2026-08-27
GARDEN CITY,1119,LEXUS,GS 300,2001,49,98618abadb01c93d4a3f6a56cb60fe888b6c2920528a80564d70a4536d99f72e,2026-07-08
GARDEN CITY,1119,LEXUS,IS 350,2007,59,c4578317dd4b05790cb6d9d64eada72da27701e9696ea1e6d595f2e404c057d7,2026-08-12
GARDEN CITY,1119,LEXUS,RX 300,1999,52,d633478e9dd88c01731d8269f6d19a4ab71d94613c0b8d8697bc17df00dc6009,2026-07-18
GARDEN CITY,1119,LEXUS,RX 350,2008,41,0a8f87bb946044fa794f2503132260229f59a2ebc76ba60686baaa02301169d7,2026-06-12
GARDEN CITY,1119,LEXUS,SC 430,2003,37,85621b10679d253af5b8e1e73c328a58c7dc5af680317c41ccb1c497178cdee3,2026-06-03
GARDEN CITY,1119,LINCOLN,CONTINENTAL,2005,73,8d6206f151e25580a14e848e0cd51d39588310412d95efa0fafdd966405d6cfa,2026-06-02
GARDEN CITY,1119,LINCOLN,CONTINENTAL,1995,69,d394a43fd75ef99a27d470d3bc210328493db02debbfd485b6c15891f3498639,2026-07-15
GARDEN CITY,1119,LINCOLN,LS,2001,72,c69f37c9d7b3df979b0dcf2492d6372dd41da6df714de4dc73f89d5689d7aec7,2026-09-02
GARDEN CITY,1119,LINCOLN,MKS,2010,73,8e9bbe463fc97a46926502a4a571b167e4db1938be9ef3d2a09d76e44527eaf1,2026-06-11
GARDEN CITY,1119,LINCOLN,MKX,2008,11,4850030b4bca628acdbc24ec5d4d7d2b570a9601cd54a6f19a265a3827be0d7f,2026-09-08
GARDEN CITY,1119,LINCOLN,MKX,2010,20,b65ce43e39573d9b4651b43b6eb466e3fceb5d8d7adcf63172cefa259078a7c3,2026-08-29
GARDEN CITY,1119,LINCOLN,MKZ,2007,74,915d9648cebffb621e91551254e432b3a4c16b548f4a1df0638ee639d5112270,2026-07-01
GARDEN CITY,1119,LINCOLN,NAVIGATOR,1999,13,8e8501058a0e07ef031bcc252f3a1250cab0e14192e3f140ef057217d92d9be0,2026-07-17
GARDEN CITY,1119,LINCOLN,NAVIGATOR,2002,14,80567237ebbdf413245cb8edfd9b04ec9b636c9ba6be9e23b35163e936dbf351,2026-07-09
GARDEN CITY,1119,MAZDA,CX-5,2015,56,900221ab4710de23a02cbc3c316bacea5b60896b8d1cd49259aa3cee92a4a08b,2026-08-01
GARDEN CITY,1119,MAZDA,CX-7,2007,32,f637b8a0c5782b865cd0ea57fe678abede4779b2db0b94c2258814d95daed464,2026-09-10
GARDEN CITY,1119,MAZDA,CX-9,2007,45,95599a2107d921c670e4bcfc4bf459e0b9975bdde262111a4b11829cdbed302d,2026-06-25
GARDEN CITY,1119,MAZDA,MAZDA3,2010,36,36097730443d93314ad54e6e02dfda8e16550b7b97b73eac2f1fb3529b7143ae,2026-05-28
GARDEN CITY,1119,MAZDA,MAZDA3,2010,39,fe239eaa7551aa4c0b66d669a92959cac5bf889368593744809518caf4078aef,2026-06-06
GARDEN CITY,1119,MAZDA,MAZDA3,2007,41,a6ec5840479a69df0953566b980dcac16f634c2327cbde93918efb0b2563c153,2026-06-11
GARDEN CITY,1119,MAZDA,MAZDA3,2004,43,e1cb566b0bfed04014ee1081eeaa1354b8e2d0e39c317ad8372ac7c78a64f77f,2026-06-19
GARDEN CITY,1119,MAZDA,MAZDA3,2007,44,849cfc28abe12d409571288ce45584a0f805344139cf2da9720b436f492bccd1,2026-06-20
GARDEN CITY,1119,MAZDA,MAZDA3,2006,51,46f226c81c7192d0903b9e188e248bc09db6b392bc40d14ec2b24b084b500142,2026-07-16
GARDEN CITY,1119,MAZDA,MAZDA3,2011,55,364f1e29953201340d4446daa02aa49513d8ff79ac6cf36e8d58071d1dedae94,2026-07-25
GARDEN CITY,1119,MAZDA,MAZDA3,2006,55,81c344917acb2be1009be05ffcb27e69d2c7036ae838ace70c475af1aa5a6de9,2026-07-28
GARDEN CITY,1119,MAZDA,MAZDA3,2006,60,929931e1038dd7dbdc7e6d4b3dee3da4562546a512b095cd98ad07186c00d5ee,2026-08-14
GARDEN CITY,1119,MAZDA,MAZDA3,2013,62,63009d7f5fc5fa7ff935c65c29dbf6bc99530aed1cedcda9f5a4ecde5cffb61e,2026-08-19
GARDEN CITY,1119,MAZDA,MAZDA5,2009,46,a1e0e34f32d2ad198963bbf53fd19bba9fc1a9a0615d4be08bb42f8e098b379d,2026-06-27
GARDEN CITY,1119,MAZDA,MAZDA6,2009,34,7f65564b99daa7ed59f425bf1157dd2ef7d57eacf3f4eaa6046749d99c9bfd3b,2026-05-22
GARDEN CITY,1119,MAZDA,MAZDA6,2010,43,dcbca29c51a2fcde609e96b3d0eeabdb52d86750c4c1b2577988347711ec08c1,2026-06-19
GARDEN CITY,1119,MAZDA,MAZDA6,2009,43,0d76a09f6553c9d95c1a7f6d93e8db5bec2aafed7d62bbee58c448a399e5790c,2026-06-19
GARDEN CITY,1119,MAZDA,MAZDA6,2009,50,14ae4c910f8b467d706c5df100866e14109dd7986dc4ad48624cae1dfa7c31fc,2026-07-15
GARDEN CITY,1119,MAZDA,MAZDA6,2012,53,bffb14bb152a52cb511b357f25a3f685ab801f86f3ecf7c81065e8f7337a2b71,2026-07-22
GARDEN CITY,1119,MAZDA,MAZDA6,2003,62,9ae5bdb11d6bc05abbc3bb66e486e5c2c3160b65890ca32e4915fd33dfed1e32,2026-08-29
GARDEN CITY,1119,MAZDA,MAZDA6,2014,90,82b03f2eafbf556af680ea03f90df059ffea3b005f65097afa1e662d085aab24,2026-09-04
GARDEN CITY,1119,MAZDA,MAZDASPEED3,2009,37,25fa5e5d7db0ce88d022a2c8c3ff515b1369022e27482628bdd32e0cf7a36e8a,2026-06-03
GARDEN CITY,1119,MAZDA,MPV,2001,47,edc5ddf9e3e145d15e066fdf3ed660b7f40bc2c51b00f827924c1651286af42f,2026-07-02
GARDEN CITY,1119,MAZDA,MX-5 MIATA,1995,38,0b0f73e850fc10084670b1a765c01a6a1780c082ae1f372c0efde3f648d3e136,2026-06-04
GARDEN CITY,1119,MAZDA,MX-5 MIATA,2002,82,758f0f07c51a8be9727a16955a4b05d14ac9b29d5b29c946727d5841127d311f,2026-08-27
GARDEN CITY,1119,MAZDA,PROTEGE,2000,40,902bd6263a562b06cbb615d712ed80d391514eecb7ea31adf2457b7a881b38d3,2026-06-10
GARDEN CITY,1119,MAZDA,TRIBUTE,2006,39,b4d671dc04a42e7e3d5113e242590f76ff8357ae2c0fdfdcbfb4112de644cba9,2026-06-06
GARDEN CITY,1119,MAZDA,TRIBUTE,2005,57,4d0f0ca998c023de0ffc9f94ed7c6e372fcae5c5a7ab4ec57026f9f9ffa98d2c,2026-08-04
GARDEN CITY,1119,MAZDA,TRIBUTE,2003,61,293db3d73cf36bdb06b35d4f2e6274c85de01b6ae69dfa7142682dbb5331554d,2026-08-15
GARDEN CITY,1119,MERCEDES-BENZ,E-CLASS,2006,58,ebbd3c7d5b446d9e345ac134acb4b5254f7aacc480d5d3023e08e77865642291,2026-08-08
GARDEN CITY,1119,MERCEDES-BENZ,E-CLASS,2001,61,60782b679a3be73ae79259d0d488485aacf0761a4a3442f278e73caf71810741,2026-08-29
GARDEN CITY,1119,MERCEDES-BENZ,M-CLASS,2000,41,30ffc2cd1f116c1f4582e7c95087ff1af576f743ed16399b1f42002fcfaf65e0,2026-06-12
GARDEN CITY,1119,MERCEDES-BENZ,M-CLASS,1998,49,77ec3b6b7ee0d7562135407fdac41e7355abafc722c2b699d5adfc2b8b90e5f6,2026-07-08
GARDEN CITY,1119,MERCEDES-BENZ,M-CLASS,2001,54,c0f91738831573c00478f3ecdf3c918b16fe4cdd974bb68915501e88e6a3861c,2026-07-24
GARDEN CITY,1119,MERCEDES-BENZ,M-CLASS,2003,60,f848fb98f99ed4eda771bf3e3616de455c69f3ec0c31fd40bb30fea358868be5,2026-08-14
GARDEN CITY,1119,MERCEDES-BENZ,M-CLASS,2006,31,20f67f37669aba1aa1a345491203eb16d4674a555cbc5f81b674ddc687d4cb66,2026-09-09
GARDEN CITY,1119,MERCURY,GRAND MARQUIS,1992,73,84c7a291f1931ba66c7bbeb27824c8f999e48561d4646f78cbac40f01ca5e101,2026-06-05
GARDEN CITY,1119,MERCURY,GRAND MARQUIS,2000,71,1c4f1b3d9389f4871ccecec258c29cb132147358cabfdb60ec6330a03b895515,2026-08-18
GARDEN CITY,1119,MERCURY,GRAND MARQUIS,2003,71,09fe688a67470f7c1b3a7d889ec8f151350c83569514e3404c815bdd5161662e,2026-08-27
GARDEN CITY,1119,MERCURY,MARINER,2005,13,fa41fec18dd0f6b2bbe72f2fd6f602f754b5014a43936491c30d1320f51aabd1,2026-07-07
GARDEN CITY,1119,MERCURY,MILAN,2007,73,4d64a14c905d8573b06d87194f6a12b75950d60225347612e50555d32aadc246,2026-05-28
GARDEN CITY,1119,MERCURY,MOUNTAINEER,2003,20,79146073e9c21422dcf8041800fd44d300d5cf10595de38d1df4c08591875b5c,2026-09-01
GARDEN CITY,1119,MINI,COOPER,2011,37,4f21a849e38dd59724bd31ce507fc5be2c0e46125082cf76f3d5edb9970e4e0c,2026-06-02
GARDEN CITY,1119,MINI,COOPER,2011,37,4f21a849e38dd59724bd31ce507fc5be2c0e46125082cf76f3d5edb9970e4e0c,2026-06-02
GARDEN CITY,1119,MINI,COOPER,2011,38,76d930536b292f442f9e3b06a6a7dd9c6cbb04d03cde445fdb8462f98993fcff,2026-06-05
GARDEN CITY,1119,MITSUBISHI,3000GT,1997,56,4b87db1747171dcf81673cc21bf55e8e2280bcb7b7cc672a90aee33d600f921e,2026-07-31
GARDEN CITY,1119,MITSUBISHI,ECLIPSE,2001,40,6fe8a96ae1ba25469be7cad73fe7df4492a413a3257fd7a67e62294a30def4ba,2026-06-09
GARDEN CITY,1119,MITSUBISHI,GALANT,2002,90,dae55b5fe876d844560bdb3287fca2b53e0220ac2a84162587764bfc2381bed9,2026-09-04
GARDEN CITY,1119,NISSAN,ALTIMA,2005,34,1b741cf54538ee88bc2ce1ccc5b7a2ce69db7fd7abcbd5ddabaa7e2a6fed5455,2026-05-22
GARDEN CITY,1119,NISSAN,ALTIMA,1999,34,14bc52d073586e85f21c96facd57194bcfccf79d46b159eab0af11e13d703c26,2026-05-22
GARDEN CITY,1119,NISSAN,ALTIMA,2017,38,4d1da50dcbf660216183b8ddf61dbd04265515bff7dc083da93287bd2092e299,2026-06-04
GARDEN CITY,1119,NISSAN,ALTIMA,2012,40,005744519ea4005235ea5c328d235125e20cdc6e139b24ddb5d7dad44ee6cd1f,2026-06-11
GARDEN CITY,1119,NISSAN,ALTIMA,2002,41,f451f59f13dc5e68ca5a29503cb0b2709eb32fbc6dfc9d918dd88464166eefb4,2026-06-11
GARDEN CITY,1119,NISSAN,ALTIMA,2013,47,d6ec11ed31ca7d363c50df09c9beefa9a1a2e4a6448e427746a44c8fd8dc63e4,2026-07-02
GARDEN CITY,1119,NISSAN,ALTIMA,1997,48,d450e5f02a205df3c479b3eafdab1804de3f8b3f19dbf0122886c85a1e69cbf1,2026-07-04
GARDEN CITY,1119,NISSAN,ALTIMA,2009,57,5aee0005c525a3851c2fc2937d8eb4800fda1227b57801170bb7b4d865cac00b,2026-08-06
GARDEN CITY,1119,NISSAN,ALTIMA,2009,58,4fdce9912a689777eaeaa28b1d8668777491943b6604bbb3eb3f52f17ccbd9cd,2026-08-06
GARDEN CITY,1119,NISSAN,ALTIMA,2008,57,45bc232ffea7677023541b83823b3c2e1a60b96cb192f9e113aae235c9ac09ba,2026-08-06
GARDEN CITY,1119,NISSAN,ALTIMA,2016,61,ea6973f4f2de35bce7bd7834f2a35301ace3d02393b321fe7ac8328000b121aa,2026-08-18
GARDEN CITY,1119,NISSAN,ALTIMA,2016,80,2f70048da78d316e595aa8dd3e2d56a72b45736496b7ad913f1f41186f1cd563,2026-08-25
GARDEN CITY,1119,NISSAN,ALTIMA,1997,80,f82766e79c45791d6a8736ed8fc294c66dcc1b00ec3b38949b0d7afb6827fdd2,2026-08-25
GARDEN CITY,1119,NISSAN,ALTIMA,2014,31,0b5f27ebff6650db18d6ac17a8be0afbfadb8c1837d5c21a6e09e414e6328f8b,2026-09-09
GARDEN CITY,1119,NISSAN,ALTIMA,2013,88,172c66eec0c0e2ae90041094a213fbb5ea92c06b79adec948ba45261082e8020,2026-09-03
GARDEN CITY,1119,NISSAN,ARMADA,2007,39,3ec6b680d586d07af542a24576c5f3d37df91ab6963e935cb032da6e22e4d151,2026-06-06
GARDEN CITY,1119,NISSAN,CUBE,2010,58,2ac1d90be602fb4245927fe20577c4902545b36d5fdb8f843ebd1fca6a10e000,2026-08-06
GARDEN CITY,1119,NISSAN,LEAF,2015,84,1cd3ec906fb60c1e4ae441020c717ed3407b423519733fd62e596c142bdfd5d5,2026-08-28
GARDEN CITY,1119,NISSAN,MAXIMA,2003,34,781322ce4155ef17c10a098b413ff23feb45654fd6e9896a7bbde385eefac820,2026-05-21
GARDEN CITY,1119,NISSAN,MAXIMA,2006,39,edc9c2744d3b84c33a9447421673132cfa09ebc247db0514c6f792fedb8758fe,2026-06-06
GARDEN CITY,1119,NISSAN,MAXIMA,2005,32,446712b29b592372e95095d4196f0d4c31e36b15907249110dbb0016478ba1ad,2026-09-10
GARDEN CITY,1119,NISSAN,MURANO,2007,38,d827b28422553858ac4cae4bca0ae901de1326a33b8019de027a1314ea246e6e,2026-06-04
GARDEN CITY,1119,NISSAN,MURANO,2006,54,27354dcc31a528d8f93da39d9eb337f913428fc45486618b6d5ec5c5cd574419,2026-07-24
GARDEN CITY,1119,NISSAN,MURANO,2009,80,da9e4c8b0f2c543206be41ae9745fbb7a8e49f45afc25f53ad0254a8ecb16e3b,2026-08-25
GARDEN CITY,1119,NISSAN,MURANO,2005,84,8a5bd32e33918f0f4617df82501f179682b5e619401f41a074cffcf1ebdde833,2026-08-29
GARDEN CITY,1119,NISSAN,NV200,2014,54,6d6b336f0ca91bc54373b17e54019e9f3b72ac19564b25024420aff87d774ae4,2026-07-23
GARDEN CITY,1119,NISSAN,PATHFINDER,1997,50,021bfbd6269b5a8c31aaca19104f5f73479e6dd1d36e49b34c9556f4a13b0eec,2026-07-11
GARDEN CITY,1119,NISSAN,PATHFINDER,2014,57,0a879ca5af3d37855ee9b2fde2da4d674bbfe9a7fc28a92a46af7c7a42a2c4a6,2026-08-13
GARDEN CITY,1119,NISSAN,PATHFINDER,2001,84,157e868e59c68ae5b3c7124d3f08eee47f665648d3d771e217cbfd02b234325b,2026-08-28
GARDEN CITY,1119,NISSAN,PATHFINDER,1993,90,f900420b58a29b52af3692c01d38f0ec557a8c68d853e02a1b2b2dbeaf940c04,2026-09-04
GARDEN CITY,1119,NISSAN,PATHFINDER,2010,86,4b1855e0f1107f86c696c391956f38aeecb81b66bab4456ff6bc171bb4a31681,2026-08-29
GARDEN CITY,1119,NISSAN,PATHFINDER,2003,90,b706f753b3bc0bc7151abe3300d0b1d6a037797a05f0ed3c2d85b184d6f2124a,2026-09-04
GARDEN CITY,1119,NISSAN,ROGUE,2016,35,f7f9a6905ce9dfb9a930cb1e5bfdf773d6c30cd8f5464581c3cfad14d1b16e2f,2026-05-26
GARDEN CITY,1119,NISSAN,ROGUE,2017,36,fa8544eb569b08b77500a8a8c388f2959618f36986dc8ca786b30a6b23ef5a64,2026-05-28
GARDEN CITY,1119,NISSAN,ROGUE,2011,46,42d38a1510da5a5ba3d59732760949ebc9bd9ccc4321792d994ce7320e9041aa,2026-06-27
GARDEN CITY,1119,NISSAN,ROGUE,2013,32,25cbdebf6b0b51718b02e3b20e2de3c3e0a471992111902a8f21676151be5516,2026-09-10
GARDEN CITY,1119,NISSAN,ROGUE SELECT,2015,58,87efdb8f5c5f8f73f8519bdc8e6739685ef32ae2a80f80ffb31038cbcce8fc35,2026-08-08
GARDEN CITY,1119,NISSAN,SENTRA,2008,34,fd64e522b2bc6a642cec6b6da4d5566e8de43cc72eea032720b4f9a444b9e870,2026-05-22
GARDEN CITY,1119,NISSAN,SENTRA,1997,45,2cfac03ee8c563f786571838eba5e07df82f3bfa19e504bc1dd14cce55f713ff,2026-06-23
GARDEN CITY,1119,NISSAN,SENTRA,2006,53,e342ebd49cfe2c7a876d8ec8030e2186a8d4c921ae7b5b07e1500b6e7c11f383,2026-07-21
GARDEN CITY,1119,NISSAN,SENTRA,2019,31,792c35004e640abc9f3a3729c7c8d6214665176d575d9de492a84ca46edfbc2e,2026-09-10
GARDEN CITY,1119,NISSAN,TITAN,2005,47,e26b3218937a72e7e06aeb296467f0e9726fd5a55e80139dd868dfab44db8ceb,2026-07-02
GARDEN CITY,1119,NISSAN,VERSA,2007,35,cb6502910cacc6036ad1e068709eb09e49bffca057f66acaa89fe6e53e638193,2026-05-26
GARDEN CITY,1119,NISSAN,VERSA,2010,33,7f81e7157c13a2591c38ed42775959ccf4abb3375845541e5099317a028f6583,2026-05-20
GARDEN CITY,1119,NISSAN,VERSA,2012,61,2544c78f279d6c5e77e23726585c25043e4f0189006f7356daaa90ee41a061b8,2026-08-15
GARDEN CITY,1119,NISSAN,VERSA,2009,84,c9054938426239081fd27e227f64a78e974d053c2b3049a38de9c0a0042a88bf,2026-08-28
GARDEN CITY,1119,NISSAN,VERSA,2010,31,2edea616c5497ba2f67a25ed88a99213ffddac8eeed34e16a836c37f0e170ed2,2026-09-10
GARDEN CITY,1119,NISSAN,VERSA NOTE,2014,50,2ec2fbbd3c154d4bd1058a300160300eaa6251932078613211b77e0eed4b7155,2026-07-11
GARDEN CITY,1119,NISSAN,XTERRA,2004,33,4dbf185b31ee308c67e4d8531f6ff8797097238dc2682ba7324ef0f3d789eec0,2026-05-20
GARDEN CITY,1119,NISSAN,XTERRA,2004,36,e540502cc91007e4d68319d13c8e25b860240e2e5e26507a0d44204edd0a72dd,2026-05-30
GARDEN CITY,1119,NISSAN,XTERRA,2006,44,df96f6c34b9136b9164330222305ad8af416f9c4af6a882fa1146f4b8f22a1ca,2026-06-20
GARDEN CITY,1119,NISSAN,XTERRA,2002,50,40b434844fb65bde4a954d0d9d0c68861eb3eba5899bf568518b475e979056b5,2026-07-11
GARDEN CITY,1119,NISSAN,XTERRA,2008,84,1558aa564c008191c9b0e811ce1fb01f4042e2420d0901320604ec1a5bdd103c,2026-08-28
GARDEN CITY,1119,PLYMOUTH,ARROW,1979,30,d85fb96ca1f6c421caee07004f3bd6d99218c6eca5b3012b4e5b369a9beb8048,2026-03-04
GARDEN CITY,1119,PLYMOUTH,LASER,1990,68,60cb14af0300d55de1077b7f27dbf486a8acbe2b7e7db9b165c47077aa9adcb0,2026-04-29
GARDEN CITY,1119,PLYMOUTH,NEON,2001,68,ee83e1fd9072632d58b06ac3929afa6d64f4f1a78ede8429967b805591448334,2026-03-20
GARDEN CITY,1119,PONTIAC,BONNEVILLE,2002,81,b2bdc0675836fd087da0d296dc5609d8a1bf44c429a83c4a529cae690fb9ada1,2026-08-22
GARDEN CITY,1119,PONTIAC,BONNEVILLE,1993,83,965fc7c4141c58aa2603a71b988421515ba6b3345afe3f9b3dbd48927a52dc1b,2026-09-08
GARDEN CITY,1119,PONTIAC,G6,2007,81,440b6598c0f2025d2e7fa37f3e93317c89d195de6e7812c3fdbb76cb33849956,2026-08-21
GARDEN CITY,1119,PONTIAC,G6,2008,91,7440db3c1fd0faf3134cb33a19a45fd23489e286629860cc614f4f95f1a9688c,2026-08-04
GARDEN CITY,1119,PONTIAC,G6,2009,81,1ac90171677bb8c2f6964ba7630dfe66105f6e71d9b116736f09e2f3c6deb64c,2026-08-14
GARDEN CITY,1119,PONTIAC,GRAND PRIX,1999,87,55f08d962bf390f60d9497bf9e3cbca2b31e0bfea807bc9f18d144b35fbbe9f3,2026-07-16
GARDEN CITY,1119,PONTIAC,GRAND PRIX,2004,81,4d0158da863e4b3a0d28920a6350253b75ca4594bfd6149e0144c8035e7cac69,2026-08-14
GARDEN CITY,1119,PONTIAC,MONTANA SV6,2005,2,33794924e265152faebae79594aedb62d6afdf79168370e66cdfe3ae388e6c36,2026-06-26
GARDEN CITY,1119,PONTIAC,SUNFIRE,2003,87,19717cc8dd9ac29a12c54e08ae5f15afe7eabdfc3c31bec86d68ae55d54416b5,2026-07-16
GARDEN CITY,1119,PONTIAC,VIBE,2007,81,853dcda4cdff5fa0ba78ca429b6a584745bf2623a3f87a70f0f681ea16b10bcc,2026-08-27
GARDEN CITY,1119,RAM,1500,2013,27,bb66dc9261d5432518b6d321740b27df9fcce788cd1596c78d9ab7758e5cd229,2026-09-05
GARDEN CITY,1119,SATURN,ION,2006,87,c26f5a6405945813d1c7784bc56af322fc67cff0968359c223675e250df67e40,2026-07-21
GARDEN CITY,1119,SATURN,ION,2006,81,2fe47f7b9475320f3844a3f72eb12b325fdf5d5e5cbe30fcc89d92b3af121278,2026-08-21
GARDEN CITY,1119,SATURN,OUTLOOK,2008,10,ab738a2db7b9da58621e84691ca56f973a7264640fba9ccc87389c2e66f203a9,2026-06-10
GARDEN CITY,1119,SATURN,OUTLOOK,2008,3,3ae8276a94cb1e9d4fd1efb22d4370a20c1a4d6eac42e9228aaa31828a2b686c,2026-07-15
GARDEN CITY,1119,SATURN,VUE,2004,10,e7d333c716ac9bb5f5273a0088bedb06a8d8baa713723f860a63e87b6828c318,2026-06-11
GARDEN CITY,1119,SATURN,VUE,2007,1,51832d2a0443039660e0fbc36e0e59af4e19d5f5ab287dadf6b857032ddf1e95,2026-06-24
GARDEN CITY,1119,SCION,TC,2006,34,886dec175013f78f8fca006ca702bf233073cd0aa90ef4607bbaf7c46f2faa01,2026-05-22
GARDEN CITY,1119,SCION,XA,2006,86,354ce77ba0232c31052b29e6a4ed5ea824fc9ddb99d11daad19601d40979c541,2026-08-29
GARDEN CITY,1119,SCION,XB,2010,54,a5d337a7ce85cad808b59fb7ea7029fd3be37bdad06296b2f3e9eb378b730c51,2026-07-24
GARDEN CITY,1119,SCION,XD,2010,62,46a03dffad0a56b6358bb8c7cbbd1b853f3cdcc6f63048bfd6dbb518b0dce173,2026-08-22
GARDEN CITY,1119,SUBARU,FORESTER,2003,33,227418d0de770310639d2099f225b4f856ef2a4f85082d6cfbc5d4e3a47fb29c,2026-05-20
GARDEN CITY,1119,SUBARU,FORESTER,2001,33,2e8dfec4932cdb1256c45bf8015700398b2f2de4d89d298808ff69db0eaee46d,2026-05-20
GARDEN CITY,1119,SUBARU,FORESTER,2010,42,59518a62f808099c9f9e1fda2969c00a83be952ffd5a16cfa44357a5ad4604c8,2026-06-16
GARDEN CITY,1119,SUBARU,FORESTER,2009,42,09a0043c889ecc49b57bdec6c1565155f78d086102029204bc915f8953f44728,2026-06-16
GARDEN CITY,1119,SUBARU,FORESTER,2019,45,134c11e0ecb4246cb44ab61e5c0e0b4fabe6cdb6529da2c7f6884193e290092d,2026-06-25
GARDEN CITY,1119,SUBARU,FORESTER,2011,49,210aff28e3b20b674326f98164936ec2f62b958feb0f97f9018c7b7873b455cf,2026-07-08
GARDEN CITY,1119,SUBARU,FORESTER,2010,50,c0a8f1186745766c5aac6c104178dbcac6e7e59beb214fdb6991e412514079e2,2026-07-15
GARDEN CITY,1119,SUBARU,FORESTER,2006,54,0f5ead43952aaea5d148e33e3433261d84d449d76c447495a6fe589b9cc7536b,2026-07-23
GARDEN CITY,1119,SUBARU,FORESTER,2005,60,a803a519bf909c82aa55efc37dabdb1dc6954fc16b7bbb518d259311b621df86,2026-08-14
GARDEN CITY,1119,SUBARU,FORESTER,2001,60,27c0291a259d29c8e0c23661d049ee97400f1ba48ef222ee5f85f5135c01b471,2026-08-14
GARDEN CITY,1119,SUBARU,FORESTER,2007,62,d89f3f854d78fa5bdbd864bac27db13033a7e132015d0fb1159fafa64d92bd5d,2026-08-21
GARDEN CITY,1119,SUBARU,FORESTER,2006,86,fa1736164e9153898e3edfff56c8e9488c424418425cd8d38a7aac133062b624,2026-08-29
GARDEN CITY,1119,SUBARU,IMPREZA,2003,52,5785259bbfb84137dcc963e247a626f7c631c8485627706b7fe3a67319e62891,2026-07-17
GARDEN CITY,1119,SUBARU,IMPREZA,1997,50,b3c791759e87d3c7e3b44e0007d81eca2c719fc1353eb0719138b444d821b533,2026-07-14
GARDEN CITY,1119,SUBARU,IMPREZA,2007,51,5c7cab55dd13dd6ad370072ca2c51f92a1369a7a399ef0a24da8ce40a4447133,2026-07-17
GARDEN CITY,1119,SUBARU,IMPREZA,2005,58,265f85aeb86f692fa88172d81f7593c64d4719856ec1f1e61d3f5d7f883075c1,2026-08-08
GARDEN CITY,1119,SUBARU,IMPREZA,2001,84,86321c8670f983a3a9f0d835d712ce6cd9485060dd07bf5ed6bc3f0ba965cae0,2026-08-29
GARDEN CITY,1119,SUBARU,IMPREZA,2014,90,ceca6827441e867dfc8bd338da618b13cbc8d381ce46bf1fe5ed59a96ea775c0,2026-09-04
GARDEN CITY,1119,SUBARU,IMPREZA,2014,32,00fae0f10b74ac50a7bdb615c8474b041e84f412fb3fcb8f86f7421069296bd6,2026-09-10
GARDEN CITY,1119,SUBARU,LEGACY,2006,33,f9dedbccabe102ef4a1e6e8b2ebeffb2683013f3369360dc67923fb366e9c0e5,2026-05-20
GARDEN CITY,1119,SUBARU,LEGACY,2009,45,0e04b386bfaa8f354453cf736fecbbaf30a5452694f4b736aaf9dc9ba74593cf,2026-06-24
GARDEN CITY,1119,SUBARU,LEGACY,2001,56,7e134d67554cc0e425a3b269544dc41bcb9a183059ef823896e6b21ed90818ab,2026-08-01
GARDEN CITY,1119,SUBARU,LEGACY,2000,55,1b2a3364a5b91d429f97e0d1753f681772f89e9fda55be41157f049bf9199148,2026-07-30
GARDEN CITY,1119,SUBARU,LEGACY,1997,62,98a97fb15d545f4167db21487824a276cc35a3d499d0dd9b603d8180ef3a1b10,2026-08-19
GARDEN CITY,1119,SUBARU,LEGACY,1997,88,802c4525d71f70218edc89f035355580b8ea1fbc8b4757e04955515ba2cb17f3,2026-09-01
GARDEN CITY,1119,SUBARU,LEGACY,1996,86,e491b651c537b990af26b98a9f2cfa8ba6a6b93b0ca8446b477c3cc5ee026f44,2026-08-29
GARDEN CITY,1119,SUBARU,LEGACY,1998,88,8c818871261da7ae5c24f89207cc8dd2f48025368a03acf44a40b75ed1dd1e47,2026-09-02
GARDEN CITY,1119,SUBARU,OUTBACK,2001,35,8d19f7e3530a823657ed85a63fd148ed73c2f3b09bb61d4ecc72fcbc3e4d2b7a,2026-05-26
GARDEN CITY,1119,SUBARU,OUTBACK,2006,41,0f98eb3ffd05b9be3fb4ce633c816c58c750145b3601faffc0cfc980b7887bce,2026-06-11
GARDEN CITY,1119,SUBARU,OUTBACK,2000,42,a4c3b44ad5a1a1c73678fb549c2bafd236b1bd17375191d96557a07673eccc99,2026-06-17
GARDEN CITY,1119,SUBARU,OUTBACK,2001,43,146e65ca8e9a0913b0fb1ce1e1782b55ee33981c8804c45432dfbeefd735bb67,2026-06-18
GARDEN CITY,1119,SUBARU,OUTBACK,2002,46,14ef944c0905771ce1ab220e7038e09ebd58752579ecc4dc677bca4934cd8f9d,2026-07-02
GARDEN CITY,1119,SUBARU,OUTBACK,2001,49,32310669ee203cd029bdc492c126baaa4e816635b06ee6b54c18f49be71ea5a0,2026-07-08
GARDEN CITY,1119,SUBARU,OUTBACK,2003,48,8896d28e66d127b5ccd57a3897a03b5ff925be6e4b8445c2aa226ac541a5d9c8,2026-07-07
GARDEN CITY,1119,SUBARU,OUTBACK,2002,51,4d021342b767960303fa42acc20cbe421cfb55dabb0123fcd85b9d8c247ab6f6,2026-07-16
GARDEN CITY,1119,SUBARU,OUTBACK,2007,52,26dd17249139094c4d4028f1b5583919170e311ee8e67aebcc2a6a45d35b2604,2026-07-17
GARDEN CITY,1119,SUBARU,OUTBACK,2005,54,cd6e3c2ded58f2c3eef51b8a57bf15530b2d75f9d384bedfe82326d475b43ba2,2026-07-24
GARDEN CITY,1119,SUBARU,OUTBACK,2008,56,9ad57a31c198add8e980adb5f55f6e097a42470be9f4101c1635e7d3013a7aac,2026-08-01
GARDEN CITY,1119,SUBARU,OUTBACK,2008,55,99567df500042a626ecec491a1c4a5a90857ff066bfa0435f7bfec2bd4730c40,2026-07-29
GARDEN CITY,1119,SUBARU,OUTBACK,2002,56,1267ccfefd00ab84bc44f12c18a6961bbc7f2dfd8da69f8d8e702b4dbecb85a6,2026-07-30
GARDEN CITY,1119,SUBARU,OUTBACK,2006,59,ca08df591453e90dc8be3f2463e9f576bd4fb2bd714786a3dcf8bc1c50f6063b,2026-08-12
GARDEN CITY,1119,SUBARU,OUTBACK,2015,60,84b49128c7499c4a39945acde60c7fc54c7033eda21bbc6991d995ecb24577ed,2026-08-15
GARDEN CITY,1119,SUBARU,OUTBACK,2007,84,9bab47303cc3b58bb09d03abbb7e238f27f7532d780cfc4e3937b0a238200fcf,2026-08-28
GARDEN CITY,1119,SUBARU,OUTBACK,2006,88,52fad3a38a568cff7e6826d0ae5f19521ca1d5002cd392eb1c8bcbded0696a6c,2026-09-01
GARDEN CITY,1119,SUBARU,OUTBACK,2002,86,923b35e255fa4189bf648b9133325a59d4b7e8b81b3abb4028999854d27ad0ac,2026-09-01
GARDEN CITY,1119,SUBARU,OUTBACK,2004,32,a35a7c67849784b6ca18de93a9c722ff3e340525378a3e7559fe803b5284844c,2026-09-10
GARDEN CITY,1119,SUBARU,WRX,2017,58,86b308c0d75ef85499a289935b69e0843ef06cf4becf716f94e577957bcc0a2e,2026-08-08
GARDEN CITY,1119,SUZUKI,AERIO,2004,84,613cb297b464ad3d71d1f7409d9b4830639301df6bc11dc57db80804a0f614ed,2026-08-28
GARDEN CITY,1119,SUZUKI,FORENZA,2007,38,edbdd89100e41aabf9dd342c5eacd6d9d1a5cea7ce966251599d237d7ad309a3,2026-06-04
GARDEN CITY,1119,SUZUKI,FORENZA,2004,44,30e6ecf108ab0de52d830e20ce3c3f199bd4a776209739d2e11df8be555da186,2026-06-20
GARDEN CITY,1119,SUZUKI,FORENZA,2007,31,e6becdc1d74b33e86f477b4cd4003d99bfdf0abc8c5ca8c78c5512f1c5d5ca31,2026-09-08
GARDEN CITY,1119,SUZUKI,SWIFT,1993,44,17d88bd0328c1e279fa802ad6157bd2c8d0b93285f0c55e24a66388a63f3d819,2026-06-20
GARDEN CITY,1119,SUZUKI,SX4 CROSSOVER,2009,56,4c6608baabf62c0309a47980f017b6961119cd9e4ef96d00f0fb3fcf89a33dfa,2026-07-31
GARDEN CITY,1119,SUZUKI,XL-7,2003,46,24731d1d8ed1e5f84bd11cf48eefc50e58c39921da90dac3ed272d195df737b2,2026-07-01
GARDEN CITY,1119,SUZUKI,XL-7,2004,55,66fff4c685770b9a57e4f4a277fa6e2211fdad93cf58f7f4031a64496cc502f8,2026-07-28
GARDEN CITY,1119,SUZUKI,XL-7,2008,56,a1a06cacda365a1717d7def34857cd85fb6bfdddcc5ad0ab88cfff0df6b00324,2026-08-01
GARDEN CITY,1119,SUZUKI,XL-7,2007,31,136fe7fc6c01521dee37aeabe115271d4286b3932dc77a7c8a3f6533fd1ded77,2026-09-09
GARDEN CITY,1119,TOYOTA,4RUNNER,1998,34,46486967b2e0422505c5ab72f5127b33b524b0124aae426bd9ee9dc650e6853b,2026-05-21
GARDEN CITY,1119,TOYOTA,4RUNNER,2014,45,2cc8c1b69690e5dc60db4cec121405d1b97a0d782753a5a8c1b89beb6d4a4e15,2026-06-26
GARDEN CITY,1119,TOYOTA,AVALON,2001,35,55f274e801f54d134deacd3cd89ed784ec88034575cb5cd17678d682968588b3,2026-05-26
GARDEN CITY,1119,TOYOTA,AVALON,1999,50,717c503b9a5dee4444388b513f4f28bab559fc46d592402b92c64f3db174bf34,2026-07-14
GARDEN CITY,1119,TOYOTA,AVALON,2004,86,454dce4344b9e227f54308a5d099dafa8c3e16c8248e4737287d8d561012688d,2026-09-01
GARDEN CITY,1119,TOYOTA,AVALON,2010,90,19f0e78a2ea4c0dcd53b43649c19ae2480a8c0ac4476f48a6536064b1b41505c,2026-09-05
GARDEN CITY,1119,TOYOTA,CAMRY,2007,33,aaae3491d4392f100b1c4aa4c178d98942e9ef6985dbeb4c5f507cc358066db3,2026-05-20
GARDEN CITY,1119,TOYOTA,CAMRY,1996,40,209d6dd216ed687fc0ed668aec73dc8e020813530c9b79c06a6d2e32053eeed4,2026-06-09
GARDEN CITY,1119,TOYOTA,CAMRY,2009,35,c9e087564dd64231d92ff82850a2c95e5ce482c3500e94dfb04a25e4bed2a849,2026-05-26
GARDEN CITY,1119,TOYOTA,CAMRY,2009,38,7ee481548fc312971ccf53e5eb8fd7c31974e3909db7f838b8e31a1553d017c3,2026-06-04
GARDEN CITY,1119,TOYOTA,CAMRY,2008,37,0b75a8f939da8fb161525a0e1d896a8110fe24189c944c0150da8dbd21fc3755,2026-06-03
GARDEN CITY,1119,TOYOTA,CAMRY,1997,38,05b41c82803a26f2cb2d524afee481deda2e492359570da5455310c624614272,2026-06-05
GARDEN CITY,1119,TOYOTA,CAMRY,2001,40,d349759939cbe58a1c1984037e31d839ea2fd4870492eeb64ad92c2beb98c0e3,2026-06-09
GARDEN CITY,1119,TOYOTA,CAMRY,2002,41,f0dc08c751a55f1ec69b03504dbb6b50585b488f64c0d41d91105137ec4a0baa,2026-06-12
GARDEN CITY,1119,TOYOTA,CAMRY,2005,42,62a2dbbe5c9cfc8e5548ba4158059af62471cbc74b797bee2d19273f9e1dbdf0,2026-06-17
GARDEN CITY,1119,TOYOTA,CAMRY,2007,42,b8cbd533f1e0269e6fb13da1159fc01142cf61c8a0983c32e2dd24f7a9e15aa8,2026-06-17
GARDEN CITY,1119,TOYOTA,CAMRY,2006,47,a0a367eaeef9d9f74640e2e155f3f8563fb7ac1829e5b4f87574587cd055ac72,2026-07-02
GARDEN CITY,1119,TOYOTA,CAMRY,2009,54,3f9b1474b11eeaa4f83907942d83942dc544df7e24cd3e15c24d4af7a300cd76,2026-07-25
GARDEN CITY,1119,TOYOTA,CAMRY,2001,49,2af4743ac2baee428c96aa64e5273b588ae6669cfc6255f33e81f0c78f73b899,2026-07-08
GARDEN CITY,1119,TOYOTA,CAMRY,2011,49,f5260de9406922f27cc092bad97c4dac8991d277dc162cf25abeba92da6f71c4,2026-07-09
GARDEN CITY,1119,TOYOTA,CAMRY,1998,52,9c9f989728547211fe50be3e99d34a9b67ff4b6a465b32121fce7042cfc264f0,2026-07-17
GARDEN CITY,1119,TOYOTA,CAMRY,2002,53,dd9c2a6d311b67a0753f4ed7b63e645ab8173951aa5844e5d1d28bea3542b3ac,2026-07-21
GARDEN CITY,1119,TOYOTA,CAMRY,2002,55,ae3a3dd9ad82eae7ccbae046915b110f3865688382651cc77aef8d1babaeadbb,2026-07-30
GARDEN CITY,1119,TOYOTA,CAMRY,1994,56,7043b51c444a706fb67ea2eadf392ea3776696c1edf6dfdcc5067f10627e039a,2026-07-30
GARDEN CITY,1119,TOYOTA,CAMRY,2002,57,a01adea3336b50a01690fc55d51dba3b6b546ee0280731261a0d26ef21773a19,2026-08-05
GARDEN CITY,1119,TOYOTA,CAMRY,2002,58,6d69dd8b9058d873777f1d2ecd3ccf75f0801fa0601945d6e70a33271e811f90,2026-08-06
GARDEN CITY,1119,TOYOTA,CAMRY,2005,57,6ce428647456926008a402607051b9c2431cecdb673a265327c6aec77c29eb7b,2026-08-05
GARDEN CITY,1119,TOYOTA,CAMRY,1999,60,b5d6cc25c3dc94f329569fca0db7db9c9bcb9b6ea8878063bf802664f09c176d,2026-08-15
GARDEN CITY,1119,TOYOTA,CAMRY,1996,60,d9652b197ff27156399b37c69127b05c824d7d941b4f7d6830c39e41fc95b553,2026-08-14
GARDEN CITY,1119,TOYOTA,CAMRY,2005,61,4cf30bc7f42d1f7010dd85881b6bcaf13a9bb92f921ef07a48c6e1bf016e625b,2026-08-18
GARDEN CITY,1119,TOYOTA,CAMRY,1996,31,8e8eb3bb5fc7339e232ce7deec622c56e75821c8f93a0c227e39d0f17b003152,2026-09-09
GARDEN CITY,1119,TOYOTA,CAMRY SOLARA,2006,42,f3e6cbb0828210993ec5d76122f60d70c88aa7d61f43417a728d4e5a9e39188e,2026-06-16
GARDEN CITY,1119,TOYOTA,CELICA,1991,42,5fec33a31da08be3c6bb9804a3aa1fd7224fbba91511691683c80192183bf349,2026-06-17
GARDEN CITY,1119,TOYOTA,COROLLA,2005,37,a291292b31ff0271f66851fa909e3ece74af2c12b3a0d72e2c4b7830b7241de2,2026-06-02
GARDEN CITY,1119,TOYOTA,COROLLA,2004,41,b151e4f17db30fdc7929a119a71c8930295411db6d32f56b19253591e0ca29ac,2026-06-12
GARDEN CITY,1119,TOYOTA,COROLLA,1994,42,74513f575b2ef8b85d11f17f4d1896aff135701ca7271ebcb7801a3b8f609c02,2026-06-17
GARDEN CITY,1119,TOYOTA,COROLLA,1989,43,87072e8cef831a8af039f64d4780537cbb3e597f3eec6302fb060427ef1f18ba,2026-06-18
GARDEN CITY,1119,TOYOTA,COROLLA,2012,44,15a0b49cedb693f7d891b4d37228c070f21afa6bf6d3d43f783e4f690eda834d,2026-06-20
GARDEN CITY,1119,TOYOTA,COROLLA,2016,48,d26dd520705596c80f41c8067429ec9d6de48fe6d48127760594b73b2f1338d1,2026-07-04
GARDEN CITY,1119,TOYOTA,COROLLA,1999,51,f6f57c4d142a6baecb128ba703be1b8e85f773a7c9341d5aa2c336bc8946aa8d,2026-07-16
GARDEN CITY,1119,TOYOTA,COROLLA,2004,62,f2931f68ca3e83475bc6214ec92bc68684719a201d7c745d83eecfcfbe12e31e,2026-08-21
GARDEN CITY,1119,TOYOTA,COROLLA,2011,86,0886be39ef214c8167a25dddc7e38d0050fef868e5070d9e3acafe435e074e12,2026-08-29
GARDEN CITY,1119,TOYOTA,COROLLA,2008,84,0a33959f82e734e1ee145f78f51eeac82a0c794183dc8b3c99618053d8486de8,2026-08-29
GARDEN CITY,1119,TOYOTA,ECHO,2000,80,13d3539ac7956dc7228278be0df406ebb226d4fc48902e2ca2afb450b8d2c858,2026-08-27
GARDEN CITY,1119,TOYOTA,HIGHLANDER,2006,84,2ca7eee35450cccc04824206f834dbccde8f31f16a2860cd0acd95d0e5c5e825,2026-08-28
GARDEN CITY,1119,TOYOTA,HIGHLANDER,2007,84,70bacf7f5acb583c4aa99c539f335b65bc74771cb70ab66368720f7e9802c51f,2026-08-28
GARDEN CITY,1119,TOYOTA,MATRIX,2007,52,ea1a1af8bd572c8639804c860ee7e4a2a59d5fd9ae87a4db677e24c7cce4afe7,2026-07-18
GARDEN CITY,1119,TOYOTA,PASEO,1992,38,e9d1e7eef2f63b61ca324975f0c9df5c385b7e5c4883848358b68bdf57d7f0d5,2026-06-04
GARDEN CITY,1119,TOYOTA,PICKUP,1994,82,b94fd7cf47124d0cced9ff404adc4faf1e74464cbfa99d6924f2f89bca387c39,2026-08-27
GARDEN CITY,1119,TOYOTA,PREVIA,1993,55,746092992d20691ffc33427ee1348d5fc44599a3df0e9b09015f3d5c4302d8b9,2026-07-25
GARDEN CITY,1119,TOYOTA,PREVIA,1993,80,8e2b5438b03eb606acb4abaccbbf6ea0c8f05288146cd55873f0eff75174c0b6,2026-08-25
GARDEN CITY,1119,TOYOTA,PRIUS,2008,39,ef79855bd21540f27115bcc87cdb81680c4f904bd10d8b1dea38db870432d7ac,2026-06-06
GARDEN CITY,1119,TOYOTA,PRIUS,2004,46,52d2d21418860e15537ad65293a38ebb930a5b04961102e24d00be960805504e,2026-07-01
GARDEN CITY,1119,TOYOTA,PRIUS,2007,47,3e286f59dd7a93eff9dd50343065a12516cc9d11fd3f0f04c0f8c6a676681219,2026-07-03
GARDEN CITY,1119,TOYOTA,PRIUS,2006,50,855c274aed3f3882555c0d5c85b27f62ea7a2eb47c50437e5a5b150a7cc5fc70,2026-07-11
GARDEN CITY,1119,TOYOTA,PRIUS,2005,56,a7e585e74cee88f7eaf48bdb39162e83dd0a51416801b3a0e7d305b51c4f0b0c,2026-08-01
GARDEN CITY,1119,TOYOTA,PRIUS,2004,88,0594f61fd3770ea5626c81e4939cc14c097ac814378b3f2628f1e8bedcc7894b,2026-09-03
GARDEN CITY,1119,TOYOTA,RAV4,2002,41,589ca48d13570d6bf3e4c8c8fee80340930ad4216ec4d0d1195a5718bc7a9e68,2026-06-13
GARDEN CITY,1119,TOYOTA,RAV4,1999,48,3eb84411ce5f1f0592d8bc956f40a2466c83b3d2afad1badd8055b13367144f1,2026-07-04
GARDEN CITY,1119,TOYOTA,SEQUOIA,2003,55,f54037806fb7fbbec45d646f482e0158e5d25b9b052411dbec43d57729af699c,2026-07-29
GARDEN CITY,1119,TOYOTA,SIENNA,2007,39,cdb0ebf5eac2f7aaba86ecaf8ce84ca66f3f9469c0f29ead3bcbc9182ea06613,2026-06-06
GARDEN CITY,1119,TOYOTA,SIENNA,2006,52,a2d2bc78592be3235fd067bab9167f8e18eaff90433fb25444a31635debdc771,2026-07-17
GARDEN CITY,1119,TOYOTA,SIENNA,2004,51,d38661980574eeb5014fa4c81d0ee77d44495397f9c4a98a34ad7810e59bbd90,2026-07-16
GARDEN CITY,1119,TOYOTA,SIENNA,2008,54,6fbd99f3e701d505a5cd9e505c7d244bf23c9866905a664b86cf0347c1f2c0ab,2026-07-24
GARDEN CITY,1119,TOYOTA,SIENNA,2002,86,511aac73c9329ad29222d5f17c3ed10cb00b4b9b0ca62e238069b3572a090c26,2026-08-29
GARDEN CITY,1119,TOYOTA,T100,1993,46,6a15963a72f9ddfdf6152c4043141e9a090ce24457ab754011d867c4b5aec6ad,2026-06-26
GARDEN CITY,1119,TOYOTA,TACOMA,2006,54,b2de1fa87813168535b698b21ddd3cf347c42e040d1bc1a46371e14f29309e3d,2026-07-23
GARDEN CITY,1119,TOYOTA,TUNDRA,2001,48,52c11cc0f6f92097edb52240fa3a99f48d872763dd7414c7cb3b46a92fc0e89d,2026-07-04
GARDEN CITY,1119,TOYOTA,VENZA,2009,53,c6abf36d978d0f02a8e0bcd0d804333c2a016d055181b975e0850f41a0c002c9,2026-07-22
GARDEN CITY,1119,TOYOTA,YARIS,2007,58,5c54a1bedc2b2a58bbbb1b7824065c1832f2400b68b92421e20d6a834d828a06,2026-08-06
GARDEN CITY,1119,VOLKSWAGEN,BEETLE,2004,59,7007032efb83f4b3583ce00e9fe3c7b6099779def445607cfbbf3695831af1e5,2026-08-11
GARDEN CITY,1119,VOLKSWAGEN,BEETLE,1974,61,ab6208549b02c28a524112e11d163c52fca563f71f52db96b072a75a6bf687ec,2026-08-18
GARDEN CITY,1119,VOLKSWAGEN,GOLF,1999,41,d3d3c859d524721722f6af6b67b80eb53d7fe1bac4b552d6f96c279eecece923,2026-06-11
GARDEN CITY,1119,VOLKSWAGEN,GTI,2012,31,e1eab54727221ec8d0632bd850ff7654c372771ca462f205ee6b0ce7fd81b976,2026-09-08
GARDEN CITY,1119,VOLKSWAGEN,JETTA,2003,35,6281ab2ce8c095712fa2ca690d0a4def118476c867664360915ddde13757b71e,2026-05-26
GARDEN CITY,1119,VOLKSWAGEN,JETTA,2012,36,c900491041ba9c95626663550524afef1083f89cf0853039819eb3dba2688674,2026-05-28
GARDEN CITY,1119,VOLKSWAGEN,JETTA,2008,39,1285026f466020198139f61e2e6f621e23cdc97c68e580d8b35d164a30f36254,2026-06-06
GARDEN CITY,1119,VOLKSWAGEN,JETTA,2014,38,c7ff5221947fd888297fdae485530027abe931bdbc73a19cffa187ec82cf1203,2026-06-04
GARDEN CITY,1119,VOLKSWAGEN,JETTA,2005,40,2eac977e2bd5fb3f6e8029f979102996a36b6bc3fa1cc8723e773d1dce31bba4,2026-06-09
GARDEN CITY,1119,VOLKSWAGEN,JETTA,2009,40,cd4f19133d4d6b474e6805026cbc3d2b7712fc6cab13f7b2c6ad72b3a761f69c,2026-06-09
GARDEN CITY,1119,VOLKSWAGEN,JETTA,2003,48,fcdbd601a08fb082745a34378bee8f1b89182934961792932d59d3d6241fa338,2026-07-04
GARDEN CITY,1119,VOLKSWAGEN,JETTA,2012,52,c090c477ffe2e8b2550dcf8b39a7a50eaa58b0aa16ef507b6029e6050182b74e,2026-07-17
GARDEN CITY,1119,VOLKSWAGEN,JETTA,2014,59,8e85738e84056526814bb8e2721aee6860c674ce02dad418cf465116bf6df88a,2026-08-11
GARDEN CITY,1119,VOLKSWAGEN,JETTA,2009,59,58fb9d950555ee7c2ab84607a7ed9ad6004125e433012e1acb333b55d16281e1,2026-08-12
GARDEN CITY,1119,VOLKSWAGEN,JETTA,2012,61,54fb1504c36788cf675023467003bffccb349c30ada14d6e5e15cfdc8033093b,2026-08-18
GARDEN CITY,1119,VOLKSWAGEN,JETTA,2002,31,c8cda9a47ba6b18786bc54f0978312fada0d152039bff8a33a30bc444418e829,2026-09-08
GARDEN CITY,1119,VOLKSWAGEN,NEW BEETLE,2007,33,9c0d8114b6094af41a8c76edde8e252d21d601d890bd5c3b4818dfb625ebf166,2026-05-20
GARDEN CITY,1119,VOLKSWAGEN,NEW BEETLE,2000,45,2af655f2363b0dd4265edbd14214717d84b540f60405911d0f4a350b40d3c498,2026-06-25
GARDEN CITY,1119,VOLKSWAGEN,NEW BEETLE,2001,58,2f2966bb2f42bdc6efe27c43a67264ea1641211c5815418299a03b041119441e,2026-08-06
GARDEN CITY,1119,VOLKSWAGEN,NEW BEETLE,1999,61,b2e794f4a12bf9d56a1bd6a7000ba5e78bc4351c622cb57414fae7507eae3572,2026-08-18
GARDEN CITY,1119,VOLKSWAGEN,PASSAT,2010,34,08ac794821136c457198d2c50bc16e0a35e7a98584e45df4251e5116f153ce4f,2026-05-21
GARDEN CITY,1119,VOLKSWAGEN,PASSAT,2006,37,435df45b1c989035512c54ea6feb633af6e84e98d4bd03d77fce5b71643a2109,2026-06-03
GARDEN CITY,1119,VOLKSWAGEN,PASSAT,2003,50,3115499236b8296c82a5b4b87e2778108170deeeb277c31488c9b1a03a23f0b6,2026-07-11
GARDEN CITY,1119,VOLKSWAGEN,RABBIT,1981,35,17a641675bb65201b38a04a39405276d5170db890625043ea63f82f26cd79373,2026-05-26
GARDEN CITY,1119,VOLKSWAGEN,TIGUAN,2011,86,e33735b55a8936e62f5f4af64e6f540114305cf6db47abd30f2acd1da00ca18d,2026-08-29
GARDEN CITY,1119,VOLVO,S40,2005,51,76b999200e4e26d9115c811cfa87f7c5c002d9fe1eba8821b2c558269af7c557,2026-07-16
GARDEN CITY,1119,VOLVO,S40,2006,52,904e0933350730089cd4a1adc7be9d531170b3f2900491c834f049d819a72bc5,2026-07-17
GARDEN CITY,1119,VOLVO,S60,2002,33,d917a759477ca193d675c80790baa98d3ce9fc5c86163ee674726d0295898a83,2026-05-20
GARDEN CITY,1119,VOLVO,S80,2003,46,3cd8dda6957f07874a6440c60b4a18c79626a09e5dd86010cdc9ccbbf8cc6247,2026-07-01
GARDEN CITY,1119,VOLVO,V70,2001,42,5b6d27e5383139b8858320601cf977105e23e658681b3abb96984b4b803c66de,2026-06-13
GARDEN CITY,1119,VOLVO,V70,2002,59,0166e0142e25d6a037efb37763de9dfd831505e65f4bae64211f4f60aae883f7,2026-08-11
GARDEN CITY,1119,VOLVO,V70,1998,61,278fcf9a23b14cc119e6c00e17bac5eb9efb4e2a8bf582d2cdcfe5ee5fceaaf0,2026-08-18
GARDEN CITY,1119,VOLVO,V70 XC,2002,49,85b2a0f3d25145108b546558ca461e19c351f2381405dab7021982f417d0b456,2026-07-08
GARDEN CITY,1119,VOLVO,XC90,2007,33,9d56bae6fe4d55d98fb034f5cca65d72a978688e7349e9f222f9a2449f37a736,2026-05-20
GARDEN CITY,1119,VOLVO,XC90,2005,32,f44a83f381c0c54306e352895e22daf320ea97a050211f71cf3eca5e2d4bb9fc,2026-09-10
NAMPA,1022,ACURA,CL,2003,98,d2040d9264405b4bdbf4e239c1f5547cb92e2df08f5c16b0dd331635c775564f,2026-08-07
NAMPA,1022,ACURA,INTEGRA,1991,79,579fa90ceec33a897f47e3995c2724982e61475b1bf7ffdf9d00a88658c3b287,2026-04-16
NAMPA,1022,ACURA,LEGEND,1994,79,f675ccbc8e8facdff5f73147c0640d551ac6c21d9aec25cbb34cc254a7b9d21e,2026-04-16
NAMPA,1022,ACURA,LEGEND,1993,83,f5ac1a4db1f28fdbdf5a3f6ed0fbbac7c9272442d7f98369e3f0eee97743d55d,2026-05-09
NAMPA,1022,ACURA,MDX,2008,70,c4bbf0e3106220c4b7ee2d547d5b888149c64c0b67120a0f8b3f71cdb840df18,2026-05-23
NAMPA,1022,ACURA,MDX,2009,70,3947ad0773f09d92aacc34b91974ae1b5d26917bcfa462af3dc7927ca6c4105c,2026-05-28
NAMPA,1022,ACURA,MDX,2003,72,c0327b9a12fb3b4e95f5085a05ae2613e0c275cd85b18a837922706be1eab5ad,2026-06-12
NAMPA,1022,ACURA,MDX,2009,72,7e0927c0baad661eb48db5a8f537a30ce7504c5be340850e327e85da88afaf32,2026-06-17
NAMPA,1022,ACURA,MDX,2002,72,6f733df4306b33ee26aa0993ea8899404e227b958ea5ed96655d7b841e397688,2026-06-19
NAMPA,1022,ACURA,MDX,2002,72,6f733df4306b33ee26aa0993ea8899404e227b958ea5ed96655d7b841e397688,2026-06-19
NAMPA,1022,ACURA,MDX,2001,65,e791d94b9d6b7c48b5fe87efa707594cb585f33504d695e14957a7ad3d200f46,2026-07-24
NAMPA,1022,ACURA,MDX,2011,69,7819209753124682837d5e4cce261587e206a50ed1e5a04642104cad98f447ec,2026-09-08
NAMPA,1022,ACURA,RL,2001,85,4c7190356f6067ea6e64d19993634a76b724d9320fcceadebb8e1852dbbfe313,2026-05-29
NAMPA,1022,ACURA,RL,2004,95,75f03d6443031d57bcff6c5dad72ad5660c106d6e070377cbc9d4afb7acf5cc2,2026-07-22
NAMPA,1022,ACURA,TL,2005,80,f922a64b72b426509593380982d1c9560a38a5c0ab05e0a0ad9f901ce62a4bcc,2026-04-18
NAMPA,1022,ACURA,TL,2006,82,2d6f18107e47910f9949dc6969e0984ca787bc39aff62c4b6832f8574c885137,2026-05-06
NAMPA,1022,ACURA,TL,2005,95,abd06129a0b8d1a8b5a257bda9fb25d0f97640e7b369927476ea99fcf6d56aa5,2026-07-22
NAMPA,1022,ACURA,TL,2005,100,143553b553bf966cd3011418f343c3ea96fadc5cb780104c541cd8756b1ca617,2026-08-18
NAMPA,1022,ACURA,TL,2003,76,ceb8b6576a8a8754539b6803ac1577a5cfc86fbd67ab0bb64f794823af8f855d,2026-09-08
NAMPA,1022,ACURA,TSX,2004,81,f30c23714b192d12ad0e375db86e5349b15a49e115e55192fff07b0bb7625391,2026-04-30
NAMPA,1022,ACURA,TSX,2008,86,b71629396aaa233036291e181c0ce9cfbf4f4fcaddb47a6ce96149c9304c7f15,2026-05-30
NAMPA,1022,ACURA,TSX,2010,74,b114867824686a0fbdf2bfdbe06fd6e37415f185c65c7fc52f03dfb925b04199,2026-08-27
NAMPA,1022,ACURA,VIGOR,1992,85,2dde532794c03d0b6ce33de87ed1d1859d6f2076fef08e2755d4f9ef2bfbb597,2026-05-23
NAMPA,1022,AMC,RAMBLER,1966,102,6d72d7e71b48337ebe851eeea4321481b60f797061fb80ef38f96f9badd62e72,2025-05-01
NAMPA,1022,AUDI,A4,2012,82,e7e6cf811c869aef6eee5019cabebf6879a7956662877839c1334136bc11ef92,2026-05-06
NAMPA,1022,AUDI,A4,2005,81,57473c93e93a41569543864332ea18e21edf1757fa47e53de905d50ebad55096,2026-04-30
NAMPA,1022,AUDI,A4,2012,85,79650e96cfadc345466e866d3bed8661cafa97e5ef26db24d721273fc82fb9e0,2026-05-21
NAMPA,1022,AUDI,A4,2003,85,3ea8e252567b032a14cf73da4fe6ef601513b0a6d3b8dec14f90d8ffdf777a1a,2026-05-22
NAMPA,1022,AUDI,A4,2007,89,4a963c58dc5f4a7d752bceccec8e22822d3af13bd5e51b558c53c60a5249989e,2026-06-19
NAMPA,1022,AUDI,A4,2006,92,7257623922cae85f6ab310ec6e9e9a2b627574f6b124ad2f8325360b9f86e835,2026-07-04
NAMPA,1022,AUDI,A4,2005,94,5a544c27e1567ad01d74902b81fa8a998d8e633a42d1ed34f6491b104f40048b,2026-07-16
NAMPA,1022,AUDI,A4,2007,95,7da93a143cb9ad25160804956bf4ad44b081f9096be3f01f52763375e3b29646,2026-07-22
NAMPA,1022,AUDI,A4,2005,75,3bd3d1d515ace6b9cb6babd7bdd877f0a1af53d797902ad91c5cb9d5dbdfa3b7,2026-08-29
NAMPA,1022,AUDI,A6,2000,80,5b74c0d591fded6f5abeec234f8d6e83045f81d3559ae4300188300eb3c0fdb4,2026-04-18
NAMPA,1022,AUDI,A6,2003,89,4294e3169e5754cfff18e29d4710b06dddf769d97a08c4933b2cd977a7cdbff2,2026-06-19
NAMPA,1022,AUDI,A6,1998,89,495ae2fb7c630a5fcf53733a5d57a035c2822919e55e4bc05065825794bf8c4d,2026-06-19
NAMPA,1022,AUDI,A6,2004,97,b277d3625e09605ed14ebd25f5cdd056b64c571adf1ec265968d933b48c87558,2026-08-04
NAMPA,1022,AUDI,ALLROAD,2005,85,80d22a27c443082f1d20c7ee7fa28d20cc062bcd1207f114b8ad6014aad63621,2026-05-21
NAMPA,1022,AUDI,Q5,2012,70,a36260b4b710be7fe4545fd52913f2b133911075299a6153f8bdd682cef0a2b4,2026-05-30
NAMPA,1022,AUDI,Q5,2012,72,4eec5b061151bc51d1d3d152ff5c6012d0b71f95ed515e070fbecda983ff8375,2026-06-17
NAMPA,1022,AUDI,Q5,2012,73,b47cfe557c4d679f6ca91c86fbf5eeeca7337f22ecc47577ccbced78fd34ef04,2026-06-26
NAMPA,1022,AUDI,Q5,2011,68,e1b3dabdd375c2e889f0ce56de1f559b123e29b914bbf03575777ea0f6b285c2,2026-09-02
NAMPA,1022,BMW,3 SERIES,1981,83,3ea900cdee000e29c1780cb4599027eab5f462f7c591786ef6b12133aeda3ce4,2026-05-09
NAMPA,1022,BMW,3 SERIES,2004,87,411df273e14d4e793de48abbc1edd618b4f94bd088e4eda0936920d8d1ef89a6,2026-06-03
NAMPA,1022,BMW,3 SERIES,2006,91,59368d8b07d6251f6a380f80a09bb59fc93728c3f19a0228514dfeea0eb36105,2026-07-02
NAMPA,1022,BMW,3 SERIES,2001,98,c263a44265c5de8d8ecdb03e6f55ad157a23fa4384b9ce32658e8c64f7fd01b9,2026-08-07
NAMPA,1022,BMW,3 SERIES,1999,93,05856751967cf452e84997225a1389aa1b398edc3fd2b195e1bcb9207df4d130,2026-07-10
NAMPA,1022,BMW,3 SERIES,2006,93,47621bbdcd609d2f40f6c146d5063b4d0515cbb65d48d0dd22659dab1b9f9e4e,2026-07-10
NAMPA,1022,BMW,3 SERIES,2007,75,75772081466a47b95595fc23e2b4f9db832d3dcd0ff1c698d09c57eab301c71d,2026-08-29
NAMPA,1022,BMW,3 SERIES,2000,98,f7371c0a26796cf8c7da175ccba91e41731397463c9c7856323392620f92775c,2026-08-07
NAMPA,1022,BMW,3 SERIES,1989,101,7d70eb5e1b0b4919729467a8d7667a93fc9130cc9d4357ce8923775ebeee4c19,2026-08-22
NAMPA,1022,BMW,3 SERIES,2009,101,a52e8d54226e2444b197bd1a626fd6f1c2f4b073b1459ccbae889f52e0d99db6,2026-08-21
NAMPA,1022,BMW,3 SERIES,1999,76,cbc56e59a60f9ee6987c83d7c489d8acb567af33aae96e243fc4b32121537ef5,2026-09-04
NAMPA,1022,BMW,3 SERIES,2008,76,8c6eca618b35003a0201f5a03492eaf0c702e083fb726ea3b358f49cc405a029,2026-09-05
NAMPA,1022,BMW,5 SERIES,2008,79,45e03cfa8b7f3a971cf0b93c2bfa2070f7d8d3307b12cf4fc796738a7414ab1d,2026-04-16
NAMPA,1022,BMW,5 SERIES,2000,82,389acc1bcc8f4885b3463b0c1d5b26e393fa02eeddb347836d0dae14a503dbac,2026-05-06
NAMPA,1022,BMW,5 SERIES,2007,93,9a0f9cfbf6b834f6f7bbf6a01348e9718ef797f87a8a8884cbaa847db4d7c7bd,2026-07-11
NAMPA,1022,BMW,5 SERIES,1997,95,46249eb35e4ed4db2521edc6bd835ba0e3ccd98ba8fd185a903699f742f1fd8b,2026-07-25
NAMPA,1022,BMW,5 SERIES,2006,96,b1fd9335fb63741ae3a9628ff5a97619b70523a588bd978cb781863d99609cb7,2026-07-30
NAMPA,1022,BMW,5 SERIES,2005,101,e19d24a9229091818eb335788c228924a84a26ed1fdb14a4c1c1748bf20aa112,2026-08-21
NAMPA,1022,BMW,5 SERIES,2004,75,e40a493c31b299d3fddeb90a79f4e9a1cf6021f55a7225aba5b918afaf5cff68,2026-09-02
NAMPA,1022,BMW,7 SERIES,1995,86,f15d129a0155144f94bcc935328489ee4d329e5631ae6414e27d7d8c21296ac4,2026-05-30
NAMPA,1022,BMW,7 SERIES,2008,74,351d40a99e3d409a84ce5ef5704aa7c57f51a5295aaeac8996949c8c4a7b5da7,2026-08-27
NAMPA,1022,BMW,X3,2007,68,7e75dd6aecec7aa72d42173facd6ca4d21935f03800ac3af26bf8c1b9a462cdb,2026-08-22
NAMPA,1022,BMW,X5,2007,71,6ab4918c8ebbb84ec166d9830bc04dd4a46956f4482f27a0326dc3bd01667df1,2026-06-03
NAMPA,1022,BMW,X5,2002,70,cab66b2dc64aa3e50aa0f12da96510e9fe77d34e2195baee27f9717916191aaf,2026-05-22
NAMPA,1022,BMW,X5,2006,71,cf2f6991b366583b83046565527687c77fc95597751a56412ce881b3e388c632,2026-06-04
NAMPA,1022,BMW,X5,2001,66,5c4a7c2ebfe3c615b67a501d840b5bb3fce0501b1e9176000a6ee5e1ae587878,2026-08-06
NAMPA,1022,BMW,X5,2008,67,378fb438cc687516b5bb8abbbc62902b35f4a2065cdab39c63adaaf854fa2ecd,2026-08-21
NAMPA,1022,BMW,X5,2005,67,7127f454a56e735b147eb8188a243e9488406aaaa054bb9560ce98846fc6c8f6,2026-08-15
NAMPA,1022,BUICK,CENTURY,1960,102,b7cb7a7705f69ff463db6344a38dcc78e2fd34b65857d6c8570205b33b0789ce,
NAMPA,1022,BUICK,CENTURY,1993,44,8c4ae7e07b642aceb7a2fd0972fb8c7455b1cf22d4d6b2a79cc651a99663a0e6,2026-05-09
NAMPA,1022,BUICK,CENTURY,2004,39,0bc821c31a0f6fd4f391bef8482cac1a270c44d2782010f59e33ca292d59c59d,2026-08-01
NAMPA,1022,BUICK,CENTURY,2002,37,c657de0a86f1b69582633b5cef3c3bfa84ba7cee37319ea257fdb1577ba8ea70,2026-06-30
NAMPA,1022,BUICK,CENTURY,2002,35,25abacb415b425af2cefe32c5f74d49498b906c9b205a739010e856e89b993ca,2026-06-27
NAMPA,1022,BUICK,CENTURY,2003,35,742d46d3259c2ed24912d84ed7b5f33a7df83d45a92470c7e5ba10313031c523,2026-06-27
NAMPA,1022,BUICK,CENTURY,1998,36,8278ac239e999a86e401b9cd334e144e986c9947bcdf5b6f47ee3b1a5a402b54,2026-07-10
NAMPA,1022,BUICK,CENTURY,2001,36,d411ca56540f542289acc3580f927fd0351fe62044146216ae0e5d890a38ae24,2026-07-02
NAMPA,1022,BUICK,CENTURY,1999,38,af6bfa1d7f32ef300d0ffd4aafb0a5e0e43d8e4523a142774110a3a889badfd7,2026-07-11
NAMPA,1022,BUICK,CENTURY,2001,40,ca576c5edfbd3bde7b418863decd7a33f4d59a1e43bb6496deab66c0e9d8b2b8,2026-08-08
NAMPA,1022,BUICK,ELECTRA,1973,102,d6fca5e1863348aa609d7d1fe65eed44aceeb4c30c4bdbdf8924b9143dc18740,2025-10-04
NAMPA,1022,BUICK,ELECTRA,1990,42,cb5ecfd60d8f353c97038e657d4b1888f9f385ea3efa4ac37c88c0d6043da071,2026-08-29
NAMPA,1022,BUICK,ENCLAVE,2008,27,a0d548ebee439129ec4dfbfa84baa44cfe4736bfdbca2dd5a6dde03ddc3b591a,2026-07-03
NAMPA,1022,BUICK,ENCLAVE,2010,25,eed63c883b63655dd06bdde21840131c133be520fdf66639ea2462dc8fb2d319,2026-06-12
NAMPA,1022,BUICK,ENCLAVE,2010,27,09cfe8a644998a32b9bb3f8a6d4e5c3e5296321ed43c158d36b5af72d73802c4,2026-07-02
NAMPA,1022,BUICK,ENCLAVE,2010,18,283a20251113d33aaf8f081069e36d1676fb32d52516feb7f7fc8de080702820,2026-07-10
NAMPA,1022,BUICK,ENCLAVE,2010,21,9276f16594b3d04a3bcdc6ce9db28d0b4656afae5edb12117ded61de52fe0870,2026-08-06
NAMPA,1022,BUICK,ENCLAVE,2008,19,8fb7500d7ee268a0228deacfb76e4c67241b21dc6b55b8fbc1f1b42d19521e40,2026-07-16
NAMPA,1022,BUICK,ENCLAVE,2012,20,9f50f261cf653d4abcb76b977ab54cf93f204e31772298d9343c1ad0bc1d5820,2026-07-25
NAMPA,1022,BUICK,ENCLAVE,2012,22,e48b8a4094d6dac55363f73b2c8ede7d9b3d7f46ac271794f3ebb45ffcf409d1,2026-08-18
NAMPA,1022,BUICK,ENCLAVE,2009,23,4f55fce526e10a01af9d5e35fee3c5cf2d52c313fa200bebaa3b6e797ae539a8,2026-08-27
NAMPA,1022,BUICK,LACROSSE,2011,38,518e33a1671936ff28b57b45343a5d852dc62a45026538a591093379237aef58,2026-07-11
NAMPA,1022,BUICK,LACROSSE,2006,44,2795424bdf6b48f2c5144fab27f05960fca2ec1818e1c29fa1f6e9a56b2bcf3f,2026-05-13
NAMPA,1022,BUICK,LESABRE,1988,44,4cf0179208b1199d5804ce70135f9a25cd8e8b23fc136b2b6a4708025c61f073,2026-05-09
NAMPA,1022,BUICK,LESABRE,1997,41,099c4a3dc26e6ae071d90548d27f2c9bffd7ca0d15874148f9334c01a7f5653a,2026-08-22
NAMPA,1022,BUICK,LESABRE,1987,45,4d3915e5140bbe5be47677565679eda12271874d838b258288d0e1ea2836921d,2026-05-21
NAMPA,1022,BUICK,LESABRE,2005,45,e6bc8b9c7db1e8ed1b0ae8dc5fa433dd41faff35f5384456fa99e4f567552d4e,2026-05-28
NAMPA,1022,BUICK,LESABRE,1999,45,cccb574231d822da631ac180d5969c90c7f2dbcd96055d64783bc5bfe931e66a,2026-05-28
NAMPA,1022,BUICK,LESABRE,1998,34,347db5e674292074eaa83cb6ffe4d6b99cc49334b42c66b5c074707a63fb2430,2026-06-05
NAMPA,1022,BUICK,LESABRE,2003,37,6a349081487aa213582caa6103d744203e3b369831ad8a8cb7284d2f7f311b50,2026-06-12
NAMPA,1022,BUICK,LESABRE,2001,36,dddf872a03c0f8b6cc8a4befc777a27d1896f7d6fd85219d1a38da6f63cf9d11,2026-07-10
NAMPA,1022,BUICK,LESABRE,1993,38,456a4eeb62ffb014dbd2400923158d41c792a5b5f429b23e8f0fa70efed6e35a,2026-07-16
NAMPA,1022,BUICK,LESABRE,1996,39,5143e8f73f48377d7d405f89c02bd03318853b0449317df5b79468094c3dbf76,2026-08-01
NAMPA,1022,BUICK,LUCERNE,2006,37,3cee8120e6594ec542209aa451c64c7f556625c1b80ad90feeecb8414df8b8de,2026-06-16
NAMPA,1022,BUICK,PARK AVENUE,1992,37,65d9abf17dcbe5bf8eb5b2f7674adcdd9de4892522a68b542dad0554c4a64421,2026-06-13
NAMPA,1022,BUICK,PARK AVENUE,1999,38,219a1691be12d8bd8a7a3278d789d3bca49068b5f76ef754beeabcab4fbfeea8,2026-07-22
NAMPA,1022,BUICK,PARK AVENUE,2004,41,48837bff8d32c85c1c7f10e8f3f14ef03496a701ae37b5949b8f72493522ddd2,2026-08-27
NAMPA,1022,BUICK,PARK AVENUE,2001,42,e83899de6ff0abde8056c51ccc7b76953c9781fc3f59b4e0569d7efba2fab910,2026-08-28
NAMPA,1022,BUICK,RAINIER,2006,24,db4bcae9f21d009a82cd485c3d34e391d32081e662fc58cc6524943b4d89598e,2026-09-08
NAMPA,1022,BUICK,REGAL,2011,34,8a8b15a7d7ae3b6d8d8d2c473adc3da2ab19ea3c07e0e01cc7f7822b7bb4084d,2026-05-30
NAMPA,1022,BUICK,REGAL,2012,38,40d6c80fb66285dc71ca805ae419959a14758afa507737e08c1fdb422fec04ed,2026-07-21
NAMPA,1022,BUICK,REGAL,2013,39,d958867368bdffa88b45c04904ea7375d2bb6f3f1f5133e274a57297806b8ed2,2026-08-01
NAMPA,1022,BUICK,REGAL,2003,40,a707c1cd5d7e53d886282ef430901a7b1dcbac2e7340e7fb8e5a54524741fc0b,2026-08-06
NAMPA,1022,BUICK,REGAL,1998,40,449943a0fcdfad535bf822064c08a5361e82d4e8afac22ad45b1c4c65cc41ae2,2026-08-08
NAMPA,1022,BUICK,REGAL,1999,41,2500190edf82c176965b5136915cacf1bd7b54d0a3656e1249a8ea8323705635,2026-08-13
NAMPA,1022,BUICK,RENDEZVOUS,2007,27,cc774a08b8cac375069bd6bd1d455f03edba869589281b49ac64946e2c4d50d7,2026-07-03
NAMPA,1022,BUICK,RENDEZVOUS,2005,26,71ff4bbc4d415fd6ea8cde4083ae54cacd4d2afebcc7f2683eb46f70c8177bfb,2026-06-17
NAMPA,1022,BUICK,RENDEZVOUS,2002,19,9149318142e1caa4732e9c329c7278f243391d82b28200f44225e3a18ea15669,2026-07-22
NAMPA,1022,BUICK,RENDEZVOUS,2006,26,0fe6126ee092a9c47e527a6637ace18554476c0e8343ce4604d4d9793013ceb4,2026-06-26
NAMPA,1022,BUICK,RENDEZVOUS,2002,27,88984a105c0e75d8efb2c2e3c8d7222fd5a350fddc2e75f59fa001185b3bab66,2026-07-17
NAMPA,1022,BUICK,RENDEZVOUS,2006,27,1994a166d12433f263ecd29af43a7975abd43dc7adce5578bbbc32aa29217c1d,2026-07-02
NAMPA,1022,BUICK,RENDEZVOUS,2007,18,798871af3bd759f039c3484622fe11be52b1d709260a8009969c62f633e81991,2026-07-09
NAMPA,1022,BUICK,RENDEZVOUS,2006,19,eeca0380a39a763ee1066e8e151b17ae84d0ef4ae5f537a50851f9eef3b94c26,2026-07-16
NAMPA,1022,BUICK,RENDEZVOUS,2006,19,eeca0380a39a763ee1066e8e151b17ae84d0ef4ae5f537a50851f9eef3b94c26,2026-07-16
NAMPA,1022,BUICK,RENDEZVOUS,2006,19,eeca0380a39a763ee1066e8e151b17ae84d0ef4ae5f537a50851f9eef3b94c26,2026-07-16
NAMPA,1022,BUICK,RENDEZVOUS,2004,23,6532656f43d108c83b6e7e52380c4158e5000a98769d122a339716537957723a,2026-08-27
NAMPA,1022,BUICK,RENDEZVOUS,2004,23,6532656f43d108c83b6e7e52380c4158e5000a98769d122a339716537957723a,2026-08-27
NAMPA,1022,BUICK,RIVIERA,1998,44,3e7b5bd0a6295689848eaa166a7bea7e18d38bb67e88a4785f03ec73354708e7,2026-05-09
NAMPA,1022,BUICK,SKYLARK,1962,102,481a9feb80606da85db13e818f5787cb1b80eb82d62d2558d29b8efe27cdd455,
NAMPA,1022,BUICK,SKYLARK,1997,45,6a2efb7a869bc2bd8cb4b3effd90e01b674aa6c0714d52f9d5ca305b6a462200,2026-05-15
NAMPA,1022,BUICK,TERRAZA,2006,22,b1d9100ee3599ba0532f680b280f6c58de5182b0ca033c952d92ca6850ded417,2026-08-20
NAMPA,1022,BUICK,WILDCAT,1965,102,182452ea0eeea637c0e07090c3e90a5bb9576da20a4f55ff3d18e7218fb4989c,2025-08-30
NAMPA,1022,CADILLAC,CATERA,2001,39,f967f0a6392dda3a06617e3adc4d0d0ec9bfbc3f5df009ea08fd9af697c03314,2026-08-01
NAMPA,1022,CADILLAC,CTS,2007,40,3df0e9af6781ef9ef35543c942983343b0de9969000437cf0b52be05e16c3f84,2026-08-06
NAMPA,1022,CADILLAC,CTS,2008,37,7e67bb62fc62e935c846b0eff12a151fdb763829b1169a04db2d5c80e09d3720,2026-06-17
NAMPA,1022,CADILLAC,CTS,2008,41,dc55cb47729d5f66fa24deba761df8801e0c4a9069ade340153701a6563081b3,2026-08-22
NAMPA,1022,CADILLAC,CTS,2005,40,e1270294ffeef03300a45285685d74d889b87727849577ef5467f16bd1ed3e4e,2026-08-06
NAMPA,1022,CADILLAC,CTS,2003,41,d2a9061c634a8700ffdbfcd4ed27461d7aba00921c8bf527a923a02e9a0b959e,2026-08-13
NAMPA,1022,CADILLAC,DEVILLE,1996,44,2109f437e8ee59059e5fe3b4b9bf69deeb7e4c4ad732e42d083d85bd74137aea,2026-05-09
NAMPA,1022,CADILLAC,DEVILLE,2004,44,aa4aef52a6d1aa2a013c3f0573212b53a869478762d556174750625d4a012850,2026-05-09
NAMPA,1022,CADILLAC,DEVILLE,2003,36,b4d5b43942ae1c53b7aac7cc2402a380474142b47388d020b59f19f364d0f84d,2026-06-30
NAMPA,1022,CADILLAC,DEVILLE,1993,35,5138c84a18409a19ae0bfdc64eea0931536d165f5ce6106a54a9aa7a66d06e41,2026-06-27
NAMPA,1022,CADILLAC,DEVILLE,2005,35,1a6d6893e65bce97dd5c41631c6e8b8d36569e5a41930d6a8882b7060b751651,2026-06-27
NAMPA,1022,CADILLAC,DEVILLE,1999,42,a3c635b2d218fa5f78853cfbf8639d03024b38e8a1564ac0e456ff17f4994c36,2026-09-01
NAMPA,1022,CADILLAC,DEVILLE,1997,42,46aa5a82511ccf77c77695ec53adad87877e56dd47459bf2b4e5dc1cb1c1dbcd,2026-09-01
NAMPA,1022,CADILLAC,ELDORADO,1975,102,68eb9a8196d1764b70e067c15e2c96ed8ec6cb2743c89916fccd1b74c2a4d008,2025-04-19
NAMPA,1022,CADILLAC,ELDORADO,1994,35,ff1f882c98e09c333c76d52cf2258f08016201d28fee214c0480ebd900265f18,2026-06-27
NAMPA,1022,CADILLAC,ESCALADE ESV,2006,22,916fce13e664084f24f46aeef4b1897a9c42fe3d98756bab8d50783be7c2d23b,2026-08-11
NAMPA,1022,CADILLAC,SEDAN,1952,102,e02420e39286e5c0868417187fbac04e5425b5307ce11ee132db5fc363cf66dd,
NAMPA,1022,CADILLAC,SEVILLE,2003,42,21215778577be3c0e90302401b3b56289ada661860c000a36c594a10d6b8fa5c,2026-08-28
NAMPA,1022,CADILLAC,SEVILLE,2002,42,7d6afe284e7a46dd1ea732f24fb73583784dca3635153fa7e1e5d5111f801357,2026-09-05
NAMPA,1022,CADILLAC,SRX,2008,40,853aef63639a1d5f9018caa18c21fa38a9a8d1a20dae09181c1e34e46fa5498d,2026-08-12
NAMPA,1022,CADILLAC,STS,2005,34,7218ec69f7c488f8c5377dccf6937e6590da6d8a7117a8eb0854258940dcac23,2026-06-09
NAMPA,1022,CADILLAC,STS,2008,40,540979eefe81f50eff9cb524aa19f446c8e77df39910e7a5b89927766e9557c9,2026-08-07
NAMPA,1022,CHEVROLET,1500,1997,21,06796a2eeaea9e2c1595a3eef963d7b12b22b1e9270645dfd43bde904344ef57,2026-08-06
NAMPA,1022,CHEVROLET,1500,1997,25,8520cd4579722c1c2bd52d4416afdefeeacd4fdf9ff238e6c5459bb05387d9b0,2026-06-12
NAMPA,1022,CHEVROLET,1500,1997,18,51492a458e99d53c136fbf61e1cb69f884211d5424322f09281d6a42d98da169,2026-07-14
NAMPA,1022,CHEVROLET,1500,1995,28,b9ec7cffbe69a18ae01459a8c2d19174aef97f38fc014d275feb4bb123a6899f,2026-07-10
NAMPA,1022,CHEVROLET,1500,1998,20,c353d58fc5cf828bbbb10447984e6677447af237014d517101f02dd739349cfe,2026-07-31
NAMPA,1022,CHEVROLET,1500,1998,21,a7c49b12841fa60148996fbb2eb766fc1366ba9e2bf9c20c1fb723fdedc341ae,2026-08-05
NAMPA,1022,CHEVROLET,ASTRO,1997,19,deac449e0f7e8da818567ce7cab4b5128bae9d3bda0218a36fa8476691e799da,2026-07-21
NAMPA,1022,CHEVROLET,ASTRO,2000,23,3f46a6063aa48ce855951fa98f47bcf5a4a53c01ff289662b0afb1e3c72bed2e,2026-08-28
NAMPA,1022,CHEVROLET,ASTRO,1997,24,0c2b6aab17095f0a8bee0e493be844376ff7482c79868a3f23495e330b56e03b,2026-09-05
NAMPA,1022,CHEVROLET,AVALANCHE,2005,27,6ddd9a3b8602df41b14c993fcf266d3c3b8050900fe544f4631de5ced3f647c8,2026-06-26
NAMPA,1022,CHEVROLET,AVALANCHE,2003,27,3b5b3cfc29555a6d32414170a15804f11e27da95140e049d1a8ff53870b62ba7,2026-07-03
NAMPA,1022,CHEVROLET,AVEO,2007,45,26c615feb5c3d78a002cdf9af2348a3daab4a32e57f683d87416a1fbfbded910,2026-05-21
NAMPA,1022,CHEVROLET,AVEO,2006,38,4498b71b6a220d11ffdfc144d2b522f58e5fcf76ec012280d7fa502cb45ac0eb,2026-07-21
NAMPA,1022,CHEVROLET,AVEO,2010,40,edcae9a0b94bebb8dbf57552dae574e8687154b12db99a18c5ba6b500ccfffed,2026-08-06
NAMPA,1022,CHEVROLET,AVEO,2011,41,ac15c6fb9c26011d36fa433a8688bd3247695be17c0562d44a9453274c6bc050,2026-08-13
NAMPA,1022,CHEVROLET,AVEO,2006,41,7ccae5afbec78f8e37de97ffe1dbac5c5df73205205eee551da8168380d234d3,2026-08-27
NAMPA,1022,CHEVROLET,AVEO5,2009,34,a2af180886167a22f846bd48521f2b7b77a56c3166d03296f30d3a71c755ff61,2026-06-11
NAMPA,1022,CHEVROLET,AVEO5,2008,37,2b1db27ad66a743d5383682a3280954336564e369eafa5a5d228255f114903fb,2026-06-19
NAMPA,1022,CHEVROLET,BLAZER,1998,26,3004174c5263395e19efc0b9155c497b30b28680710ea1d88ab1fc751ae5b02c,2026-06-17
NAMPA,1022,CHEVROLET,BLAZER,2000,18,654479dde796fd602e134ca97b6fc5874f562c823449f08feefa068872271b32,2026-07-11
NAMPA,1022,CHEVROLET,BLAZER,1996,27,534a819ad2faf878206114606fd037d63ae5c6914e8603929713bac98cbf0589,2026-07-03
NAMPA,1022,CHEVROLET,BLAZER,2000,18,654479dde796fd602e134ca97b6fc5874f562c823449f08feefa068872271b32,2026-07-11
NAMPA,1022,CHEVROLET,BLAZER,2000,19,558a1fc3f74559da53e78befcf1e9ce20e8b63a92088552b081c459bf031747b,2026-07-18
NAMPA,1022,CHEVROLET,BLAZER,1995,20,ef2995570fa2912182adc27f51f54422bd00fcfc492c36c5b7c72f317a439ae7,2026-07-31
NAMPA,1022,CHEVROLET,BLAZER,1993,21,233fa39f5e59d6b2fbe47e912b137f0c6ee02b1c24ec6f3ebbd7ef5eca62a9c1,2026-08-04
NAMPA,1022,CHEVROLET,BLAZER,1995,22,b69860dfd3b4e97859844c64b1c11b69602cecc01ab5bb963852bcdabdeca930,2026-08-25
NAMPA,1022,CHEVROLET,C2500,1998,22,419a59e6b5906c3881631c0d0e22fd186114802194db92899b75f229334d789f,2026-08-18
NAMPA,1022,CHEVROLET,CAMARO,2002,34,5e56093ebd6351e4fd0089419be5ae2aff9c5ffe954baffd66922935cd974287,2026-06-03
NAMPA,1022,CHEVROLET,CAMARO,1998,38,84ab42a21e94788bb1c6a754bd73ac95ba815be01314e7c5b159b4a9478dfcba,2026-07-11
NAMPA,1022,CHEVROLET,CAMARO,1995,39,bfbfa023f1b38ad583976a8997bd878289d26a0d870954541fc46b0d74288a1d,2026-08-01
NAMPA,1022,CHEVROLET,CAPRI,1975,102,52488dff228883d34e92c3ecfee2f365552e0e37c10e67d6c49c474e08f4078e,
NAMPA,1022,CHEVROLET,CAPTIVA SPORT,2014,22,1d196af3534c06b6e5cba96133017f295ef2b78e51405c318b80e6e6852f42be,2026-08-21
NAMPA,1022,CHEVROLET,CAVALIER,2001,44,6876c5da1d8f73b83459d94296260f5524967327d7ed7b036bffe6bc789b0aa9,2026-05-09
NAMPA,1022,CHEVROLET,CAVALIER,1997,44,3ac74af5c06eda13339162cf9009904f68c956d9f41a27645acee676e7f106bf,2026-05-12
NAMPA,1022,CHEVROLET,CAVALIER,2002,44,6c3a65211c9c53d8e7cf1c270ecdf4d73cb28ac72e83190f2e8ea4c931284317,2026-05-12
NAMPA,1022,CHEVROLET,CAVALIER,1997,45,74c7606074da99f53e43cda976decd447c79d8253930c258b55000a73b6f31ba,2026-05-14
NAMPA,1022,CHEVROLET,CAVALIER,2005,35,a19fa0ef050a0208a096bb0805ead239de4361a3ed651b24ad797362855c6490,2026-06-27
NAMPA,1022,CHEVROLET,CAVALIER,2004,38,f019d1489bbced070f9e54138c79beb75956f65d92a041b7421c4e49b3a2f79c,2026-07-22
NAMPA,1022,CHEVROLET,CAVALIER,2002,41,8084ca58fcc69472eb7374a8c2927aa42298c6db59e91e8c0478bb5b25f6fd1c,2026-08-21
NAMPA,1022,CHEVROLET,CAVALIER,1995,42,b3d41fc3064e87e65fabf39989405f1d823b63bc41cd2f8a54f587623a653aa6,2026-09-02
NAMPA,1022,CHEVROLET,CAVALIER,2004,42,fea455b0b8ff8e87adb701a0c0f3d109da18195a6514152065e403825d8b7332,2026-09-04
NAMPA,1022,CHEVROLET,CHEVELLE,1969,102,79022be3dcce769329c199ca87720f4b939bfe27c6d846869e42197bcd6dbd25,
NAMPA,1022,CHEVROLET,CLASSIC,2005,44,696c367850c8b22976fa348ccdd8dd216947e8797553ac3b719340894bf32f1c,2026-05-09
NAMPA,1022,CHEVROLET,COBALT,2006,34,492fbe512527196fd8765207da6df9150edd84fff0f0fb830103b0e471a1b39f,2026-06-09
NAMPA,1022,CHEVROLET,COBALT,2008,44,f86e3932d77b7538b52bfc5e0fc2204409e933735db72ebebb0ce86a6d3d777e,2026-05-09
NAMPA,1022,CHEVROLET,COBALT,2006,45,0d8429d560887217566b5365d68c5ae9dd12e6d66882c63ce28f9577dbd20a68,2026-05-16
NAMPA,1022,CHEVROLET,COBALT,2008,34,aa9d44895bb4c30c99d72edb81ef3a799b8b63c7a7a52d6810dc86964dce95e3,2026-06-03
NAMPA,1022,CHEVROLET,COBALT,2009,37,0471105f5ab5add88582a285830038ed17d67078addd0de0d8e7d97291900475,2026-06-11
NAMPA,1022,CHEVROLET,COBALT,2008,38,127bf5f72da907982642bb4082bbf12845731cfb4117a67df0d94c6d35e651e7,2026-07-11
NAMPA,1022,CHEVROLET,COBALT,2005,36,7fa2fb499a72a81dd8bb0d2f47565a202ec7fb4104f5885aa0925e623af02042,2026-07-03
NAMPA,1022,CHEVROLET,COBALT,2005,38,59e417c9d1a152fe75df556918f3b3ebd62c4fccf42b67299d6fac15a0d77eba,2026-07-15
NAMPA,1022,CHEVROLET,COBALT,2007,40,8e4627fc9265a42e714010a23463578727ea28eea4c47303766bb41f87cea7ee,2026-08-12
NAMPA,1022,CHEVROLET,COBALT,2008,42,ccc5cbe333d6cdd66bf7044f3503674d5df1793e229acf6df8056003f563cdcf,2026-09-02
NAMPA,1022,CHEVROLET,COBALT,2007,42,8556382568bb77d8e9dea2637d5c852941fb35c06044270e8751f0cfaa239122,2026-09-02
NAMPA,1022,CHEVROLET,COBALT,2007,42,8556382568bb77d8e9dea2637d5c852941fb35c06044270e8751f0cfaa239122,2026-09-02
NAMPA,1022,CHEVROLET,COBALT,2010,42,2d6cb27e0c1976f7788e5ff9480d80d143dd6742c138fa87a98f35a63e79947b,2026-09-04
NAMPA,1022,CHEVROLET,COLORADO,2004,20,206cf3154e927c042d6f8e1d200081e0cebcccb4ed0c09dbaab3a349e51d6997,2026-07-24
NAMPA,1022,CHEVROLET,COLORADO,2007,21,9f42655d0e2dea35132e4080112440126be754824758a7f6064ddf2e64d58ad1,2026-08-11
NAMPA,1022,CHEVROLET,CRUZE,2014,45,0f26ccdbc9aff03badfdf891327479e109ffe97cfcbe27133f5f13f4f3991c37,2026-05-21
NAMPA,1022,CHEVROLET,CRUZE,2012,34,83c583cacca9258f4417cf9f9d8ca0856a814b0194a6926f9ed9ab3d25e7383c,2026-06-02
NAMPA,1022,CHEVROLET,CRUZE,2014,37,36490fc16067ef6d6447259993249bd763fae66427d00bf21395bb81151753e6,2026-06-13
NAMPA,1022,CHEVROLET,CRUZE,2014,34,92c880302ad00cede394c29816d7d563d0fba31491174c98a5660a9e3ae1d3c9,2026-06-11
NAMPA,1022,CHEVROLET,CRUZE,2012,37,ab2d596ca86ffda71d93f4165c150a779789b909743cc90bf328bf14f6b99eec,2026-06-17
NAMPA,1022,CHEVROLET,CRUZE,2015,35,920e9e8704b60449819060186e90028a6878eab17d4586c1f49f5d7931014070,2026-06-27
NAMPA,1022,CHEVROLET,CRUZE,2013,42,02c14af754db8efd1f3425233df27d1a63ccb0eaf3452874172bec42c528c6e9,2026-09-01
NAMPA,1022,CHEVROLET,CRUZE,2013,40,77a70bef56f6e06a3881373f579800f4cd258aad7d2729eaf7cc7b7e91de8c78,2026-08-06
NAMPA,1022,CHEVROLET,CRUZE,2015,40,e0618edf1ab0b8beee6429416acbd3877c306f4726c9faef701931199473c090,2026-08-11
NAMPA,1022,CHEVROLET,CRUZE,2013,41,7a0d3e70287fb00ee3410d9919e813676f4657b69eec9d7ab43a1d511076fd76,2026-08-27
NAMPA,1022,CHEVROLET,CRUZE,2011,41,3feb74e48d82a9e1528b9b8bad60655ff4da6c73bbc7d4bfeb0709ff416f3130,2026-08-27
NAMPA,1022,CHEVROLET,CRUZE,2014,42,bccd7bcdd24448538b2f913a4570f834cd1938623717326c87acc7f23cdde0b6,2026-09-08
NAMPA,1022,CHEVROLET,EL CAMINO,1987,102,55994742ab9c0bc3ffdfbd15ee7a64d1d33e88ab39f324bce5cfd9e798e4a8c4,2026-01-18
NAMPA,1022,CHEVROLET,EQUINOX,2012,21,69036e95231b386e40253613bc467d412d0ff40ec2fcd42e1e5986ba82d5ad89,2026-08-06
NAMPA,1022,CHEVROLET,EQUINOX,2006,26,9425cceb9b3923baa632dfef6bb68a2e205adab04ec9cc3c8c40ef4ceb6d9cef,2026-06-20
NAMPA,1022,CHEVROLET,EQUINOX,2012,25,f0183ad088267c893de75e164e4e714c72f60fc0d2ea472504d8cfd8850da323,2026-06-16
NAMPA,1022,CHEVROLET,EQUINOX,2013,18,b32a3621aadee0a4fff48a54ea3f1a7c87091e3b55fb1d0612678489ef1f9247,2026-07-10
NAMPA,1022,CHEVROLET,EQUINOX,2005,22,9e17fd1a93bb50a048d5ad63f5826264c8a33808e04c8254de933fef310a6982,2026-08-22
NAMPA,1022,CHEVROLET,EQUINOX,2015,19,44fe85b7628887cda381a48ced87d5292001e404e2eb5b367e0e9f530a805f6e,2026-07-22
NAMPA,1022,CHEVROLET,EQUINOX,2006,23,e27dfd09af3a7e07287b50b9732278ed01f6dba3f97873c72bf246812c207375,2026-08-29
NAMPA,1022,CHEVROLET,EQUINOX,2007,20,5b213faba8214fd7c24878339f35c0d692daff6e5c9f5bc0d17c3c3d6d9e6f7b,2026-07-23
NAMPA,1022,CHEVROLET,EQUINOX,2007,20,5b213faba8214fd7c24878339f35c0d692daff6e5c9f5bc0d17c3c3d6d9e6f7b,2026-07-23
NAMPA,1022,CHEVROLET,EQUINOX,2012,22,78e1288d5c9dd5f34d646ca58e9ca27f287cdef06f5db6623823d0f6c74f081d,2026-08-13
NAMPA,1022,CHEVROLET,EQUINOX,2012,22,78e1288d5c9dd5f34d646ca58e9ca27f287cdef06f5db6623823d0f6c74f081d,2026-08-13
NAMPA,1022,CHEVROLET,EQUINOX,2006,22,2836c6e889ff4eb40f5debf788776f3885a7856c63fed877857d7db8a1826e92,2026-08-18
NAMPA,1022,CHEVROLET,EQUINOX,2007,22,93680685fdc11c13f9b503e7822357c8cf841f063c3b194980c1fd843dac9040,2026-08-20
NAMPA,1022,CHEVROLET,EQUINOX,2009,24,63a5ef4a03f6df2a53ea561a4f3ec7214be77b64380b1c02c43f6c7f9d0fef11,2026-09-08
NAMPA,1022,CHEVROLET,EQUINOX,2006,23,e27dfd09af3a7e07287b50b9732278ed01f6dba3f97873c72bf246812c207375,2026-08-29
NAMPA,1022,CHEVROLET,HHR,2006,45,2bdbdf8f379442bb3450262f75659a6427ab47a8dadfac585a20e85c2969dd9a,2026-05-15
NAMPA,1022,CHEVROLET,HHR,2007,34,bc60c154571917df34e65f33f274922d7835251d2ccb5034cab3428cfd559863,2026-06-03
NAMPA,1022,CHEVROLET,HHR,2007,34,bc60c154571917df34e65f33f274922d7835251d2ccb5034cab3428cfd559863,2026-06-03
NAMPA,1022,CHEVROLET,HHR,2009,37,b81f6a98953a9d5367c222c4544a48393174817c1a43518e104eda41802dd2a3,2026-06-11
NAMPA,1022,CHEVROLET,HHR,2007,38,f7db32a15ef1db95066b8c51c9e6f7be74d9acf50860bc39bef83fd57f026fc5,2026-07-17
NAMPA,1022,CHEVROLET,HHR,2007,40,5a13b2d02aa53c3bd2a6d8b5f2d9901f719797d085937f0e61db5b2940fb71d2,2026-08-19
NAMPA,1022,CHEVROLET,IMPALA,2008,38,ef3b34f065c29d0e9256fe3e13af11b18abe06ba4c648daf3c9b816d8bdd0f90,2026-07-11
NAMPA,1022,CHEVROLET,IMPALA,2013,45,a455f787054183b4a9cbd0d21c25c358bd9dc0521f1078496a12738780e56101,2026-05-21
NAMPA,1022,CHEVROLET,IMPALA,2010,36,de81d5687eaae64c46665844a78628409411376934639d7e9b8f231ad6374686,2026-07-03
NAMPA,1022,CHEVROLET,IMPALA,2007,36,43517f3b86a7d6fd5d97543ada50d28dee9242202de96c28cc7c6f928b1730d2,2026-07-03
NAMPA,1022,CHEVROLET,IMPALA,2010,45,538c6dfb02dacc9b13f3f3bf8ee2c8103d8ef520e2959f5f4ca46cc8e637e2f5,2026-05-22
NAMPA,1022,CHEVROLET,IMPALA,2007,45,0e842f8511782b91e074b130d94200e052ad21b577744423720f047bf7ba716d,2026-05-26
NAMPA,1022,CHEVROLET,IMPALA,2001,37,c238fcaf75c1afc46961499b39e4add6164a1c20f42fecaade0dbae7316a7d36,2026-06-16
NAMPA,1022,CHEVROLET,IMPALA,2013,35,086eb55d81c3b77cdb60797a0d55b12b1e834f7c2881832b963fe6b136931089,2026-06-27
NAMPA,1022,CHEVROLET,IMPALA,2007,36,43517f3b86a7d6fd5d97543ada50d28dee9242202de96c28cc7c6f928b1730d2,2026-07-03
NAMPA,1022,CHEVROLET,IMPALA,2006,36,86faa3af7a7f13e810e9ec7680b09089eb176f9f9bc6e2b928ba4b4a3f6428fc,2026-07-08
NAMPA,1022,CHEVROLET,IMPALA,2005,36,3d55c2ac9a3952edfa0e643b3dfe719fac64493aa678a446bdb514dce5d4d71b,2026-07-09
NAMPA,1022,CHEVROLET,IMPALA,2005,40,1dfbc4c6b477de9ef88e4b6a8bca470e1e6f93f2c04e6f0dcec6bf91c7dd2ea6,2026-08-06
NAMPA,1022,CHEVROLET,IMPALA,2004,39,f0edb2babe5089351eb634507b4e3df9ccd81161463b32a6f0ec32eb39ca8f40,2026-08-01
NAMPA,1022,CHEVROLET,IMPALA,2008,39,b498bc3f75f26388672b036185aeda2e0daca1ec0d258d59deff857631aa9bb1,2026-08-01
NAMPA,1022,CHEVROLET,IMPALA,2008,39,b498bc3f75f26388672b036185aeda2e0daca1ec0d258d59deff857631aa9bb1,2026-08-01
NAMPA,1022,CHEVROLET,IMPALA,2013,39,5c1603575fa74e059a6f0f1a72158abfd4371eadee15423e75f6c39bcb5ec0e7,2026-08-01
NAMPA,1022,CHEVROLET,IMPALA,2011,40,5ecb08cf44e769b10e51850cc09eaf672ea64669f4bad32672ae497491f20f48,2026-08-06
NAMPA,1022,CHEVROLET,IMPALA,2004,40,daee5d71444f5602d737504c703a377ee2a24afda14d46b930e23aed894a243e,2026-08-06
NAMPA,1022,CHEVROLET,IMPALA,2002,39,9fc9a6059bbe6fa594792616d381194b4e50cf6ee59dc0fc88ae2fa2ef495287,2026-08-01
NAMPA,1022,CHEVROLET,IMPALA,2016,40,113b5910c5c839f0cd91324c2ae0f0e129d8499c26e4b2325981da9d255e6d3e,2026-08-06
NAMPA,1022,CHEVROLET,IMPALA,2011,40,5ecb08cf44e769b10e51850cc09eaf672ea64669f4bad32672ae497491f20f48,2026-08-06
NAMPA,1022,CHEVROLET,IMPALA,2005,41,1c9e1b430047a713664245080011acd9cd05def29da991feb31120cc440f8db0,2026-08-14
NAMPA,1022,CHEVROLET,IMPALA,2003,42,a5da1c5d99583b390d15900812e7cd7d8f049a418c0cf787948d2347635c91ff,2026-09-05
NAMPA,1022,CHEVROLET,IMPALA,2005,43,4c47783a2688e4664b1904403d2a996e56615c5779f3cefb83f9abfc48d960ec,2026-09-09
NAMPA,1022,CHEVROLET,K1500,1994,22,3e2f42bd1f48dc4400abb4f93a4fc407bc07262624f8bea4e1bee5f232cb8733,2026-08-14
NAMPA,1022,CHEVROLET,K1500,1994,22,3e2f42bd1f48dc4400abb4f93a4fc407bc07262624f8bea4e1bee5f232cb8733,2026-08-14
NAMPA,1022,CHEVROLET,K1500,1996,23,9b89e6d6fcef55d753a5366df687093d6d3c468a74e3cd9be144e87f477fd2f4,2026-08-28
NAMPA,1022,CHEVROLET,LUMINA,1994,44,fb0adba9ee89b766c81cb37db8ae806dc1c174645eb4fe535d2e69394e22f679,2026-05-09
NAMPA,1022,CHEVROLET,LUMINA,1998,35,27065d05c6492475ecbd922e207ec8df5714b3dd3c5fd1a89b07af0b599b0c2b,2026-06-27
NAMPA,1022,CHEVROLET,LUMINA,1996,39,d309a3fa2fbc39fb487f895f3b6a78cd7a66dc57a2bbbbcbc04104730f76648a,2026-08-01
NAMPA,1022,CHEVROLET,LUMINA,1994,40,22cbc92e07be4faa3506ca1d9663e29732d8b10b24740a80bbdf1ebe9e210bff,2026-08-12
NAMPA,1022,CHEVROLET,LUMINA,1993,42,5ec1a7e74a387a272a0c90dac17278e8dad16cb22224667f04c1b11e48fa0f44,2026-09-08
NAMPA,1022,CHEVROLET,MALIBU,1998,44,c7a7aa14e78c4dec5794666bd7cf633432bb3ecd9260d2d6d36e7d02737d7449,2026-05-09
NAMPA,1022,CHEVROLET,MALIBU,2008,36,2222098a41fb992719b8e8a6854854f98e06d99d9fbc7846ad047b2ebce81673,2026-07-02
NAMPA,1022,CHEVROLET,MALIBU,2006,45,18075ab166743851814c1ce29d471484f96c474306383d3a20d7951d6148e0d7,2026-05-16
NAMPA,1022,CHEVROLET,MALIBU,2001,34,5e5a0884ad3266c5b444b3e6984fb116046dbdcf42f19b96cf27cfbc2e29d178,2026-05-28
NAMPA,1022,CHEVROLET,MALIBU,2012,45,ec67763dd65f021a339ae6e5d277b686ea72f2ddd1371c5160c4d7ea859c467f,2026-05-28
NAMPA,1022,CHEVROLET,MALIBU,2010,34,047e3daa917dc7ff2fe8d6070201e7a03d3d78cc110e95d305f6730ba4abaadc,2026-06-02
NAMPA,1022,CHEVROLET,MALIBU,2007,34,074496d661955a3f540c91148edc5d80a82b7a87fa4bea3d2380790bdf118142,2026-06-03
NAMPA,1022,CHEVROLET,MALIBU,1998,37,9c67b6f642f44259f39fb185532de89cbf7d012cca695ea07d029867ef62dbee,2026-06-12
NAMPA,1022,CHEVROLET,MALIBU,2006,34,2376ef4e2c7a1591229dc98c027925034dc72a88423cd62c38ef43cd058931eb,2026-06-11
NAMPA,1022,CHEVROLET,MALIBU,2003,37,7fe93d937666e8c905fdb4c005247b6aa50abd8db2d82218255aa895f82336ab,2026-06-16
NAMPA,1022,CHEVROLET,MALIBU,2004,37,cb2e92eff442ddf58fd6e18891f92ed69b7708fe7a7d8b93bb05feaa06f9c5e8,2026-06-17
NAMPA,1022,CHEVROLET,MALIBU,2006,35,379cf6bc1c122efbe0b4cad244d25a6a6dfa0be23ba8118be076baae82df591b,2026-06-27
NAMPA,1022,CHEVROLET,MALIBU,2000,35,402036cb1b8bdc4a69b2c46faa9d606b65b936750fd56c601d43744ee2babcc7,2026-06-27
NAMPA,1022,CHEVROLET,MALIBU,2008,36,2222098a41fb992719b8e8a6854854f98e06d99d9fbc7846ad047b2ebce81673,2026-07-02
NAMPA,1022,CHEVROLET,MALIBU,2002,38,b55ad6111c470b42ae25aece23c7c317a5c33f8d4165b94d25920431dbe9222f,2026-07-11
NAMPA,1022,CHEVROLET,MALIBU,2015,38,c1fa5b4ca8a10a26b4aa6af244e6cc9f6c5b36dc4a9678ce9178b526c0ac74dd,2026-07-11
NAMPA,1022,CHEVROLET,MALIBU,2009,38,ec8954dc15eb0345b27b133c1a08582be881d4d045cedacecc435f2d52d5c9d9,2026-07-16
NAMPA,1022,CHEVROLET,MALIBU,2008,39,39441af8fbb07f5dd6380c62d20ef7e83e8111e799b27a6e7fecd3bbf3ca33c1,2026-08-01
NAMPA,1022,CHEVROLET,MALIBU,2012,41,850f7e7639c67642d70f2bb2ddbc07d74dea1fc2d4b882977b6a09a90358e311,2026-08-13
NAMPA,1022,CHEVROLET,MALIBU,2012,42,39eaef73cdf0df48f395b46b58f8af761d0511fbeb86edcb7cc8daf773dbae1e,2026-09-04
NAMPA,1022,CHEVROLET,MALIBU MAXX,2004,41,64534fb4d7edd3cbb3888750485e2a4ff33b06851f9a34a74db1502a4d8e6975,2026-08-20
NAMPA,1022,CHEVROLET,MONTE CARLO,1996,44,71c5a8e1f6622e566d5e06d94596e67651b8b75cf0f0edd1ad8fbe1077f40d95,2026-05-09
NAMPA,1022,CHEVROLET,MONTE CARLO,1995,35,290daa76625987ecdcd356e9186c35903a22f9729a39d4c9e4e7a24346eacd02,2026-06-30
NAMPA,1022,CHEVROLET,MONZA,1976,102,84da27481d169ae415c293bf3e79b948099e20c530f5d7fd38e6996d747c82ff,2025-11-01
NAMPA,1022,CHEVROLET,NOVA,1986,44,fe5b060886b57083963a8c15dda609b54bb545d920ad09fbb853d0553cf5780a,2026-05-09
NAMPA,1022,CHEVROLET,PRIZM,1999,45,272e8b013997783fec9ac29d3248a913b04381396ad7a5fc13333724f254a523,2026-05-21
NAMPA,1022,CHEVROLET,PRIZM,1999,41,32c10df6e432560a049bf0feb64bd06279ddde6fc22820f09d57e20252c18277,2026-08-25
NAMPA,1022,CHEVROLET,S10,2003,18,1e69aa3e0798f2b0379cd1fd43f4e76221cb2fe996dfda4bbf48ccb1b39a802e,2026-07-11
NAMPA,1022,CHEVROLET,S10,1996,19,bf05e11f42591a877dceb3eeffce27f800d924231f0ef1c0353befcf075d1343,2026-07-17
NAMPA,1022,CHEVROLET,S10,2002,24,91e4b00164f07a78ed72b7520368639b7bc4dc3c0b9aee04ecf4834e6e66a3f4,2026-09-09
NAMPA,1022,CHEVROLET,S10 PU,1996,19,abdab3d2314246cb16c4f5c3ef549f354cdb4a66ebc4eb850dc9b2f42c21175f,2026-07-18
NAMPA,1022,CHEVROLET,S10 PU,1999,22,2100a114864a6d8992bd134c606e0aa0f8711e62fa2a5f790a06a3de2d24034f,2026-08-12
NAMPA,1022,CHEVROLET,SILVERADO,2005,18,94154a1f61061893921f14c20468ed02ec3ee84f3e5bb05714bdb592a4095395,2026-07-10
NAMPA,1022,CHEVROLET,SILVERADO,2000,27,f99c23328e1e6c0625348d5b2e3c0d7a1b877ff89db5926dacefe33201fe7819,2026-06-30
NAMPA,1022,CHEVROLET,SILVERADO,2004,25,9d0c0679c3242b787f3b499137003e0cbda54d66453f228fd54b9ef640113e23,2026-06-13
NAMPA,1022,CHEVROLET,SILVERADO,2001,25,a4fe8b92239cdadb3ee37ddc7b5dc6af7a64ad614dcced012080711546f393f3,2026-06-13
NAMPA,1022,CHEVROLET,SILVERADO,2001,26,dfae151501be910bc53901ccd3d7d792cd50f101efd8ca88881950498d7b6dab,2026-06-24
NAMPA,1022,CHEVROLET,SILVERADO,2005,18,94154a1f61061893921f14c20468ed02ec3ee84f3e5bb05714bdb592a4095395,2026-07-10
NAMPA,1022,CHEVROLET,SILVERADO,2001,20,0d475046ef81fb60404b1bb06073aa478cd23cd4294268f0db7658f1e612790e,2026-07-24
NAMPA,1022,CHEVROLET,SILVERADO,2001,20,0d475046ef81fb60404b1bb06073aa478cd23cd4294268f0db7658f1e612790e,2026-07-24
NAMPA,1022,CHEVROLET,SILVERADO,2004,21,d5d6c374110fc43f80b0bffa32d5740b8aa1780fd009696d8141a8a17bce3097,2026-08-11
NAMPA,1022,CHEVROLET,SILVERADO,2008,21,338ad45e62c22ca766c5203c376955e703d05e5efe6c7641ae26e33bbd0c1392,2026-08-11
NAMPA,1022,CHEVROLET,SILVERADO,2004,24,8f8ec6851b62ed95c7fd098d522e7c4d7c2391cfbdd1a363f7d3d92d00d87074,2026-09-08
NAMPA,1022,CHEVROLET,SONIC,2013,36,398b112381eeae44709e0b8c2b51a84ee0ecd34f7de8850cc83edab180dbf1a9,2026-07-03
NAMPA,1022,CHEVROLET,SONIC,2013,37,d24501f6305dbd0d24834c0db17538980e3d01fbde7d36ce30a3f3508cb87d43,2026-06-16
NAMPA,1022,CHEVROLET,SONIC,2015,36,8432aa57d1824388669c0373cc050f2594cb05726271e4bad431454638d540ba,2026-07-09
NAMPA,1022,CHEVROLET,SONIC,2012,36,50896505be8b01b93b6f196ef071ee69da3619a3714bbd7d58c244cd62e7039b,2026-07-10
NAMPA,1022,CHEVROLET,SONIC,2016,42,4d511823962ac8323115ef6aa56a60f6dd76f7aa397aa228ed4df5bc2781fdc6,2026-09-01
NAMPA,1022,CHEVROLET,SUBURBAN,2002,25,b13706785bc2d18fb512c8ada9b206f6e69fc2ea82b5fc6d34a5bd278c54e22a,2026-06-12
NAMPA,1022,CHEVROLET,SUBURBAN,2003,27,12fb7627dd2910533ef42a512a67f9d09870c50276da84ae52fb72aa0a476287,2026-06-26
NAMPA,1022,CHEVROLET,SUBURBAN,2008,18,859f5b4647cf558d736f2658159ec2b80092a25ffbeaf3a02b758b3a1305c20f,2026-07-14
NAMPA,1022,CHEVROLET,SUBURBAN,2001,20,99b37b79f11b7b3b0024a6a66558ed44d2186491d33deb507734f932e87a6566,2026-07-31
NAMPA,1022,CHEVROLET,SUBURBAN,1999,21,b075c0ab9fcdf5a9b683b9a4066c74ff5f236c72554625a5d8c304ac27688b5c,2026-08-07
NAMPA,1022,CHEVROLET,SUBURBAN,2001,21,5414423e3f83104c0ee499c7780ba09c1ec69672e3968dab38fa7df090bfe040,2026-08-08
NAMPA,1022,CHEVROLET,TAHOE,2001,25,ea30a501f5a707473d39fc41fd9d834abf9eeaa8b32bbd989073d0cbb3dfab30,2026-06-12
NAMPA,1022,CHEVROLET,TAHOE,2006,25,e90e662e528e4cffb37d33d1a86053d419efda9d601c345883e73c9a732db2d9,2026-06-12
NAMPA,1022,CHEVROLET,TAHOE,2005,25,6db87da9d6abd32c5f7d7e604d5b9f98913e4eda0a3b7282b69e1826a42c0b1a,2026-06-12
NAMPA,1022,CHEVROLET,TAHOE,1999,26,68e67d3476c9279659f02a56558f38a06779060de8d22424cd25dd5aae63a354,2026-06-16
NAMPA,1022,CHEVROLET,TAHOE,2004,27,35508bed54933f213a7bc739a67bf2d29c2ee91c7a5526da2fc5273896da9ee2,2026-07-03
NAMPA,1022,CHEVROLET,TAHOE,2003,19,cc64c0bc8255d4c8b30cb231cc3c093efe3ef8ac853c5cea3acb960c5482a110,2026-07-18
NAMPA,1022,CHEVROLET,TAHOE,2002,20,6c2962c59947b10e069b9bd9ea89179f33f000b5e5bf3e55a4b47d92cf52c593,2026-08-01
NAMPA,1022,CHEVROLET,TAHOE,2004,21,31421a4d9465a6dbcbcc3ce1a7062f926c3007c230feb950f028d023fd0d1b3d,2026-08-06
NAMPA,1022,CHEVROLET,TAHOE,2007,22,c13d7e2cf9fdffeb1fdf013efcd819aafb5350fb5087902adb29502a679f8151,2026-08-12
NAMPA,1022,CHEVROLET,TAHOE,2001,24,f98d6a0934f4be9a801526ad3a0b0fa9d18d86fca3b1fdcabce4af61384a1d7a,2026-09-04
NAMPA,1022,CHEVROLET,TRACKER,2001,19,74eda913c7e3e0af2f60a7cfe61df53f884d56abaade7fb71a327117a3892434,2026-07-17
NAMPA,1022,CHEVROLET,TRACKER,2003,21,ec9ac237cae6eee8c7c4ce1a82dc815ba3fd77584f506b57ded7883edccab1ad,2026-08-05
NAMPA,1022,CHEVROLET,TRAILBLAZER,2007,26,3a00d82f8108f2c8b85433f6281d00eefb00ce53fefd794f67ce2cb2a90d0ef2,2026-06-19
NAMPA,1022,CHEVROLET,TRAILBLAZER,2003,27,691fb561c51908ce6e3e5898e11c70bbef9aa23c6461d00482ab1dbd1d001520,2026-07-02
NAMPA,1022,CHEVROLET,TRAILBLAZER,2006,18,5365fdced7f2436d8a5152d743aaab4f693492f822226b3e5184dd5e3139b042,2026-07-10
NAMPA,1022,CHEVROLET,TRAILBLAZER,2004,18,4f9b5d3b53cd2bdf6c5465e7a4c55e12c1ddd207de23367e073257b2d0ff60bc,2026-07-10
NAMPA,1022,CHEVROLET,TRAILBLAZER,2003,19,9e98a160e8ac66d5e54f8d63cd2e24ba2f34092cb0c18d9d5eebd4f908f613b2,2026-07-16
NAMPA,1022,CHEVROLET,TRAILBLAZER,2007,20,aa9ab1e842f5ad61f02c2c5a3b52663e04a0019eff0c577f71a790c2f825ee34,2026-07-29
NAMPA,1022,CHEVROLET,TRAILBLAZER,2004,23,610ac6e2346ba878bf745a7d16147fc26572b9053aa639c670b227a2718440b0,2026-08-27
NAMPA,1022,CHEVROLET,TRAILBLAZER EXT,2004,18,a068b3f7a87e768f09ef5ebd291a686956d57ce53752dc25c0a3800441abcd59,2026-07-04
NAMPA,1022,CHEVROLET,TRAVERSE,2016,27,61e13edaee208443ecb71ff1821f731c1fae2e826693919c60b00a6727c45fa2,2026-06-26
NAMPA,1022,CHEVROLET,TRAVERSE,2015,22,330f53b454a53e9c51201c12b24266adc49009c4eec294ab1824b8d1a1271c22,2026-08-14
NAMPA,1022,CHEVROLET,UPLANDER,2008,26,4efcaa29041b416afd235e15e4db876292dce0a497b3654d7cfcf92dc4b96ac9,2026-06-24
NAMPA,1022,CHEVROLET,UPLANDER,2008,22,90002ee39c0ebb6cd747ef2fae88766cddddc682a40c93c5d05cefc1ad2ea21c,2026-08-14
NAMPA,1022,CHEVROLET,VENTURE,2003,26,908502d965c9b3e7082e7eb56a16ece7cd2f088632af7b1102f82da449d17c29,2026-06-17
NAMPA,1022,CHEVROLET,VENTURE,2004,23,49cb545926457c9db6c9ed587e37d4953acd1f4c62ec61c605059f7bdf196ed1,2026-08-27
NAMPA,1022,CHRYSLER,200,2012,62,16741bfbc5d85e96607754fa4cd45aec623d8fafd0a06caf13eefae459df0cc6,2026-06-24
NAMPA,1022,CHRYSLER,200,2012,63,a58547347bb77e2b4f3e217cd056de9dbcf513c3b30ad66c44d25b5203d0e86b,2026-07-10
NAMPA,1022,CHRYSLER,200,2013,63,c5f50d97237cbcdae315750aaaed68ed7cfa53fd3c595dbaa6312e5b1d0813d2,2026-07-09
NAMPA,1022,CHRYSLER,200,2013,63,c5f50d97237cbcdae315750aaaed68ed7cfa53fd3c595dbaa6312e5b1d0813d2,2026-07-09
NAMPA,1022,CHRYSLER,200,2013,58,3578d1aa4029b83d1fb2becdd47483407111ce49ec76a559eefd51c1b18b27e3,2026-07-17
NAMPA,1022,CHRYSLER,200,2012,58,eac8c8b084205ed6b5a89a6a64cb7ed328f92b7064661f6bbe960027e91082de,2026-07-21
NAMPA,1022,CHRYSLER,200,2015,58,84747781a9863903b62be4c0001fad3b664f7761227b94c03161b5f68127e099,2026-08-15
NAMPA,1022,CHRYSLER,200,2012,59,265a44653a465d7d0d6caca764b10ff69590c885b524bb418b9586752f479ce4,2026-08-13
NAMPA,1022,CHRYSLER,200,2013,59,64df91bd6654b9e2306614992b2e522959de6becec2b5ed2f7bdfafa963ee545,2026-08-14
NAMPA,1022,CHRYSLER,200,2012,59,265a44653a465d7d0d6caca764b10ff69590c885b524bb418b9586752f479ce4,2026-08-13
NAMPA,1022,CHRYSLER,200,2015,60,dd31cd68c895f6062f6fbe1625d766b7c7a0fea45569dd8434e589753768f037,2026-09-01
NAMPA,1022,CHRYSLER,300,2007,62,49e522d060002eabe51fe83014db4c963cd462886dbc83ec7617b91c1d11933e,2026-06-24
NAMPA,1022,CHRYSLER,300,2006,63,266c1880f26408772c4620a224c3d673ee92be4a561cfe1e1e675b45347766e5,2026-07-11
NAMPA,1022,CHRYSLER,300,2001,59,f50f1e97773500b0997f2ec533c13c5e62446a96ac5bcce5c8817c7d277e7abe,2026-08-11
NAMPA,1022,CHRYSLER,300,2006,60,3b4416f527cedb12b76a0493503772890c0c7f84461a2234dd2f4e887f0e2729,2026-08-28
NAMPA,1022,CHRYSLER,300,2007,60,b7dcb559fdd9d4b29281284aa8496dd7933fa8963ac0cbce442963ed2ab3a69b,2026-09-04
NAMPA,1022,CHRYSLER,300C,2005,60,b7d63cba42ed5d990f573c575d7d08e05a262deb4c401cab6d9912fd0421613e,2026-09-04
NAMPA,1022,CHRYSLER,300C,2006,63,e6a13f6f73ccd84d7e21deb9324774d96f49e4dff6a15896634d7e3753205747,2026-07-14
NAMPA,1022,CHRYSLER,300C,2014,59,dd1795d0a56447a968468bf2458e5c727b86c99305e3d1719b4db2d46b0525e1,2026-08-19
NAMPA,1022,CHRYSLER,300M,2000,58,9ff1935a4b3783c8af40a1c327a3e04c94b8dcc76f62a551e485bbd52c6ae8c5,2026-07-17
NAMPA,1022,CHRYSLER,300M,2004,58,bcebd8befda238a6e9998a66510558f20ab1cd1abdbe7126cdc5570f2c531a3f,2026-07-18
NAMPA,1022,CHRYSLER,300M,2000,60,20f9a05fe5b7440da1d92f7abf378df350517782bfa4ae0e896214dee18f40a8,2026-08-27
NAMPA,1022,CHRYSLER,300M,2001,60,5d10fad46d660411c9713e25887a59b55d4250261f374edb902b1948da6b0f85,2026-09-01
NAMPA,1022,CHRYSLER,300M,2004,60,3abc6edf711a93d83f7d8a4435f8defc72ff5a5aaca883534a81ad98b6800361,2026-09-01
NAMPA,1022,CHRYSLER,CIRRUS,1999,60,a33b90e2ca272abca6f76fa8601b599f89f477a74cda28ca8991bbe6f407142c,2026-09-04
NAMPA,1022,CHRYSLER,CONCORDE,1998,62,8349d217c2c113a16cb3527053ea09e3f3a276aa31c9534aa30ee2990dc853e7,2026-06-20
NAMPA,1022,CHRYSLER,CONCORDE,2004,62,5e5c2b698acd3ff956c8eb848a6a6d587db956b6dbab9f1dc3eb30997ec26b59,2026-06-30
NAMPA,1022,CHRYSLER,PACIFICA,2005,58,513afdb4cf61014c9a1d194d55d4d29c42482185007ccc6d8c5ced8e946497a2,2026-07-28
NAMPA,1022,CHRYSLER,PACIFICA,2007,59,d7d1bc2af7f3c952c1c82bf2d1bb4a69a7895de3e3727e1c9d90194535ef65a0,2026-08-14
NAMPA,1022,CHRYSLER,PACIFICA,2006,60,f750e1e9c21369e129d8f49b10baec405693c396e362931534f886f5a24c99cc,2026-09-04
NAMPA,1022,CHRYSLER,PT CRUISER,2002,62,46a7adc5fdc71f61c7eaf7b981cca11739a78c7bd5ed144fcb97523bbd3741c6,2026-02-19
NAMPA,1022,CHRYSLER,PT CRUISER,2005,62,e956a09962fa323020d9945e0b98755cdbda829ce3952cb914a6e52433ec0ebe,2026-06-17
NAMPA,1022,CHRYSLER,PT CRUISER,2005,62,e956a09962fa323020d9945e0b98755cdbda829ce3952cb914a6e52433ec0ebe,2026-06-17
NAMPA,1022,CHRYSLER,PT CRUISER,2007,63,f64a5c0b8c93279efee492cf7ba3912e0074ff88ea61924839f34f24b3b32744,2026-07-02
NAMPA,1022,CHRYSLER,PT CRUISER,2007,63,f64a5c0b8c93279efee492cf7ba3912e0074ff88ea61924839f34f24b3b32744,2026-07-02
NAMPA,1022,CHRYSLER,PT CRUISER,2008,58,2d9af97380ff249e8d419998248602210177ffd08761c961e8e0a10c6eeece6d,2026-07-22
NAMPA,1022,CHRYSLER,PT CRUISER,2001,61,e93e31537825daa2ab722a15f21fd8bb4b5e973e8c7f6adb21f3c7403068fdbc,2026-09-09
NAMPA,1022,CHRYSLER,SEBRING,2004,60,8ec609b6e8929f279586b51799eeb5be927fbc3dd260ffb966dd3a78c52addcc,2026-08-27
NAMPA,1022,CHRYSLER,TOWN & COUNTRY,2006,62,685c7b41fdc37854d839a1854789a771f3cd19617b5894dcc68a64b6f755b42e,2026-06-20
NAMPA,1022,CHRYSLER,TOWN & COUNTRY,2003,62,617d21bed4d217d521727daa5c30f7cdb010abe48a6e9b00071a674e7415e858,2026-06-19
NAMPA,1022,CHRYSLER,TOWN & COUNTRY,2014,62,026ba814a5712ce26a9d76c096bcb940ef5aa9cef36a58b4b00d1bfbe74c9ed8,2026-06-24
NAMPA,1022,CHRYSLER,TOWN & COUNTRY,2002,62,e5610f3941e3225c6e407266b7dbc546db7e31213e69d4a1dc97d2725dc53180,2026-06-30
NAMPA,1022,CHRYSLER,TOWN & COUNTRY,2007,63,7c0ad0021eec86ab1d527b3f6e5b1756fafa42345b13e80eebe1a09125832c0b,2026-07-11
NAMPA,1022,CHRYSLER,TOWN & COUNTRY,2008,58,77cd06b83d725f1086bac504ab436b1c9d4a555bdd63d09015f08ab92fc4ce2b,2026-07-29
NAMPA,1022,CHRYSLER,TOWN & COUNTRY,2011,59,638d270cd5a555400e23724f6cab0a718547fd55998f18fb202fe9f415ef3fd6,2026-08-19
NAMPA,1022,CHRYSLER,TOWN & COUNTRY,2014,60,f14ed43aa43bb25a322590adec3d8aa17cd011f541170a1370d4cf612e5bc85c,2026-09-02
NAMPA,1022,CHRYSLER,TOWN & COUNTRY,2003,60,bc35c34f9fe249cc2dd7b956f273044dbc6dd66f9472b41d689b675d34f2de60,2026-09-01
NAMPA,1022,CHRYSLER,TOWN & COUNTRY,2005,61,1bd346ea89b5a6fe6b61cfcb14fd8a471dca410f5161c2dd10c5b8835fcb1f88,2026-09-09
NAMPA,1022,DAEWOO,LANOS,2001,74,8afaf977f3db495b25fe00b0eb74b14aa5b977f4761b5ad6b340071d37a9e107,2026-08-27
NAMPA,1022,DATSUN,710,1975,102,24315a12d130e02615f0056833deccafefd3a345a3c491e138fc809d28e044fd,
NAMPA,1022,DATSUN,PU,1977,102,995cfe575bc78b18b50cf0ff5754c00037844215cf061e8660ebc8b9211cc983,2025-09-23
NAMPA,1022,DODGE,AVENGER,2008,62,27f079d709f47adb5bd6eb639f9e7f57b78e67ea79369f0a04b03f1935bec2b6,2026-06-20
NAMPA,1022,DODGE,AVENGER,2011,62,6a7733f893faaafa73402d310f6a52954a3ed5bc3860a15b94278f6fb4d05d91,2026-06-17
NAMPA,1022,DODGE,AVENGER,2013,59,9a97445d66ae077cb8fe3a5965c1597123ab34ee27451000e4ef0138dae3ce80,2026-08-01
NAMPA,1022,DODGE,AVENGER,2010,63,e21d5fdf525208f6ca86eb34d3cffe358edd9c815b1d2807656c0d69aaa261b6,2026-07-02
NAMPA,1022,DODGE,AVENGER,2010,63,e21d5fdf525208f6ca86eb34d3cffe358edd9c815b1d2807656c0d69aaa261b6,2026-07-02
NAMPA,1022,DODGE,AVENGER,2008,63,149f2c041d5b89faf9502d664661fbccb829b1136a115e22efa027205217e356,2026-07-15
NAMPA,1022,DODGE,AVENGER,2010,59,7fc8f5edaeba8282b7764f6a1dda1f80ea08d0e79ecb7bf93f9fb06aa4361ae0,2026-08-05
NAMPA,1022,DODGE,AVENGER,2010,59,7fc8f5edaeba8282b7764f6a1dda1f80ea08d0e79ecb7bf93f9fb06aa4361ae0,2026-08-05
NAMPA,1022,DODGE,AVENGER,2014,59,78e5359e8c1750708cd95cecd4999700110d827e4a6ec76c14296e5e16075df4,2026-08-04
NAMPA,1022,DODGE,B200,1977,28,cf9757c91b160927a5d9c48c53bf3611b56a99d1e3f54251ad8e1cdcb2afa690,2026-07-17
NAMPA,1022,DODGE,CALIBER,2008,63,1f88414277487e85142ec45cdeaa5d5dd96e63fc891e1a071d64e82799927f7e,2026-07-11
NAMPA,1022,DODGE,CALIBER,2007,58,2116c058e5476dd65007b1221b23f257f60413acbba6dadce89c5a9b452dfa51,2026-07-23
NAMPA,1022,DODGE,CALIBER,2007,58,2116c058e5476dd65007b1221b23f257f60413acbba6dadce89c5a9b452dfa51,2026-07-23
NAMPA,1022,DODGE,CALIBER,2007,59,e03237bf8b63b8247213c1c72454961ce12169247b2430112a63208307f19e41,2026-08-06
NAMPA,1022,DODGE,CALIBER,2011,60,08cfd64bbb740e9544d1d13f4afdd90727da3e68043d1d00df2e84974413c333,2026-08-28
NAMPA,1022,DODGE,CARAVAN,2005,62,68659c08b93a16937dd4bb2358aad80c29a446cac6fb5a7a0f28a1f1438c2e7a,2026-06-24
NAMPA,1022,DODGE,CARAVAN,2002,63,296b50cd668126a5172b99af0b73ec60ad92d114d70ebad27b5eed39bf149ca7,2026-07-04
NAMPA,1022,DODGE,CHARGER,2008,63,e250eb5821e6cbfee975d26d42a9ed668e3b9b58d493ed50bcf3a98eb251046f,2026-07-02
NAMPA,1022,DODGE,CHARGER,2008,58,335853ba450da9299b3e98cab85ce8503ea84296644308a0bf0643dca65d3440,2026-07-17
NAMPA,1022,DODGE,CHARGER,2013,58,c9a885974b67bf779c834733d5074136459b1f13abf748befaa04619707cf92f,2026-07-17
NAMPA,1022,DODGE,CHARGER,2006,60,336e2457cf8f6dc82e57385d4b153935e42be41a4afec00faade5c0c2dc26fe8,2026-08-29
NAMPA,1022,DODGE,CHARGER,2010,60,f2f7dc0f0377542af850c97a7a5732587a91933ca5bc2a415dfa940db62b3766,2026-09-03
NAMPA,1022,DODGE,CORONET,1951,102,abee4d830d45b2eacd2bf081a16361f1999b4e67c2d3a96e77ca944b0417c175,
NAMPA,1022,DODGE,DAKOTA,2003,33,0a446b0fca0bf45cdda71ca4bce0ae3c79e3b7a3f9b1fd7fd5e208ed0c6430f1,2026-02-21
NAMPA,1022,DODGE,DAKOTA,1989,32,fa1b333fb98777f4d3aea6252f410708bd0fd29edb7bf4fb0c6e556409509c2f,2026-06-03
NAMPA,1022,DODGE,DAKOTA,1999,32,a0d4b93b7145be26ec6ce1eda90c7923856171c6ab03c887dc51bcb1645dabca,2026-06-20
NAMPA,1022,DODGE,DAKOTA,1996,28,16d8e5d8ac9aa3aab18d0ff72eba9b8279bd6c33a883efebd4505cb1d281fd3d,2026-07-02
NAMPA,1022,DODGE,DAKOTA,1992,32,0cd91f3c2c1cefb9f46439c5885bb1a37eba50ffb85a58b5c9517d8181943215,2026-06-09
NAMPA,1022,DODGE,DAKOTA,1991,32,917d4251e7e32a5a3bde3545a1242d48e18546992adbdc71bfd570c9984c37c6,2026-06-09
NAMPA,1022,DODGE,DAKOTA,2002,32,f03ba397737c54b1fcb5c607fc02d0916c88b182705ae82090f5e935aa02cef3,2026-06-13
NAMPA,1022,DODGE,DAKOTA,2002,32,f03ba397737c54b1fcb5c607fc02d0916c88b182705ae82090f5e935aa02cef3,2026-06-13
NAMPA,1022,DODGE,DAKOTA,2001,32,481693ab52619e508c13b409badc9a986884952687b3ecc8b856ea3ebbbc679e,2026-06-17
NAMPA,1022,DODGE,DAKOTA,2000,32,69dbb906b3b452210ce87ad2f79d8ac903caf3676bc9ea40bf5c068843cfa87c,2026-06-17
NAMPA,1022,DODGE,DAKOTA,2002,32,f03ba397737c54b1fcb5c607fc02d0916c88b182705ae82090f5e935aa02cef3,2026-06-13
NAMPA,1022,DODGE,DAKOTA,2002,29,68114900692e70d383d977da1941e3da751704fdef8718bd1b1c809306313f01,2026-07-17
NAMPA,1022,DODGE,DAKOTA,2004,28,c5de3a04127abb305e94376c1232fc6642ec877b94ef51b725cf757b0e16fa5c,2026-07-11
NAMPA,1022,DODGE,DAKOTA,2001,30,2ae695e5137dda5163f87e1067e5eaeeea89da8aa1e73d7e0b280c141e43525d,2026-08-12
NAMPA,1022,DODGE,DAKOTA,1992,30,c7f37c123dcb8c21feae0ca5595b7c763918ca5c13359c9371264c813a25cc52,2026-08-13
NAMPA,1022,DODGE,DAKOTA,2006,31,8073d17d4cf7b098e2c40d6bbfdc0932c662b3abef2354c398b1685ed13f7cf9,2026-09-08
NAMPA,1022,DODGE,DAKOTA,2001,31,82be854531436bfd26b1a9d48d017b796522eea949d5974f69f0f5f2e78fc80f,2026-09-08
NAMPA,1022,DODGE,DAKOTA,1992,31,016c278bb686710c457e9635f8678db84ddf4cb217f48a4b083fe088fbd8e89c,2026-09-08
NAMPA,1022,DODGE,DAKOTA,2000,31,c18f0378b3351903024000d969a263fb70595e8d6b5af137bd127c197572472d,2026-09-08
NAMPA,1022,DODGE,DART,1960,102,121551d7eed432d852257c7759902d4963f517f749f2efcb6b3afa580fb5b7b6,2025-11-01
NAMPA,1022,DODGE,DART,1965,102,4bc26e3adc0bb09086e13dc30be7f0aee660b4bb7f63b967684acd27d7f6f361,2025-12-19
NAMPA,1022,DODGE,DART,2016,58,b1ca999a6545d294ba3c0ce653222601d6d705f4f18685f7dac087bca69adaa9,2026-08-15
NAMPA,1022,DODGE,DART,2015,58,41237a48181d26b1cc87a8861e9fa8be7523cd10d14c1f710e5f7ab8ca4f8773,2026-07-18
NAMPA,1022,DODGE,DART,2015,58,41237a48181d26b1cc87a8861e9fa8be7523cd10d14c1f710e5f7ab8ca4f8773,2026-07-18
NAMPA,1022,DODGE,DART,2015,59,ad48e7e58276fd9e8d100875fd098b519d71e11145adb6a1856ad6a8380061ff,2026-08-21
NAMPA,1022,DODGE,DART,2013,60,3672b211200f0a9c324f07fb7e0a20e187748ef919e7cd97d6ca83fb5bfaa8b9,2026-08-28
NAMPA,1022,DODGE,DART,2014,60,45258483f61734af503d0501b1e16f1154c9352c319dd83a4d74066b1e15c68c,2026-08-27
NAMPA,1022,DODGE,DART,2013,61,0d697974cabc3babc18a225df04b6e949623adf28999ce19595923fd0e4a3e2c,2026-09-08
NAMPA,1022,DODGE,DURANGO,2005,33,7ca090a020bdc783101ed5311fc3af5ad49c6badd5262871097b309fe5284a74,2026-02-07
NAMPA,1022,DODGE,DURANGO,2004,33,3875d15780474e968b48e8a49a5a93dd446df62095236a88a69973eb5a83e290,2026-02-13
NAMPA,1022,DODGE,DURANGO,1998,33,8434e8d57daeea2ef9ea5b386b0567fe5272ff682e04ed2f31ae18f901115b07,2026-02-18
NAMPA,1022,DODGE,DURANGO,1999,33,7dcc288fa8573e25ec2f467dd78fb23eeb47c7aab377f0e2c7e53d37ea822cc3,2026-02-19
NAMPA,1022,DODGE,DURANGO,2005,33,7ca090a020bdc783101ed5311fc3af5ad49c6badd5262871097b309fe5284a74,2026-02-07
NAMPA,1022,DODGE,DURANGO,2001,28,a199036ca44e4b036662f1c8e330a406577695cfb3038614bee4c7326c977950,2026-07-03
NAMPA,1022,DODGE,DURANGO,2004,28,4a6d4b3f829c6b31049652f670d35017166bcebb75234db8a03e50e0eab546df,2026-07-03
NAMPA,1022,DODGE,DURANGO,1998,32,765405a0309938356f46f2ba12f16f35632e413e343726325f2335e6fee640e2,2026-06-12
NAMPA,1022,DODGE,DURANGO,2008,32,5223385b72cb4a59d3b6d25aad051e086b5c4a00326f97f8b96da514f652ebc0,2026-06-11
NAMPA,1022,DODGE,DURANGO,2003,32,945e64d03211fbe7af486b2de0a8758a8b418f7e53aeffe21140e4f1ecdb9902,2026-06-13
NAMPA,1022,DODGE,DURANGO,2003,28,230f2f7616d72d51100bdf4476f1d75dd91878246c97280649770c0c746d5a0f,2026-07-02
NAMPA,1022,DODGE,DURANGO,2000,28,2fc6c54e4023e204956158e5bfdb2107efffbf82415451a1a6667306da137a6f,2026-07-09
NAMPA,1022,DODGE,DURANGO,2007,28,5e343b20dd7787ad8723523054a424a8809f0af31eed992b545736bd29a7b462,2026-07-15
NAMPA,1022,DODGE,DURANGO,1999,29,98aa2bcbeae9c19a740686258814d7cb6a8e1c262a00f448c9821451f8ed6e41,2026-07-25
NAMPA,1022,DODGE,DURANGO,2000,29,d5e0f532be07d6fd1107df70347611863cd7c95333ae2a02138724aa4891da22,2026-07-28
NAMPA,1022,DODGE,DURANGO,2002,30,44370e58c446fc53fbba87daea0793025bd5997a724839f2cbc038e2f073cd7e,2026-08-08
NAMPA,1022,DODGE,DURANGO,1999,30,322fecff2c5c4670f1c51e65557978f9c6f461203b6b15565932050ef526a278,2026-08-15
NAMPA,1022,DODGE,DURANGO,2000,30,62fc485e56d6320086959f7e9cb39ce0865dffe2fcd308d08ee157bbc324829e,2026-08-20
NAMPA,1022,DODGE,DURANGO,2000,31,6242c7ba2a365992868756d8e23cf6bc3ffd03a89c1081979e0f54e2c9fb66a7,2026-09-08
NAMPA,1022,DODGE,GRAND CARAVAN,2006,63,168f663fb38f4a45f61ac7afd51ef6c1326960547083f51817c99de80276390e,2026-07-03
NAMPA,1022,DODGE,GRAND CARAVAN,2003,62,f0a63c932b6a98551d26ef01e18f2e484526015d6d4addd230c31f97ccc41843,2026-06-19
NAMPA,1022,DODGE,GRAND CARAVAN,2008,62,5f4fad501927b269ff23b5a0731d88a4984a702bc87186dec7e9e12e535d96a3,2026-06-19
NAMPA,1022,DODGE,GRAND CARAVAN,1993,62,7e814d8888dcca496910ecfdf5eae84169244f81a1b85745c5bdbdda31405b4d,2026-06-19
NAMPA,1022,DODGE,GRAND CARAVAN,2004,63,780aebb54cd2013f6e540517608c81b8eb652d73920b22821d4e579bef033418,2026-07-04
NAMPA,1022,DODGE,GRAND CARAVAN,2005,60,cfd1eea2863294243ec9c38b8f6c7736addba45d94e26308ed2a4c52efaed62c,2026-08-28
NAMPA,1022,DODGE,GRAND CARAVAN,2008,62,5f4fad501927b269ff23b5a0731d88a4984a702bc87186dec7e9e12e535d96a3,2026-06-19
NAMPA,1022,DODGE,GRAND CARAVAN,2004,63,780aebb54cd2013f6e540517608c81b8eb652d73920b22821d4e579bef033418,2026-07-04
NAMPA,1022,DODGE,GRAND CARAVAN,2009,63,531f4b1be7de5c6d94c4abd3cf8708ffde4894024b0109874b3a9e32d40cf269,2026-07-09
NAMPA,1022,DODGE,GRAND CARAVAN,2013,63,70e1bd54f3d9d0a89e535240cf791eced517d3d7cb52f0066a5aa29a938365b1,2026-07-15
NAMPA,1022,DODGE,GRAND CARAVAN,2006,58,21ad3e4188f80b88b54d48d8c0eba21e0b15a72a11ab5cf8790459eb4e54cb8e,2026-07-21
NAMPA,1022,DODGE,GRAND CARAVAN,2011,58,5b130dfb5b746540721ff56058140d86c3a0da5e4b13788b7aeca4ee05786cd3,2026-07-23
NAMPA,1022,DODGE,GRAND CARAVAN,2007,58,498872cdd11b549627b1eef6251d757191679d6e8281a57c9d9f4e19acba0883,2026-07-24
NAMPA,1022,DODGE,GRAND CARAVAN,2006,58,21ad3e4188f80b88b54d48d8c0eba21e0b15a72a11ab5cf8790459eb4e54cb8e,2026-07-21
NAMPA,1022,DODGE,GRAND CARAVAN,2004,59,09c0a25e892eb7ed07ca3f767bd8b60565f09d19d599ff96eb33410d47e2c5d2,2026-08-21
NAMPA,1022,DODGE,GRAND CARAVAN,2007,59,e73d5f6b20adb8eb8433b33be937d8fc3103afe65e512f4cd67f76278744bb82,2026-08-11
NAMPA,1022,DODGE,GRAND CARAVAN,2015,60,4ed97d979ba8990627444f337522e49e0b6849b1f2ae65a7373753af344584e4,2026-08-28
NAMPA,1022,DODGE,GRAND CARAVAN,2003,60,b58e61d41a47cde0f24f03bf311fea65fdbbafd4d645be60261a1ec9f28adf4e,2026-09-05
NAMPA,1022,DODGE,INTREPID,2000,63,66ca3b90891e552ac77f223cbb3c4f3909d8d8653b8b5bcea5c3c7dc1c19a6a6,2026-07-03
NAMPA,1022,DODGE,INTREPID,1996,58,7c4507f8adddc11aa9a5fb2b3ac7f96f0a9bf1b25e090caff397c2ce9ed746c5,2026-07-22
NAMPA,1022,DODGE,JOURNEY,2017,62,22748b2e7401ce727736d888542dab6c24b28ae65cde4aa9e6cf08f8a924b7bb,2026-06-12
NAMPA,1022,DODGE,JOURNEY,2009,62,90a2efea6fffc3915df7d27e35d433fa17c963980d84ac7030341aef1dc6a123,2026-06-19
NAMPA,1022,DODGE,JOURNEY,2012,58,28f2199e985e24d441b635ab98bd3c6cddb1b7ff721f0e77eb4a06c8868d9b57,2026-07-21
NAMPA,1022,DODGE,JOURNEY,2010,58,91d585a08290ce2fe8e2d56f17ac4013995c2d25a154db85dd0031d058aee088,2026-07-30
NAMPA,1022,DODGE,JOURNEY,2012,58,28f2199e985e24d441b635ab98bd3c6cddb1b7ff721f0e77eb4a06c8868d9b57,2026-07-21
NAMPA,1022,DODGE,JOURNEY,2010,59,fb60534049a0b91e8277714747fae004888cc54897a7ebc8b7d35720e59ba483,2026-08-19
NAMPA,1022,DODGE,MAGNUM,2007,58,3145c92e655ab1f3392fc310f7d8484ccd85c5865f70701f942e0cce7850a943,2026-07-21
NAMPA,1022,DODGE,MAGNUM,2006,58,7c8a87d326fd18aab44ab7d62402f5e28cec165e443a0baba38afbfbfe64aec4,2026-07-23
NAMPA,1022,DODGE,MAGNUM,2007,59,4ad888f969575b8070b2a8ed462e9fd37b5b42f56750f32b55aeda132f1a8778,2026-08-19
NAMPA,1022,DODGE,NEON,2004,62,2aeb98e1366ee654404e986f267a57060a262859a207271fd67802a4418643f5,2026-06-19
NAMPA,1022,DODGE,NEON,2004,62,2aeb98e1366ee654404e986f267a57060a262859a207271fd67802a4418643f5,2026-06-19
NAMPA,1022,DODGE,NEON,2005,59,12661e394c5ca4ff4cda0a1461604dbd1f10cd24e320fce943aa4067e2872705,2026-08-06
NAMPA,1022,DODGE,NEON,2003,58,a1c3ee599c29ee9f659a04298e98c6abe02738345d5b1c6d5fc368aa9086b723,2026-07-21
NAMPA,1022,DODGE,NEON,1998,59,067853bf49610ba43563199b77a3125c0d10c6cba92376ae2f3cfeb9d39999bf,2026-08-19
NAMPA,1022,DODGE,NEON,2001,60,26a0912e6800fa31b73614a8a2336872b5c43f4045b74e92d42014a9cacee9a7,2026-09-02
NAMPA,1022,DODGE,NEON,2003,60,ec69a36f465c7ee82c7b57c893ee04cbe983eb680dffd4f376c5c8c33589e190,2026-08-28
NAMPA,1022,DODGE,NITRO,2007,33,bb3d3ef339bbcd9ec442d445678a2a1500b85d5983e9548ffd32bfbef9fda150,2026-02-27
NAMPA,1022,DODGE,NITRO,2008,29,5ab4c1b5d85ba3a759d506ea7ba715ff2a90119699c2e12eba8684942f2012bc,2026-07-21
NAMPA,1022,DODGE,NITRO,2007,29,116fb4c09960662c373328f7832610e145436f1c3341ed663702ba9e4ca1cecf,2026-07-31
NAMPA,1022,DODGE,NITRO,2008,30,ee172f51921e539759a8bcd62c6ac386ad0547df93509d5c587bd82a6546382d,2026-08-27
NAMPA,1022,DODGE,NITRO,2007,31,08bfc2d3d2f47e8e9bf8ada48a552a0c1a7de1aaaf7fc8053d459aaf5e847673,2026-09-08
NAMPA,1022,DODGE,RAM 1500,1997,33,673adc8af1091e9babf61b47f9241bfc1c16e3c9e8165c295f603f9cc242abf8,2026-02-07
NAMPA,1022,DODGE,RAM 1500,2006,33,10e8a1471f0e58349801e2c0d764dc2b8ee4e4bb9bd247ee87d5c3f2ae3789c0,2026-02-20
NAMPA,1022,DODGE,RAM 1500,2003,33,fa29d980c7ef9bcb9a185aae7238bb105114afe54ffc2b1e1a166255a4583c7a,2026-02-11
NAMPA,1022,DODGE,RAM 1500,2005,33,6a80c68970fac12924973b07ec0fcc9b2b331e64109e20f68a0ddaa44c1695ab,2026-02-11
NAMPA,1022,DODGE,RAM 1500,2006,28,3cf83caefcef6f614280265a9b89424a7b9a6bbd026e728028ee3dc8365b7c8f,2026-07-10
NAMPA,1022,DODGE,RAM 1500,1994,32,73209785f2a79bc336763e335446d6fa0fd5e93458c751e5460f64039287ac60,2026-06-19
NAMPA,1022,DODGE,RAM 1500,2008,28,a5d77f6ff9a3aaee1229bda9a5c186bc79e4f7bd221ac029edf22a1fc1cf3197,2026-07-02
NAMPA,1022,DODGE,RAM 1500,2009,29,1d8ca8fae6ab230d2f5ba34aff8e34a67136b69fbda96ab820d811922fc2e023,2026-08-01
NAMPA,1022,DODGE,RAM 1500,2001,29,890acdb193deff4ac7b51850b523e7f9d843a87be71778da69d6d85f2eb1375f,2026-08-04
NAMPA,1022,DODGE,RAM 1500,1998,30,e4f63f54d4c6f79fd418602e85050c7af1da6ea408e5b8ddd6f866600234401e,2026-08-18
NAMPA,1022,DODGE,RAM 1500,2001,29,890acdb193deff4ac7b51850b523e7f9d843a87be71778da69d6d85f2eb1375f,2026-08-04
NAMPA,1022,DODGE,RAM 1500,2002,31,55620f9fd580f384605af7bfc21692d056a9679fb59426d376b580a07596df93,2026-09-08
NAMPA,1022,DODGE,RAM 2500,1998,28,15ed4c7e5bb496dfbdaee2db07aceea59361233bde8a66738f6d84810859bcd5,2026-06-27
NAMPA,1022,DODGE,RAM 2500,1994,29,942446f5e4fab7118fc134c1d28f5e4982f750c31e6393df31faee19f06003d2,2026-07-21
NAMPA,1022,DODGE,RAM 2500,2000,29,5298c259dfeb81c9b31b291dcd06ffba0271e312d78bb6991982354ad1127efc,2026-07-29
NAMPA,1022,DODGE,RAM 3500,2004,32,c1a1de1217441fd532bc66114b2b36d70e228e2d671752d3da956ab824f31d40,2026-06-02
NAMPA,1022,DODGE,RAM PICKUP,1997,30,fd9bf5353bb94fc8a9a8b197271602439d21c55c40e3cad0cb213e8d4297d0bc,2026-08-12
NAMPA,1022,DODGE,RAM PICKUP,1998,31,fe181cf1259b44b9495fdcc0007aab0fbf35bd84d809038be8374de628d63e38,2026-09-08
NAMPA,1022,DODGE,RAM VAN,1986,31,62770020454a896a0f84b339df57522a5ae4e2c63a3a7a372b568611ac8e2982,2026-09-08
NAMPA,1022,DODGE,SHADOW,1994,58,af6cd359495cd5694bca7f4a324df868bde7c0ef1b533a53355d1aa75a5944a2,2026-07-29
NAMPA,1022,DODGE,SPRINTER 2500,2005,102,4417a66c70eec0ec84b56af9ca226371e017d333447024b2eb9c8c215c52f92e,2026-09-02
NAMPA,1022,DODGE,STRATUS,2005,60,80ab41e7317ee1d9f42a4944b15f5414fe42afbc28a34b31f360c8d84a7998f1,2026-08-29
NAMPA,1022,DODGE,STRATUS,2005,60,80ab41e7317ee1d9f42a4944b15f5414fe42afbc28a34b31f360c8d84a7998f1,2026-08-29
NAMPA,1022,DODGE,STRATUS,2000,59,13e6d8d8cead95bbae5fee6d062de05e77457b1112692dc1f1cb01d4f18d6126,2026-08-14
NAMPA,1022,DODGE,STRATUS,1997,60,da32879319694256794740a12fa59e032884d0483873697defc93cbe88ed9ce2,2026-09-08
NAMPA,1022,FIAT,500,2012,92,c2b1d5af608bd4cf2b76b34a535749f369c9e85eb3bff4e7ef2a8af657a70cba,2026-07-04
NAMPA,1022,FIAT,SPYDER,1969,102,5eadd8e62e50243edacd7a3389bac3106cfc451cc4c6fe74a4fc386bef797c92,
NAMPA,1022,FIAT,SPYDER,1981,102,0fb9a0365802254168c093f0ffc84c4e1b518124b188fd0ab80de6b228935db1,2025-06-12
NAMPA,1022,FIAT,SPYDER,1977,102,5337ba523b9cdde1c9e40eb796402c05628cc2e0ff81f924201f28995eaef33d,2025-06-21
NAMPA,1022,FIAT,SPYDER,1978,102,b2645f20685fa57013b08c86e6f278bb6d247e932db6075fa3f1fc2610fccdcb,2025-07-22
NAMPA,1022,FORD,AEROSTAR,1990,7,d5d1972c651da1d318259364055cc32ba6d56f9071a7e4d0f602906ae6c0c7d1,2026-05-19
NAMPA,1022,FORD,AEROSTAR,1989,4,e0be68e484c394d9843fa95d5f04218f6ef23fc28d10cda2239e16b85ee25c69,2026-09-05
NAMPA,1022,FORD,ASPIRE,1997,52,f0f2b26a85e9e1f1879ff0ee0e052222d50c561a1a43b885864b47b08c110285,2026-04-02
NAMPA,1022,FORD,ASPIRE,1997,46,2d0b3bce6f53b51c0ccb0fe8dda193729a65765a99533cdcea361e7676546e04,2026-08-18
NAMPA,1022,FORD,ASPIRE,1996,47,66a73cfad35ae110d829fe4ca8835a607f5170d8622657c3832fb63304f7fb78,2026-08-28
NAMPA,1022,FORD,CLUB WAGON,1987,7,885961a7be13f53e3353072ed53563f4db9ff7da0b6a14de24e42d74e5805f5d,2026-05-21
NAMPA,1022,FORD,CLUB WAGON,1995,1,a7f24571676419da5edc3d01755b4f874d670659c295c1e5d443e1875125bfc6,2026-08-25
NAMPA,1022,FORD,CONTOUR,1998,56,8b23cf7969ecd7b2af1b3078dabe9098c423ce356c80f7df3e53bd0c0b3b7353,2026-06-17
NAMPA,1022,FORD,CONTOUR,1999,46,d272fe0440084f22111f4e6b213dc10ed2d6deb48abc00d50a91b6611ab57a08,2026-08-08
NAMPA,1022,FORD,CROWN VICTORIA,1993,49,bcc2890d7c4a78368fdd58efed2bba033eb36ede7ef07156ca452eafd1b4b181,2026-01-17
NAMPA,1022,FORD,CROWN VICTORIA,2007,50,5008dc7cf6b8beb4ca3fc21d8dc5e0e4e752ba7c47abf077b1ff4fd559ed59c9,2026-02-13
NAMPA,1022,FORD,CROWN VICTORIA,2008,50,2103634db2d365e2b165aead8bc8c1cdc66b53182326db87323b642ae44dfbe4,2026-02-07
NAMPA,1022,FORD,CROWN VICTORIA,2007,52,52c8b3095dac50e96bdad5978259f0db615ce29e97340d36155bd8dd232ce4b2,2026-03-19
NAMPA,1022,FORD,CROWN VICTORIA,2008,57,5dfd7546d2feb67eaf10dc719e5f9b1e94c7ad121ab662ea37ac148e361ec29f,2026-08-01
NAMPA,1022,FORD,CROWN VICTORIA,1994,47,9800bc5ca111c7c2e760cc5273d02fa8dbb5155c6f036d796a789e753890db50,2026-08-27
NAMPA,1022,FORD,ECONOLINE,2011,102,d71c227dd024415ff83c9d78f2c0f22d4b2a05d805bc2f620b3e21111bdfaf29,2026-07-23
NAMPA,1022,FORD,ECONOLINE,1988,102,339adf287e8f2ba211f346539b8bec7dff82568e312c076a3674a9a6afef74c1,2025-11-26
NAMPA,1022,FORD,ECONOLINE,2002,7,ccf804c720806cd4e938e38e284d73c7b0c7dc12a13af9f19438e8d68b9a6983,2026-05-16
NAMPA,1022,FORD,ECONOLINE,2001,8,3b3db78c4011277d009fc641c419e4bb721cf484bd8a86e81cad6a978c104dbb,2026-05-26
NAMPA,1022,FORD,ECONOLINE,1990,8,3459519fc16088d6d2e63fb27b13d6f19f2460e493d40de7b5948fe08148a17e,2026-05-28
NAMPA,1022,FORD,ECONOLINE,2006,12,7702aa66c2649c26fbe3f1d09ba95fadb1ad25e9a78df95152b0d3b2d3e0797d,2026-06-16
NAMPA,1022,FORD,ECONOLINE,1991,11,98315a9bf30970ed4fa0f011358cf8b75838c3c50b9185a8ee7868580e4aceea,2026-06-13
NAMPA,1022,FORD,ECONOLINE,1989,13,ce8fc5a933bb58352c1a280e8dfa543e0d6e139828e220af15bc75f905bc05c9,2026-07-03
NAMPA,1022,FORD,ECONOLINE,2005,16,baf05d81c919174a23923e2cdd72cfcb274d13ebfe98021b68caf6b52f8ba795,2026-08-05
NAMPA,1022,FORD,ECONOLINE,1998,14,e251e66017ac65ef75aa7927bfe88d0fba50be305f7b3a522e84bbdae9874c34,2026-07-16
NAMPA,1022,FORD,ECONOLINE,2012,14,fc960f89ea417a674b30a7648cbb4d7357a1a561e57b1e2ad09ea06d7a9b0094,2026-07-22
NAMPA,1022,FORD,ECONOLINE,2001,14,6410a265cf07620650ead6dbd3f6e96ef74cf1e8cb2a162b4b403abcced8a259,2026-07-28
NAMPA,1022,FORD,ECONOLINE,1999,102,1f7540b994ae70f38d5eb15126ebb7b9836a2afbebb320a805185d1480c5d4bd,2026-09-02
NAMPA,1022,FORD,ECONOLINE,2007,5,491d08b88b6367ba4c658e47acd5f0c910f2a3db6fea6f2796095a4fdec9de7f,2026-09-08
NAMPA,1022,FORD,EDGE,2013,9,92d8b4a2589a9b199f294f07ea54c5a5853ecd5eacbd65d6bdc35023a07baa92,2026-05-28
NAMPA,1022,FORD,EDGE,2007,11,8f8998225c1f9ffdf08575a3be319d73031ad5c88c8b05c7632681f5dd7db59c,2026-06-11
NAMPA,1022,FORD,EDGE,2011,12,9f63f139243c0775b02b106c0898565a2f0905fbcf9bac8a07987c7e05ad3fd9,2026-06-19
NAMPA,1022,FORD,EDGE,2013,3,edcfb73e97f123d5583756c1fc97c8c9dc018f819378f4a3787b25932b20b7f2,2026-08-29
NAMPA,1022,FORD,EDGE,2010,13,a7c3da6094612a173af9f36a51e2b5578533fd10fa44850ebad34f3efd5b4f4c,2026-07-08
NAMPA,1022,FORD,EDGE,2013,14,4b05eaf0578d93629bcd92c6f58c409d86bc0c8f867a4fbe3635c5f7c382c4f0,2026-07-22
NAMPA,1022,FORD,EDGE,2008,14,15277ad8a4ff9e78d483512cf04e9617389320cf1cd526276985d2876b231ef9,2026-07-23
NAMPA,1022,FORD,EDGE,2010,14,82bbedbaa554bbda9f728302718e03eec0def3d6e27808b9fa827ead1a439251,2026-07-28
NAMPA,1022,FORD,EDGE,2007,16,0cb490a637284bb275c618ef75ac9b8ff762d93fb5c4c45c00577b817fcf0156,2026-08-07
NAMPA,1022,FORD,EDGE,2014,17,c0cece05b4784b8b4947c92cf342e1e2219c9cb474e55c8c5a3b488cfd7c9462,2026-08-22
NAMPA,1022,FORD,ESCAPE,2003,6,dea7131488355f36651eb9d163c2d84ee1bbd98185d952c5eef99fd07b36b872,2026-05-15
NAMPA,1022,FORD,ESCAPE,2011,7,593256e8dcb185b150ae23891896566c2e16ebbafa3f87b96152cb4a4e07676b,2026-05-21
NAMPA,1022,FORD,ESCAPE,2003,8,fc1044b3af802869cbdbb217182e4f5289500f405681c2f306e1fbdc2b348260,2026-05-23
NAMPA,1022,FORD,ESCAPE,2006,9,a72c233bb0f8d88ae45387c2c8108cd4a53e8fc7162df5612f0511facc84830a,2026-05-28
NAMPA,1022,FORD,ESCAPE,2008,11,60db4a9010ada87f3d3550f690bc1483902c84efdb4c775f19d7777580eca421,2026-06-12
NAMPA,1022,FORD,ESCAPE,2003,10,a5a473a6938b724eaef427e110c8e5f7e937b9ad48ec3a72ef767fab57f04739,2026-06-09
NAMPA,1022,FORD,ESCAPE,2005,11,d613410d282b74ce71c6efa6311c5e20ca244462403a4c6ff875cf56d9166196,2026-06-11
NAMPA,1022,FORD,ESCAPE,2007,10,0443c71f12f312c8bebb2e09d2202a94a224ce88e96bedc4f0c6aa193a8cfe24,2026-06-09
NAMPA,1022,FORD,ESCAPE,2013,12,621412812ba5ffee2df18c823984486eabac97fdb1f3285fb47f713596f3cbae,2026-06-19
NAMPA,1022,FORD,ESCAPE,2003,12,3432d2bf1bef958a49bd4ab8100a781731af4508cba33a2f5cddbc4a5e5cb0d2,2026-06-20
NAMPA,1022,FORD,ESCAPE,2008,13,f0c13525d27c5e936175a858770c8a39697d051b1a71f5b68567c5355ee46ec0,2026-07-02
NAMPA,1022,FORD,ESCAPE,2009,14,5453336daa1577e6fa5a829619cb6067bcf889e90e4f762fd5d07af899219b82,2026-07-30
NAMPA,1022,FORD,ESCAPE,2008,14,ac4c21e6c59902946856a03f017b5c14a5f5fe6a8c15841de58a8d3a89d113d1,2026-07-15
NAMPA,1022,FORD,ESCAPE,2014,14,e48a79f852944b16e835a92fd5e2e33a26d3781ca7a382b328838fd36a3af620,2026-07-17
NAMPA,1022,FORD,ESCAPE,2013,14,f3779990ed030d5142d5fc2931e89acb6b275d0e1cd70bef4e92e66f0e97a770,2026-07-22
NAMPA,1022,FORD,ESCAPE,2004,15,68007182b261aa234d4968f66ca60e918be28d2a9a5927e20c17867e9dbf1b75,2026-07-30
NAMPA,1022,FORD,ESCAPE,2008,16,30b10d3ce5faa9ed7e9b3741e4192c14694f2b261585cb83f45e10fa11ffcca2,2026-08-05
NAMPA,1022,FORD,ESCAPE,2002,16,cb35ed0dc0515b89b257625d89838c4047f556a24043b3dbb17c65ab2a5d9e4e,2026-08-07
NAMPA,1022,FORD,ESCAPE,2008,16,30b10d3ce5faa9ed7e9b3741e4192c14694f2b261585cb83f45e10fa11ffcca2,2026-08-05
NAMPA,1022,FORD,ESCAPE,2014,17,40183a6244e9fd635bce795a2303907a1f1c6203717c1d3be00e99835bc059e7,2026-08-19
NAMPA,1022,FORD,ESCORT,1998,49,ba9d087058dcf55b561eebf00f126479406b4730e65a5c586b7bcd2e3667cb2f,2026-01-28
NAMPA,1022,FORD,ESCORT,2002,50,47a5272d36a791fc3f70e1f3a368bb7820a7cc9dbdebca798ae5d077ff7dfffe,2026-02-01
NAMPA,1022,FORD,ESCORT,1994,49,d93e8fb8a69f25211f89df272df2884c3de3118731c55a5ddf6decedec4d3b92,2026-01-29
NAMPA,1022,FORD,ESCORT,1995,49,c85c8f25b000d3ac73724afb26c65160e0c790b0e1f27ac37949f3d616ecbc09,2026-01-30
NAMPA,1022,FORD,ESCORT,1997,50,dcdfb861679c05881cd4a1350851501b4a52034def0e3fb07fd877611162679e,2026-02-07
NAMPA,1022,FORD,ESCORT,2000,51,58e645a556863901c19292437853d4e5483249d76b6162a872763d6aa45ec8a3,2026-03-11
NAMPA,1022,FORD,ESCORT,1993,52,c6d6a759bc28af181a0a27886dd8d6cafcc834ae9ae756651029c4e833f8a354,2026-05-13
NAMPA,1022,FORD,ESCORT,1989,54,318ed99bf1c202ab550194e81b340120b4eee1f975b2e24a99be60b9fa31542a,2026-05-14
NAMPA,1022,FORD,ESCORT,1998,54,2ced2881217a9cffa7df566b7fc26da87a5f38691d6b2cad86cefb663fb9e24a,2026-05-14
NAMPA,1022,FORD,ESCORT,1993,56,414aff59b1bb27b55ea07454753a2e08a5264daf601e1394e19f7529a07c3295,2026-06-20
NAMPA,1022,FORD,ESCORT,1998,55,423016eb2f1c5cb765d866db73b08cfc3631650593cf40f98663d1e40c5e5cf6,2026-06-13
NAMPA,1022,FORD,ESCORT,1998,57,203cfe7e587a4ca63cdffc0b679eb35f93fe10b206cd365eedd1c7764325c15a,2026-07-22
NAMPA,1022,FORD,EXPEDITION,2003,8,89e3d873529ab747e628de679cf6d5d8bbdb9b56a0dd4be97e50fa3c6ce889f9,2026-05-26
NAMPA,1022,FORD,EXPEDITION,2001,7,283ee770d5538dc576caec215abe9bf104a323c932a674ffdeb7c2acabb5d094,2026-05-22
NAMPA,1022,FORD,EXPEDITION,2002,7,9bed1a6182fc5f26cd6beed8f916455625e57ea424cadd30c2c6c1ec50362c7b,2026-05-21
NAMPA,1022,FORD,EXPEDITION,1998,11,259444f355048cccb02fb1b1b18d4dff4af3157c86e5fca2716985c77176f1d3,2026-06-12
NAMPA,1022,FORD,EXPEDITION,2002,10,35bb9b73b59b8171941e8e0ad4a15b76bd3e349b32319c0f4fcbc04d4ec921f0,2026-06-09
NAMPA,1022,FORD,EXPEDITION,2003,11,b86477fe97535bd41183faef450ea7d334e97f5b57c98857619ba115d1a9f6a0,2026-06-12
NAMPA,1022,FORD,EXPEDITION,2001,12,0f2c92513c08a931450e6c8c8ef8ade92fa54982648a9405f007af515de1a3a0,2026-06-19
NAMPA,1022,FORD,EXPEDITION,2003,12,6aca4ab854643b86aece208cf3e6e4bc5d1f801184f4d797978864c1eb560016,2026-06-26
NAMPA,1022,FORD,EXPEDITION,2007,13,1286ec195dcff43b7b49a37e61123ac0a54f81f556f720f2a1bc386957490e09,2026-07-02
NAMPA,1022,FORD,EXPEDITION,2004,12,6e6042b0ea4e0d428b35a1a684c3342745f2a6e2d1adb1e87d334d45e2348a0b,2026-07-17
NAMPA,1022,FORD,EXPEDITION,2006,13,1662fdb44b96666b805c9931a5ebe8ec67f6342df7045799d42f500c00713d2c,2026-07-03
NAMPA,1022,FORD,EXPEDITION,1997,13,d1a78557427cb1d1f68c428da326231c3035325af7c561885ad9cd40a0fd7275,2026-07-08
NAMPA,1022,FORD,EXPEDITION,2004,16,d5f0232019f4a85a4acc6300c13a817d8f6b3b5062bdac544ba6854020187737,2026-08-05
NAMPA,1022,FORD,EXPEDITION,2002,17,847a3e41332e88b0dbaf18afbcc484e42d6ac2a6c707693abf6582b63f552969,2026-08-15
NAMPA,1022,FORD,EXPEDITION,2009,1,941435eac2335661abc538cca549c21a27353fc7203aec364e17d9be96dbafa0,2026-08-25
NAMPA,1022,FORD,EXPEDITION,2003,1,4ce922782688d0708f73d706079394deb43bda150fbe83c7e72d67fb6582f1b5,2026-08-25
NAMPA,1022,FORD,EXPEDITION,2006,5,16f0b6e5a5411f2cf4589ba376bf4baaa452462998e6c9e2ddf26ab3a35e295d,2026-09-08
NAMPA,1022,FORD,EXPEDITION EL,2007,7,163dcf316bf37a0fb77bb61d2726b74e6c221527a3675bbfcd3f7efafd7a159c,2026-05-16
NAMPA,1022,FORD,EXPLORER,1997,9,7935e322ae4a10148f213825a025e6b833f0ca79fee68bbe2451704231ecf131,2026-05-30
NAMPA,1022,FORD,EXPLORER,2009,6,5ea1b854145cad2238e327f365a3a28f7041bf677179084a94ffc65d20477fba,2026-05-14
NAMPA,1022,FORD,EXPLORER,1997,8,681e94a0d304dce3e37ac7485ea91f24f33994f2ce0832a358001d1335e0b479,2026-05-23
NAMPA,1022,FORD,EXPLORER,2005,9,947baa5b2703657519c7345d14e6ba638c6f6625723c078ef0a50debed2a0619,2026-05-30
NAMPA,1022,FORD,EXPLORER,1994,9,a2223354cdf588fd00528381362b62d833cbaef2ac37aeded9dabb93168a818c,2026-06-04
NAMPA,1022,FORD,EXPLORER,2008,10,3b590d2b66db12fbdd9e7ea48667eff72de20d62aa84f6c208458866300deff9,2026-06-09
NAMPA,1022,FORD,EXPLORER,1997,10,054fe6a1fb8c3774945e64335b7a2a69827889b296121afe7ba007439a94cec7,2026-06-09
NAMPA,1022,FORD,EXPLORER,2014,11,570a85eae90c45e8cba2d7fa6e305bc51340e3f4f93af91183493440ef1f2311,2026-06-11
NAMPA,1022,FORD,EXPLORER,1995,11,f958b3e18c6bf5ead7dc3f13c288eb4d176ad9ec6e0b7de513cf0dabc58d3c2c,2026-06-13
NAMPA,1022,FORD,EXPLORER,2013,12,55b05a90d29d3f633b8528a4164301f2119f54ff7d49608d79364f0028949df1,2026-06-24
NAMPA,1022,FORD,EXPLORER,2003,12,a767cfe756f893fa558b141f6f9aa22bb00adf5f5e6b286ef492249590044a13,2026-06-26
NAMPA,1022,FORD,EXPLORER,1997,12,3f898d52e042a3032770162878b63c87e000767f671c5db4e7bd87b157235552,2026-06-26
NAMPA,1022,FORD,EXPLORER,2000,13,6e816d62a03bc3b69e94b82b974393632bcfb33d61d6aaf630c921f8144d1b9b,2026-07-04
NAMPA,1022,FORD,EXPLORER,2002,14,ee77863a77b2de50e7a237ae6de12c4e4667301c2ae605edd2cc5d52006141b1,2026-07-11
NAMPA,1022,FORD,EXPLORER,2008,14,a3e86d7fdbaa474dd1f118987beb67ac76455aea883c761498d068f3c2b0b4c3,2026-07-18
NAMPA,1022,FORD,EXPLORER,2000,14,428a933d47e39ef61011004f590417eff6de73da174e9e9d2892546051d668f6,2026-07-22
NAMPA,1022,FORD,EXPLORER,1998,15,c9742d4d34164d9abb04ac6673b4ec85bd14c534e1c63642a29e7c029c22d8f4,2026-07-29
NAMPA,1022,FORD,EXPLORER,2003,15,c2bb6a5bcd562f5620c6c72687d97bd193fbe11cb1e74b61b19a261f3674020a,2026-07-31
NAMPA,1022,FORD,EXPLORER,2007,15,c98dbfb6dacb9e3f297e0ef843980693ae934227d92b4fa8df7bd5fb7ecbb249,2026-07-29
NAMPA,1022,FORD,EXPLORER,2004,16,b5339d70abf5df735b267ac662daf04015b8dcc72ed2beb7b475313a892f521f,2026-08-01
NAMPA,1022,FORD,EXPLORER,2000,17,3481b81f24f6142e53cbb33f2ee39447754366eb22fc4e39338bdf1d2297d47e,2026-08-13
NAMPA,1022,FORD,EXPLORER,2007,2,5494bdf2aa57a70e82e155ed11964ed2ccd03159527143684c5a9a0a1e94134a,2026-08-27
NAMPA,1022,FORD,EXPLORER,1999,2,6176f57595518237d57eeecf9aa5a88b7f860e121bdfbcc8be4637b0d9cad2c0,2026-08-25
NAMPA,1022,FORD,EXPLORER,2006,2,164916e358a2f7e9f1ca923fbd0d226178d774d82242060929c66866bfb118b7,2026-08-27
NAMPA,1022,FORD,EXPLORER,1994,2,0f8a012c08f303b8196569406adbd5ace008af147bafd8ca19ce095b7bd52e3b,2026-08-27
NAMPA,1022,FORD,EXPLORER,2003,4,bc6a5e903c8dad8327dd15726de748170fc4c869fbb0b817d1daaef70bf3747a,2026-09-01
NAMPA,1022,FORD,EXPLORER,2002,4,d4c916a856ef640c4abd47f96a59c55da4eb3935f128474821cd053ac100f019,2026-05-02
NAMPA,1022,FORD,EXPLORER SPORT TRAC,2002,6,e7da5c62b53ec142fab9dfdbd173094f8365fd51d4cc9ea6ef0e5e778bf3f0b7,2026-05-15
NAMPA,1022,FORD,EXPLORER SPORT TRAC,2001,9,e597b7804cbea9653069117259f37ccb2f967cf96ca0fd4891b55b7cb5b5c3f8,2026-05-28
NAMPA,1022,FORD,EXPLORER SPORT TRAC,2002,8,e2c285e74c11f960ee1cfe1e8bfdd3697fdf723dbe63ba03b39954991619e335,2026-05-28
NAMPA,1022,FORD,F-150,2003,7,4d351d26e778162cd652affd3af4ca7ff0669a12a59f3d41962ae652be8f203d,2026-05-19
NAMPA,1022,FORD,F-150,2001,11,448f07fab1ba1388182025ab34a500c0b84a8f1f5aeb7723bf08640f2bc2ae71,2026-06-11
NAMPA,1022,FORD,F-150,2006,6,c0e5693ea6ffddbca1d1bf13007a1a0282afc8cacc266cf705c893d46a4559c5,2026-05-14
NAMPA,1022,FORD,F-150,1993,6,4b33adbb839074b5839ac03245a7a7c280bcd8ae4f9111db030c35bfed0a2ec3,2026-05-15
NAMPA,1022,FORD,F-150,2012,6,9e594d4e8a6f1611ac3f935f50111b5a4f3c35e6d55b9da61ec9d768ef676c3e,2026-05-14
NAMPA,1022,FORD,F-150,2004,6,f3043e7f17e77212fea8ece81ab5b55f8043165d1764c66b794a4e487b8ceee1,2026-05-14
NAMPA,1022,FORD,F-150,2007,6,a61cb11836617c29a99b31874b32aadc57f81d6fd6f0d245d6273cca20623126,2026-05-14
NAMPA,1022,FORD,F-150,2009,7,7ef430ade2c1a5882522ad5d47b903b25b27f30745024ca642921c5f201f5e4d,2026-05-21
NAMPA,1022,FORD,F-150,1994,9,46e8457cd58bafd104ab5d36af47b71c3f120feb41514ef2022a90641fae48b1,2026-05-30
NAMPA,1022,FORD,F-150,1998,10,d2758dbfbd2e8ab7e2f529d6d63e5b3f89744f05f07a43106931d671af4b2bcd,2026-06-09
NAMPA,1022,FORD,F-150,1995,8,10b5e91b9d83e50407279dd79712e8b4125f98e8ca5b7f387f50bc1510d49aa4,2026-05-28
NAMPA,1022,FORD,F-150,2010,9,78d68286534a1fa9365bdf62553a92e2ba738b1f36880c33d8d3a65c9dd0e88f,2026-06-04
NAMPA,1022,FORD,F-150,2001,12,ec227932afb7d297ff35c7277efeb8342f74a010ea9e6e25eaae9e6fc44a325a,2026-06-19
NAMPA,1022,FORD,F-150,2008,10,c3bcc3c6db63c750ccbbb428e05f5b2e2a5ea565a548905127506b3569ed21b9,2026-06-09
NAMPA,1022,FORD,F-150,2000,10,5fe854c083b1bda08993a71820c0d55b55221a09fa39be14745546e0093b0e01,2026-06-09
NAMPA,1022,FORD,F-150,1999,12,9f136cb656ca5499c089a72af5c1935b4609a643b9e4b1331ba8fc49e7510750,2026-06-16
NAMPA,1022,FORD,F-150,1995,11,ef7e27f2d11d0eb817574f37b51e7ff33aefaaa54fc075a5856398c11ad7f170,2026-06-12
NAMPA,1022,FORD,F-150,2002,12,c178e6d44f4c9823cd19dd6ca4e3c2f7ef297e34e66b78155f78768184c07d25,2026-06-19
NAMPA,1022,FORD,F-150,2005,12,b430847dc71e5fba88208b04d864e2cfc5f5d7609b310b65e3f2d063f0825518,2026-06-24
NAMPA,1022,FORD,F-150,2002,17,7b5ddd31b8a7456f6f6e2b95055916612dd5defcf90c07f02c81bb78922c57fc,2026-08-15
NAMPA,1022,FORD,F-150,2004,13,5382d1bce5ec8f6efa187b4167b8c42999a0a2bc1a9b2d44d1dbeb22f0e6e2ea,2026-07-08
NAMPA,1022,FORD,F-150,2006,16,a0f992c32bbd5f91abd699cc3fa4481922dda81a89b61fb9b100c246378bf684,2026-08-04
NAMPA,1022,FORD,F-150,2004,15,70a90558b41ab86c595dd33515e5ebd45c47815b360fc5cd3b08d1cab825c401,2026-08-01
NAMPA,1022,FORD,F-150,2001,14,fca1de1234f20ad8c466f93008c86df4c8c7c8dced856805cd6787ed5536d563,2026-07-25
NAMPA,1022,FORD,F-150,2005,15,672b994fddb6dd83ea12bb9f5884ceb644697a46289bb0a64d2f930131b64f15,2026-07-29
NAMPA,1022,FORD,F-150,1998,15,701919ccb60b8f89661d9ea334b17ccd350743a2b9879977030f3ae73e93b23b,2026-07-30
NAMPA,1022,FORD,F-150,2008,16,c5a6fc6922eec7bd5a8fd4386c9596a69bc6ad439dc3b69c05d80ac8a4931ffd,2026-08-08
NAMPA,1022,FORD,F-150,2006,16,a0f992c32bbd5f91abd699cc3fa4481922dda81a89b61fb9b100c246378bf684,2026-08-04
NAMPA,1022,FORD,F-150,2006,16,a0f992c32bbd5f91abd699cc3fa4481922dda81a89b61fb9b100c246378bf684,2026-08-04
NAMPA,1022,FORD,F-150,2006,16,a0f992c32bbd5f91abd699cc3fa4481922dda81a89b61fb9b100c246378bf684,2026-08-04
NAMPA,1022,FORD,F-150,1993,17,8d2d9b72b1e3e065a1312cbfc2d605d5a0313e108ec3c07039f22d80f47cb28a,2026-08-15
NAMPA,1022,FORD,F-150,2008,46,13251dae4689a08f9f1f82f9207df05b5cd3da4a34adb002f25b2a67a06d9c98,2026-08-27
NAMPA,1022,FORD,F-150,2000,5,4eae793c0065860851579942e03b8998cd69111cb2a5ed33c9d6784ef89bd9f4,2026-09-08
NAMPA,1022,FORD,F-150,2004,3,b0b76bad5d66048b677484f5d9e1d5c20c6a5c3fb8b98de4bb18b199089856e6,2026-08-28
NAMPA,1022,FORD,F-150,1998,3,ddfce15889a2ce0ed8c69048bf39c2657657114f6fa09bd831471c960758ad29,2026-08-28
NAMPA,1022,FORD,F-150,1998,4,45511389da17a5e5ad996515ad8bcf87ee19cdeacdd119cabfdfeb9ddce80909,2026-09-01
NAMPA,1022,FORD,F-150,2002,4,94a3be97d3340f1956b9a0c3a6503dc6ac405e890c1d542b6879c519e6f6649d,2026-09-04
NAMPA,1022,FORD,F-150,1997,5,5a6b7f3f46e9a20a1d62009fb5d705208ff3a50af660ab09c86fa428933a1ee8,2026-09-05
NAMPA,1022,FORD,F-150,2005,5,1b35fb254e06baaa4f3ae00ec706779eb153d316dcf856d8fe87697ae366c915,2026-09-05
NAMPA,1022,FORD,F-250,1978,9,71ce46275f616a338dfa86c3f1474ca7fcef7c5b1c2ad4d95b9d6be900cfe82f,2026-06-04
NAMPA,1022,FORD,F-250,2005,17,729f49d2541ed06fb6dec2bcdcc0fcd56bbae5649756b1ea761352adaacfb227,2026-08-22
NAMPA,1022,FORD,F-250,1991,13,8732fa4201ec8e4ed8d46f658c4406754d32446b2547558fd92031438d862418,2026-06-27
NAMPA,1022,FORD,F-250,1988,13,5828de3ed098d5f53e99cfdb0c3b43cd9ab539c097c985a47447301a167ee950,2026-07-03
NAMPA,1022,FORD,F-250,1999,14,01b37b2c8e0fb9b79e033f7eece67b596702b0db27958e613d87ffa8c26fff0a,2026-07-15
NAMPA,1022,FORD,F-250,1975,15,7ba4ed25fdff188c64d2f407ca1126565f2295d406460100efd5ab9e6d39bd3c,2026-07-30
NAMPA,1022,FORD,F-250,1994,16,761cf7bd55609e3a8c6dfc1b410f81db4fc42353d2f35e89f02567e5a6880063,2026-08-05
NAMPA,1022,FORD,F-250,1992,15,1f1bf25b2144764472b945bb0f1bd1bff95aa92e7d38a3a9d728d5e1cbfa6a9e,2026-07-29
NAMPA,1022,FORD,F-250,1995,17,17c19bdbfcb160e80d9b3949ffd28cb496eabaa4e736a91aec2b80ca384a334e,2026-08-14
NAMPA,1022,FORD,F-250,1996,17,b14e40d19a0fcdf527cf0cb4cf364998d7cef928ba16fa00b93a0fcb36e255fe,2026-08-14
NAMPA,1022,FORD,F-250,1991,17,8aa08695f8a7e7f22b14329027145ac998b24b49997b91a385ddcee89862047c,2026-08-14
NAMPA,1022,FORD,F-350,1999,7,8c9735c56ad37445ac1580cb28b578539a89e548ca85aaab2e203551d8373f23,2026-05-21
NAMPA,1022,FORD,F-350,2005,11,ee6f7fa4287d60ca3f9f563bd628a1a17a4957370eb197ba0c282a5c0aef7ee6,2026-07-17
NAMPA,1022,FORD,F-350,1982,13,037127b8891d6fa65f11f18ca737bfcadb62f43c9773ec384a701ef6edf8c35b,2026-07-04
NAMPA,1022,FORD,F-350,1950,102,f92824278c8d812c834989d7f6f91c59f8d2be04c03a8514f40857dfc2c4c421,2026-07-21
NAMPA,1022,FORD,FESTIVA,1992,54,73e8dd66d23eec2599d13ce126d56859b3f546c53f4619a3dce124e2fe78326b,2026-05-13
NAMPA,1022,FORD,FIESTA,2012,50,5f1a56b21c92e13d05d3c0d9f343591816de280d4db2f5a24ab518c5c5acaf2c,2026-02-06
NAMPA,1022,FORD,FIESTA,2017,54,2b725958317614fe8806d25a24d7f88613fdfe3fe7e7f665d4a3a2c6590f5753,2026-05-21
NAMPA,1022,FORD,FIESTA,2015,55,c86b5d0af5af4552728a8d703f2bfe3d5876818a9bcbd1330de2ba4d22ad9318,2026-05-30
NAMPA,1022,FORD,FIESTA,2011,55,e6a2ed9cbfff74d433a2e84babba443c0a4166280fbdcfb4aa34c02683d1ca14,2026-06-09
NAMPA,1022,FORD,FIESTA,2017,56,5b287fa3b8407ba8c8afa4555c42c8ff3ac302e3d7631fd1f3127e1eec50b6e5,2026-07-03
NAMPA,1022,FORD,FIESTA,2016,47,eec2caaecdc5638f053879451cda93e646134b26de31142f4152cefb5bd1674f,2026-09-03
NAMPA,1022,FORD,FIVE HUNDRED,2005,52,ac1d51441931d70e202c1b1240f93a4d948fa340d84c5f89f1a29382c25cc1c4,2026-03-19
NAMPA,1022,FORD,FIVE HUNDRED,2007,54,e7434cf4aff9f1fc3e069ede820b5cf92bfa69899ec3ae2bb1fbc2421176a90c,2026-05-22
NAMPA,1022,FORD,FIVE HUNDRED,2005,57,0b54a3e29ac20463ee05ca0c241c4975fbb013e2d2081577458043fdc4d985c7,2026-07-15
NAMPA,1022,FORD,FIVE HUNDRED,2006,57,8e5bbb2f03ff68514fd7be11795e808b971fee99615723919071a6a9a350ba07,2026-07-28
NAMPA,1022,FORD,FIVE HUNDRED,2005,46,49f44a6203784ca3fa35f6200f812a7fa94ef8ce26764d85e83d312e2ced4b66,2026-08-27
NAMPA,1022,FORD,FLEX,2010,8,4ecf506a5f7263d9bdb528b51ae2ee16bd932642260abd1183a0ba06c2a24206,2026-05-26
NAMPA,1022,FORD,FLEX,2010,12,9f378e2eeb93d8fd19542674b026acbffc6ff5115d62d99b4868b79a39a0af24,2026-06-19
NAMPA,1022,FORD,FLEX,2010,1,daaba0a4cd5e251aa9dd980d5263f1056364731484ae8b7a7972c7b1d42e3947,2026-08-25
NAMPA,1022,FORD,FOCUS,2016,49,0930cd012734cc146cd137ef5f6b63a62d0c14838d60ba887633971b5ca16e9d,2026-01-29
NAMPA,1022,FORD,FOCUS,2014,50,69ffd4417091a98b947be4bcec1e65b4d26ad1eb95849ac4c2df2a487fe81027,2026-03-17
NAMPA,1022,FORD,FOCUS,2007,50,83cb792d423ceba0b3501ccfaa7f9cb29235e58b906e2cfdd65110d31a98493a,2026-02-06
NAMPA,1022,FORD,FOCUS,2009,49,50109fdcd9345517c545b77f6a16f788eefe19024b8bb3b5c8ef234ef04ba8c3,2026-01-10
NAMPA,1022,FORD,FOCUS,2014,49,d82434b72564e8f35c96b118c5d0cf32cf8eb8e01316d69ac70ab8a832783199,2026-01-17
NAMPA,1022,FORD,FOCUS,2012,49,6990d83c1f7664ad3de10c1ce3ce9795d860f40e404140ca42906ba1889de0ff,2026-01-24
NAMPA,1022,FORD,FOCUS,2000,50,2aba1adaaea8d0a1a8dd94cd2fff013b64acfe38015add6cb5154ebeef3c2c76,2026-02-07
NAMPA,1022,FORD,FOCUS,2005,50,70ae618a4661b318597071553a9ef717dfed544ced7ba109a35c43dc3e959f04,2026-02-07
NAMPA,1022,FORD,FOCUS,2004,50,7b2e005750e9fddd77602da4dd3874690f3a75c8b98c1905dd06b4a34aa5fb89,2026-02-10
NAMPA,1022,FORD,FOCUS,2017,50,957f0c8c6b648df2cadae23a203a599dbb7103d993283ed155c9e1d8bd264967,2026-02-20
NAMPA,1022,FORD,FOCUS,2004,50,7b2e005750e9fddd77602da4dd3874690f3a75c8b98c1905dd06b4a34aa5fb89,2026-02-10
NAMPA,1022,FORD,FOCUS,2007,50,83cb792d423ceba0b3501ccfaa7f9cb29235e58b906e2cfdd65110d31a98493a,2026-02-06
NAMPA,1022,FORD,FOCUS,2013,50,8b295349aa6ca03c3f018efc14f0c533eb2d8f70896eceaa62d711f8d097fa82,2026-02-24
NAMPA,1022,FORD,FOCUS,2014,53,ee4fc4f88a2b7c8d375c05c2ae6e4fa165d3f442b08f24c8dbda81bf89bf41f5,2026-04-16
NAMPA,1022,FORD,FOCUS,2007,51,66b1f8c4db97a922e449ff78f67c14c50d3966070650883f25f56e46353394f7,2026-03-06
NAMPA,1022,FORD,FOCUS,2011,51,7b0a709e3bb6aaa97ca0ca18fa381f788def4e508a506f835168e57a11a6fa6c,2026-03-08
NAMPA,1022,FORD,FOCUS,2015,51,81ebcaea6d3323f28e7a28cfdf8380e000dd066d040c6f2c55b47c78918bf45d,2026-03-14
NAMPA,1022,FORD,FOCUS,2000,51,163c247f1ab5bc09e596248bcd4db74f106d36d152343765c21ca16b9b3abc7c,2026-03-14
NAMPA,1022,FORD,FOCUS,2010,51,30e7613623bf472c268326fbb491d6747f2b5e94dd955e693a86e56d04d99969,2026-03-14
NAMPA,1022,FORD,FOCUS,2006,51,5f0c316b29e81ac6c8945127fcead12b601bfccdc8329d8e4d919982ceb43321,2026-03-18
NAMPA,1022,FORD,FOCUS,2002,52,e8f7fd5bd36cb652e2e49513e822a1b73bce1f67909517e415f44c00309de85c,2026-03-18
NAMPA,1022,FORD,FOCUS,2015,52,185a9da7189bc32e08ba59b6319b3954c092ccc472b1fa4987cf4c0708cd45f6,2026-03-21
NAMPA,1022,FORD,FOCUS,2003,52,c2e78663d20ba57b88eb5faaac3cf39810cb46ec80f56a7700a0b307bf6cf480,2026-03-24
NAMPA,1022,FORD,FOCUS,2000,53,2fcc20906760ef86cded5179b7fa964522bcd9454a111c7a877be582a83302c3,2026-04-16
NAMPA,1022,FORD,FOCUS,2004,52,195ec66c562b18068dfe8a5d10a20c1c2a8ec754515b629afd296badf39195be,2026-03-28
NAMPA,1022,FORD,FOCUS,2007,52,db888cac87207994aff5ba80db4f85584d542551afc8c3d3b22a71acb31fb331,2026-03-31
NAMPA,1022,FORD,FOCUS,2001,46,aa2031563d22ba94469e7a69e9728e61f35a7ad5b243258a3ca40dfd5b2f2f66,2026-08-06
NAMPA,1022,FORD,FOCUS,2009,53,4f233c56f2fc5fe96632a05bdff59eb19a1d9a4ded0bb9222d95a496881d0af8,2025-07-11
NAMPA,1022,FORD,FOCUS,2014,52,01afe93ea693f7579669e9a4753763864173587e5cea3c7d143ff0fbda7ead1c,2026-04-07
NAMPA,1022,FORD,FOCUS,2011,52,e6c5cb2268ce2416bf89066eebf8605e4b53a3f6634cdbb361f083dd977a3b73,2026-04-07
NAMPA,1022,FORD,FOCUS,2012,53,e1c1acf2fcaed928fdd6ce1e3b61d2a2b3b827909f9df99dba72920eac92e9fe,2026-04-30
NAMPA,1022,FORD,FOCUS,2009,53,4f233c56f2fc5fe96632a05bdff59eb19a1d9a4ded0bb9222d95a496881d0af8,2025-07-11
NAMPA,1022,FORD,FOCUS,2014,53,ee4fc4f88a2b7c8d375c05c2ae6e4fa165d3f442b08f24c8dbda81bf89bf41f5,2026-04-16
NAMPA,1022,FORD,FOCUS,2003,53,eb351aff60c6543659f57c98c1480a9d1ef05ed8008f8421455fdd68471648a8,2026-04-30
NAMPA,1022,FORD,FOCUS,2002,46,92d728f15aeffe67f2df784e0b46b7325e65d207b8b993c0162e8b5f34cc88c2,2026-08-07
NAMPA,1022,FORD,FOCUS,2012,53,e1c1acf2fcaed928fdd6ce1e3b61d2a2b3b827909f9df99dba72920eac92e9fe,2026-04-30
NAMPA,1022,FORD,FOCUS,2013,53,97c223c1e3f5946ec9bbddd6651abdc0f2c82cf2a5fcac360a49b33b7dbac7da,2026-05-07
NAMPA,1022,FORD,FOCUS,2015,53,f589e02343534a31031cce715304e98d07b7ffbc199f60bc61a2305c04247741,2026-05-07
NAMPA,1022,FORD,FOCUS,2012,54,2c23bf7494be141181b4d845f3f09a6fda9bca18315903ac20b47691ee94cde3,2026-05-19
NAMPA,1022,FORD,FOCUS,2007,54,8ad1748b20af1396e474f8c4a42a9b8836f7f00725dbfbf20ad746b22f9334a7,2026-05-14
NAMPA,1022,FORD,FOCUS,2008,54,7ad5ef4d519e367648e685777e2e09b5e18259f1e6484ee9743efa3ed8d9fb30,2026-05-15
NAMPA,1022,FORD,FOCUS,2012,54,2c23bf7494be141181b4d845f3f09a6fda9bca18315903ac20b47691ee94cde3,2026-05-19
NAMPA,1022,FORD,FOCUS,2014,56,cc4ddf8748e1df5ab42378953a7463e8ae37855ce94edbc41898a79663c52cdf,2026-06-24
NAMPA,1022,FORD,FOCUS,2005,54,e2f03565109a20973ec05bd170f37346bcf5b6cc8512b411390ea9a7e8bcfb00,2026-05-21
NAMPA,1022,FORD,FOCUS,2009,54,fa149beb64db27c435b55b723d29bdd9dacfbb4a6c2493e3b67d88bb84f0c138,2026-05-23
NAMPA,1022,FORD,FOCUS,2016,54,0f95126b7f19ea13e36ea28c071f4ece33e6c9b5726bde9329ae5b6e7bf8cffe,2026-05-30
NAMPA,1022,FORD,FOCUS,2010,55,c6e56c8f9aa53b189b1f56d7fafa29221fd2caaf8cbba1a4d0047a53ce41d162,2026-06-04
NAMPA,1022,FORD,FOCUS,2014,55,a0465ee5a79dfb61df6d5710e7e864c11da15af52885a21112cdff16e52998c7,2026-06-03
NAMPA,1022,FORD,FOCUS,2014,55,a0465ee5a79dfb61df6d5710e7e864c11da15af52885a21112cdff16e52998c7,2026-06-03
NAMPA,1022,FORD,FOCUS,2008,55,fba5c1f3b8ef5eadc09c58bd1a236e9f965d356a68fdcbefc20daa5a8392793d,2026-06-04
NAMPA,1022,FORD,FOCUS,2014,56,cc4ddf8748e1df5ab42378953a7463e8ae37855ce94edbc41898a79663c52cdf,2026-06-24
NAMPA,1022,FORD,FOCUS,2008,56,dd4d148c9c6c765ad475e43a96ff5df63d2553715a708c577bd3fb42b638b91e,2026-06-26
NAMPA,1022,FORD,FOCUS,2009,56,9d1727f87d5ff950812a7b569187ae58f720a547d80d67ff53a9a52a97b0712b,2026-06-26
NAMPA,1022,FORD,FOCUS,2005,56,5a9520771d3c4ebe470acb2c56f1935ab1ed1794a33659ec69827b656886d28e,2026-06-24
NAMPA,1022,FORD,FOCUS,2015,56,fa3da7ca0e5b6b34dcf92c050caf0d780096c294fa50549bd00e57d5a01e8783,2026-07-01
NAMPA,1022,FORD,FOCUS,2005,57,67d7b5f295078329557273848622e0307fd9ed2384c07a0dd0edae260b18f50e,2026-07-11
NAMPA,1022,FORD,FOCUS,2012,56,f5c3d5d9daf593e4c281e621cf23ca2f8f3caa2ab391f87aca4cd6047a628b86,2026-06-27
NAMPA,1022,FORD,FOCUS,2004,56,20bb984c22e4a3c4a7c1774ab50ff52f8b7acf6c01fadeebef41f571bc350fcf,2026-07-04
NAMPA,1022,FORD,FOCUS,2002,56,00c51df2d1ca299a0aff983f8f440e50d42462e891b5582a2e32b346db89786f,2026-07-08
NAMPA,1022,FORD,FOCUS,2007,57,5984259ca71a97b45f8b9436ba97d73760d8e81ad6fdee6be6d3616402ec0df3,2026-07-16
NAMPA,1022,FORD,FOCUS,2018,57,c0716e41eed07287b068b256be11c80507de7084f1afff9f6b5cda57bced806b,2026-07-15
NAMPA,1022,FORD,FOCUS,2012,57,aec05619d75314f602abff855368e21558c5c20e287c7e83070d9ada7b28262d,2026-07-23
NAMPA,1022,FORD,FOCUS,2005,57,67d7b5f295078329557273848622e0307fd9ed2384c07a0dd0edae260b18f50e,2026-07-11
NAMPA,1022,FORD,FOCUS,2003,57,6081c1d3a84ccb11850a5221ef097f7292a5aad2a1bc3e2c33bc92e9dd281398,2026-07-21
NAMPA,1022,FORD,FOCUS,2002,57,460e9032562789e81ba6f39dc168a5d4c58caae17e4887b40a97ad45a025304c,2026-07-30
NAMPA,1022,FORD,FOCUS,2016,46,1730b6316e2357d7ebe0217c323442207f52e392fb6526aa0475f81b92352b11,2026-08-21
NAMPA,1022,FORD,FOCUS,2013,46,0854612f244014a2729adcee9621d20820be500252d37bed578ce2aa2521de83,2026-08-15
NAMPA,1022,FORD,FOCUS,2003,46,eb5a0ab1e38a4ebccb7ee33f6100bfee7406eee6cf704c4999da0b184eeb122b,2026-08-07
NAMPA,1022,FORD,FOCUS,2005,46,64d775b55346059073d0f477b21b3755b66668cf542192123b8b318106e1d8a8,2026-08-18
NAMPA,1022,FORD,FOCUS,2003,46,eb5a0ab1e38a4ebccb7ee33f6100bfee7406eee6cf704c4999da0b184eeb122b,2026-08-07
NAMPA,1022,FORD,FOCUS,2008,46,8327e3b0e5f231ff9ee0aca54adcd964e7a40de2d1b5ed99ec9b6825e8ca6be8,2026-08-13
NAMPA,1022,FORD,FOCUS,2014,46,c17decb798d23931e3b91327a15c8e88a3d9f13f8d289348696ed09ec5667f86,2026-08-13
NAMPA,1022,FORD,FOCUS,2002,46,92d728f15aeffe67f2df784e0b46b7325e65d207b8b993c0162e8b5f34cc88c2,2026-08-07
NAMPA,1022,FORD,FOCUS,2003,46,eb5a0ab1e38a4ebccb7ee33f6100bfee7406eee6cf704c4999da0b184eeb122b,2026-08-07
NAMPA,1022,FORD,FOCUS,2013,46,0854612f244014a2729adcee9621d20820be500252d37bed578ce2aa2521de83,2026-08-15
NAMPA,1022,FORD,FOCUS,2014,47,f4f687f8f89061fcaf8fe2055edbf6b1bc60c89080defcb31ddcd6dd1db67554,2026-09-01
NAMPA,1022,FORD,FOCUS,2005,46,64d775b55346059073d0f477b21b3755b66668cf542192123b8b318106e1d8a8,2026-08-18
NAMPA,1022,FORD,FOCUS,2006,47,4db71c1c69577867b6eb5c327029b7ef19854355e64255ab5299fee709a20122,2026-08-27
NAMPA,1022,FORD,FOCUS,2005,47,c6c85a73a37f4f2691f9dbe912f5f39d1762686762b6c0db3de45a17a632a2e8,2026-08-28
NAMPA,1022,FORD,FOCUS,2012,47,ba245479b18ca580e92bf26c28cd75240b87ad2acf0c15bdaebbc8e192ed5ef8,2026-09-03
NAMPA,1022,FORD,FOCUS,2015,47,bdf6913667f40d4a4376fedd1d6f138e539a42477b9a4f1a7a98236f54c7ba7f,2026-09-01
NAMPA,1022,FORD,FOCUS,2000,47,ae8b898f63a1e834882de07a679f97e805b945dbf6c6fcc319aa99bb87bffef9,2026-09-05
NAMPA,1022,FORD,FREESTAR,2004,7,ca9ca690ca1ff379c6b4fd86cf1477ccd8a65f2feb2aff6cf8c33b4c4d66f593,2026-05-21
NAMPA,1022,FORD,FREESTYLE,2005,9,cfe54803521ee335f64e904451868e16e5a3fefc9c764c4780a40098d4e69a5e,2026-06-03
NAMPA,1022,FORD,FREESTYLE,2007,14,523b7face36e6c3242f9309c0e92517eda16616961f2fbeb1533ce121857419a,2026-07-09
NAMPA,1022,FORD,FREESTYLE,2006,17,c449e0c09d1920da28ace24d0182c9afb4eaac0a6a55a89312f04040cbecd985,2026-08-22
NAMPA,1022,FORD,FUSION,2006,49,bed58ac43079031a842be01c3af9501433b848b34b74088b40a64a878d0983c7,2026-01-10
NAMPA,1022,FORD,FUSION,2006,49,bed58ac43079031a842be01c3af9501433b848b34b74088b40a64a878d0983c7,2026-01-10
NAMPA,1022,FORD,FUSION,2016,49,02b7a9b997aa3910ca3790b2a7d4d855cde46eec2398a9498450143f56bd9567,2026-01-13
NAMPA,1022,FORD,FUSION,2007,49,349279b2818f2a54fb58a89b7168337f7b8df10614f979dd15c92c5b2eb20f19,2026-01-18
NAMPA,1022,FORD,FUSION,2015,49,57c46914ac7b343300ef9424392979116554e23ad38c0263c51caea776c7adbf,2026-01-17
NAMPA,1022,FORD,FUSION,2014,49,49a39d582e6dd8e9aa64e01f4debdc15f6fed8e19eabe6c0bf436f5ac7b1fbca,2026-01-21
NAMPA,1022,FORD,FUSION,2006,49,bed58ac43079031a842be01c3af9501433b848b34b74088b40a64a878d0983c7,2026-01-10
NAMPA,1022,FORD,FUSION,2011,50,1278a662c99dd4b45d1a77098fce4fd1e445fd356205a7da91faf650d152af41,2026-02-13
NAMPA,1022,FORD,FUSION,2015,50,efffb880452ebd84b4b5634726fac9a13c11c9894f3044e32a046c1332aca65d,2026-02-20
NAMPA,1022,FORD,FUSION,2014,51,bdea6558bc330adf9db6daddb58db67e8a5982937b3b3910d3b6bc76caaa0e24,2026-02-27
NAMPA,1022,FORD,FUSION,2013,50,861b174a0981a7230530fe924a9f879cd6b2a52f1cc34b7a3551a315f87d9c96,2026-02-24
NAMPA,1022,FORD,FUSION,2010,50,31c1bcb3f20c52e065b8d8381aa55c7b1d433222e0798b46ceb6feb53f8bec5b,2026-02-24
NAMPA,1022,FORD,FUSION,2006,51,104485c87b98b597b25a10b2d1ded604eb84f9cb01da483bf43d0686d3114672,2026-03-13
NAMPA,1022,FORD,FUSION,2010,51,f8595919b91c2e4625d2d1f98481f2c023b93bff5a674188964b2e0379f191a0,2026-03-11
NAMPA,1022,FORD,FUSION,2012,51,88511193c88d93be57b9af519ad053b79ab0baa3669c120a6e8cefd6aabb20af,2026-03-06
NAMPA,1022,FORD,FUSION,2010,51,f8595919b91c2e4625d2d1f98481f2c023b93bff5a674188964b2e0379f191a0,2026-03-11
NAMPA,1022,FORD,FUSION,2006,51,104485c87b98b597b25a10b2d1ded604eb84f9cb01da483bf43d0686d3114672,2026-03-13
NAMPA,1022,FORD,FUSION,2006,52,2c3f1085740616665abab590399c5b95d9e454469d1c933d09fcdc7aa268dd55,2025-06-26
NAMPA,1022,FORD,FUSION,2007,52,c4386bd88954ff822ae933f27f5a0fbf7b9b88fcb87f27d6d346218f7f33c111,2026-03-21
NAMPA,1022,FORD,FUSION,2011,54,f4ce82ec75676e079fea527eb8fd0687884e282de3ad2a3926893f2943a45745,2026-05-15
NAMPA,1022,FORD,FUSION,2009,53,7e9253ccea1f638fbf662f0e14c18e654637059a10c099ebc45a14e9a0541d97,2026-05-14
NAMPA,1022,FORD,FUSION,2007,52,c4386bd88954ff822ae933f27f5a0fbf7b9b88fcb87f27d6d346218f7f33c111,2026-03-21
NAMPA,1022,FORD,FUSION,2015,53,7a1909a7b47b513e9f6aabc3d961d3267b5ce2e187f07d0855c69d2cfe29ec94,2026-04-23
NAMPA,1022,FORD,FUSION,2008,53,aa3c53780f1fe2b0c23d76eb6805cc29c5bc75558dcb282d13b250b69a4a8eb9,2026-04-23
NAMPA,1022,FORD,FUSION,2008,53,aa3c53780f1fe2b0c23d76eb6805cc29c5bc75558dcb282d13b250b69a4a8eb9,2026-04-23
NAMPA,1022,FORD,FUSION,2012,53,069b5fe58d5d6dcc78af13ed1e97e6fd8fd69cd15758c508da885cdcb539d148,2026-04-29
NAMPA,1022,FORD,FUSION,2010,56,03648c556fcc490d934f5ea629ade93b682e4f2790e32c7971a0e672f6fc4b61,2026-06-26
NAMPA,1022,FORD,FUSION,2013,54,251ac3ec436938dd08dcfefc1c1ac211adcf72495ae496c9ad759cf0c632263f,2026-05-09
NAMPA,1022,FORD,FUSION,2010,53,127e78169ce1f602e537b2073859904782dbecc1f68026247e49b525aca7f665,2026-05-06
NAMPA,1022,FORD,FUSION,2010,54,e72eb6fb6e8f238da6dc5727cf5e26932214603f15c1b700835ed04afaca1f48,2026-05-12
NAMPA,1022,FORD,FUSION,2006,54,7d68eacb79072f19ebb7f379153682d4d29f9fd0fd65ba7a5f343a21e364d327,2026-05-22
NAMPA,1022,FORD,FUSION,2015,54,ecc1b8bf43791abdbf2a7d8749439df9a5e56b650116f74b9045ac755b2df4c1,2026-05-28
NAMPA,1022,FORD,FUSION,2017,54,27632980e7aa82c95acf249ed7d98d06e8f7e83cd5b2b3a3daf83ba0fb0282ed,2026-05-26
NAMPA,1022,FORD,FUSION,2007,55,3773bc47ee8a851bcd04ff467c202e93133c231390abbd9c60f00f7fdfa27c63,2026-05-30
NAMPA,1022,FORD,FUSION,2014,55,a033a32e809ea060afd0d76101e4c1780d1ef830d3c581cdcdfbf419774d6f6a,2026-06-04
NAMPA,1022,FORD,FUSION,2010,55,1e20c3ac21048d3455178007cafc2a40242622618da984b019e1b03bfd45e786,2026-06-04
NAMPA,1022,FORD,FUSION,2008,55,9f80a83aa4cd4f2c1de711e04cab818e7d37d80bbc7faf56d532baf9011c212c,2026-06-16
NAMPA,1022,FORD,FUSION,2014,56,a2391f81ea66d775fbaba3f3ac8536d2c3a22131dc6c4a3ca999cce39938f1f7,2026-06-24
NAMPA,1022,FORD,FUSION,2010,56,03648c556fcc490d934f5ea629ade93b682e4f2790e32c7971a0e672f6fc4b61,2026-06-26
NAMPA,1022,FORD,FUSION,2010,56,03648c556fcc490d934f5ea629ade93b682e4f2790e32c7971a0e672f6fc4b61,2026-06-26
NAMPA,1022,FORD,FUSION,2017,57,34971f68d5145cbb08d4ca9d38c791c15fca6cb0088f20a0c80e9bbd81db5030,2026-07-14
NAMPA,1022,FORD,FUSION,2010,56,03648c556fcc490d934f5ea629ade93b682e4f2790e32c7971a0e672f6fc4b61,2026-06-26
NAMPA,1022,FORD,FUSION,2007,57,ad2b8383692f7f46fa5f5f9eee704ab969e93f55b7352172b6fe657f6b537917,2026-07-09
NAMPA,1022,FORD,FUSION,2012,57,f068fb28ecdbf6bb22addbdfe5d1e0d48a1e4a3d7fcfe87faaa4d19d579566f6,2026-07-22
NAMPA,1022,FORD,FUSION,2011,57,443366d097011c525550d860b7a3c8fe279dd586b3665a6f5c2cf97670939ebc,2026-07-30
NAMPA,1022,FORD,FUSION,2011,47,350d8dd60135e2aa585b1c9a84ad1611b7b145a040356375d7d8d8d1f43ed966,2026-08-29
NAMPA,1022,FORD,FUSION,2012,46,614a4711229e3aaab88c83ede0bd866f5617f784fccf309412d076bad3f8e52e,2026-08-14
NAMPA,1022,FORD,FUSION,2007,46,049ff735b33bf25159c1eea5a7801f0cdd7a96d0f3f4bc25e517591e1d231c18,2026-08-20
NAMPA,1022,FORD,FUSION,2009,47,935b159c2040994976655ed28629bdf0daf03072012f166b26e97bbe3cec61f1,2026-09-09
NAMPA,1022,FORD,FUSION,2007,47,6d000fff1ccae91cca9b1f62104e7fe15dd288b2bcf4d6e2180e59963a620806,2026-08-28
NAMPA,1022,FORD,FUSION,2008,47,2dad7d7f61cf2a9367f24f11e4fe002f3e1905f7b32eef6a2bbfbab4d8d6e111,2026-09-09
NAMPA,1022,FORD,LTD,1977,102,51f67cff6e2fcd8519954f01317c7b78a12ea35f3be508a0969a902ad4f5d6c1,
NAMPA,1022,FORD,MAVERICK,1977,102,b45aa62ed9955464ec9a745f7b463cd55e362b73da95602d7baad9d29b2e606e,
NAMPA,1022,FORD,MUSTANG,2000,50,00034f99d81d97ba24405b442b833d5ed72cf5d635e18c75e82800788bb225f6,2026-02-01
NAMPA,1022,FORD,MUSTANG,1999,50,95f5109dda48d211556c768ea09a00b00768198b989a40f3e676e5835581cb2e,2026-02-21
NAMPA,1022,FORD,MUSTANG,2005,52,532684183f178fb97c9e6d66a15fcceb122bad11734e92d68b28d02cc43e437c,2026-04-05
NAMPA,1022,FORD,MUSTANG,2000,53,299e19e0d269c76f02ca56b5ee0bee6538a48141fe78afe1e281a0cc85cb56aa,2026-04-23
NAMPA,1022,FORD,MUSTANG,1999,52,1567907668e740ec801b0899069429575f1b1f4ccd306dab1c586c05c77ecba0,2026-04-15
NAMPA,1022,FORD,MUSTANG,1998,53,dd43c57649b59d90658cb7b86cd4fce30a4690beae281ac3f30834ea91b347ab,2026-05-02
NAMPA,1022,FORD,MUSTANG,1999,54,7ed10438088bf1257cd2de13a99bc7427a63311f317a235c89b1056203e5db86,2026-05-09
NAMPA,1022,FORD,MUSTANG,2005,56,d160268e6598124ec5f58078506f32bf76cbbe6b7faf2687365e8ae78c8a14d8,2026-06-26
NAMPA,1022,FORD,MUSTANG,2001,56,02b2aa1918395759266f2625451c6775675729cd1a20d7fa0b4ae2bc6a96808b,2026-06-27
NAMPA,1022,FORD,MUSTANG,2011,46,8b3e110875b05ff0b9c2570ceaa6dc1ca17a37e6a47e810350be1ffd6e86bffd,2026-08-06
NAMPA,1022,FORD,MUSTANG,1997,46,a0c7ad038bef00a7df9b0ed4e156516d58bcc44602cf1653f748f71c6dc3b6c2,2026-08-13
NAMPA,1022,FORD,MUSTANG,2001,46,74fd4864adfe3b7eb0c0b0cf5b358d22cd057515853481ddb6127c17ccf65872,2026-08-14
NAMPA,1022,FORD,MUSTANG,2000,47,0db797d2d28afdab06ae2089614dd092daa07021bf62e6686ce6bb8d4c883038,2026-08-21
NAMPA,1022,FORD,MUSTANG,2001,46,74fd4864adfe3b7eb0c0b0cf5b358d22cd057515853481ddb6127c17ccf65872,2026-08-14
NAMPA,1022,FORD,RANCHERO,1968,102,2bed09763c8148a9cf2845e3d8245b404b2871a8a96838ae0607eea7ea11ad41,2025-05-06
NAMPA,1022,FORD,RANCHERO,1973,102,6acf3bf739325a3dcabf7ca9843c77af648c1d31bcd02ad0be2efcd6d4485c88,2025-08-14
NAMPA,1022,FORD,RANGER,1994,6,d52c680c300893f14f2d6c0d245eca7e8c17ec79b55183e7af640e32e24691a0,2026-05-14
NAMPA,1022,FORD,RANGER,1993,8,551a006c0b7c07db3dec782df9f84c57b5683a8bb80cc9d80b3000e886f6a6bb,2026-05-22
NAMPA,1022,FORD,RANGER,2003,9,d10e8c7438cdfbe0f6803f3c39345733ae76d8d286f25f78d1a7c1150e4ad4ac,2026-05-28
NAMPA,1022,FORD,RANGER,1987,11,dee0063dd3146fdb31172c02a9547bf467e09fe69ed8e6f50bc12b6a9f0d3d36,2026-06-16
NAMPA,1022,FORD,RANGER,2003,12,d0b501afa8753f9cd760aa96571b0b4a94f6fd25f27ae0fdd91796ebbf0f3f5b,2026-07-01
NAMPA,1022,FORD,RANGER,2002,12,c33e2f65ed28ed3eb3f0b2e22abb69cbf155e5106b8719654f59949e9bd93930,2026-06-26
NAMPA,1022,FORD,RANGER,1991,12,aed82b4d99d262377fb30062598a1b9c1c91ff1279fef221eb66f36938818eab,2026-07-17
NAMPA,1022,FORD,RANGER,1994,13,8323f9c4fb18a95b1c7fd1a3614be9c960b71df7cdd98fd21d5a6d0c70ae4a75,2026-07-07
NAMPA,1022,FORD,RANGER,1999,3,e97561c8ec0b3c0dcf5eb815c2a30c9130887f301732fb93db9dbeedf80df0bf,2026-08-29
NAMPA,1022,FORD,RANGER,2003,15,0ba5e1c60cae6f449cb720058dbd9c42062ebe530692872332bed90ee27c718d,2026-07-30
NAMPA,1022,FORD,RANGER,2006,14,0a3840547b3b7d751e80d2cf8aab77841f8718e461cbc8316bc26491a5c6f299,2026-07-22
NAMPA,1022,FORD,RANGER,1996,15,98d1ad64a17b62411919b529e553db97ee011dd4b1c58b8f7bbac2218a2c11a9,2026-07-29
NAMPA,1022,FORD,RANGER,1990,16,7b83ab28f845fc21330a2b975159b1c0642c2f069d16eab34d46b2f12e9de187,2026-08-08
NAMPA,1022,FORD,RANGER,1993,17,122376ad84e284f56c1c150a3a9aea3bdf6f0f2fd51dd21848106eccfbeed2bf,2026-08-19
NAMPA,1022,FORD,RANGER,1994,1,f54f70ac1558693359afdbc9cc6f4529d6f690a4efd6eff1cc360ad772c6baba,2026-08-25
NAMPA,1022,FORD,RANGER,1990,2,179771ff22c3ba22b560225a9861981a7c3aa368c116cfdd60db296500d8c3c7,2026-08-27
NAMPA,1022,FORD,TAURUS,1999,49,bffa063c9953d4658d39ce9f32617241ac642448b3e8ac0e27def678a967e0a4,2026-02-11
NAMPA,1022,FORD,TAURUS,1996,50,f23eb20a40de8736ba33eec0afa0b74ee6b9038ace78d51192e6ec723af1dfd6,2026-02-13
NAMPA,1022,FORD,TAURUS,1998,50,b232d227b881b2938268c9c8f93ebdece3ca586c9bdfb3090330086dd0c573f1,2026-02-01
NAMPA,1022,FORD,TAURUS,2003,50,31ccf986892962389f8e8bfc85d7dd68ae463176ffb5c559c0cc05b047d48c34,2026-02-10
NAMPA,1022,FORD,TAURUS,1991,50,684cc77e6795e04ec70b77dd758e823654a80c5b2701d12dd4611acd599d0456,2026-02-13
NAMPA,1022,FORD,TAURUS,2005,51,7ee282b756735303e76dafa783ba90f1cd4e5522d3ec2021228f2cf096550cca,2026-03-06
NAMPA,1022,FORD,TAURUS,2003,51,c6d5989c8fc5f664518e6d73f5f8925b592fd615116363c877c652d842899a1c,2026-03-11
NAMPA,1022,FORD,TAURUS,2007,52,eda4bdcb9f9b9a192f32a1fcf5ba329ee4004f3184926f77f96c483d9f3f7f70,2026-04-01
NAMPA,1022,FORD,TAURUS,2002,52,a72b6187857699447e8a3dfe4648481cb766e0658711fede6d097fcfb799f3fa,2026-03-27
NAMPA,1022,FORD,TAURUS,2003,52,87fc9e84c1e9b6d8f1791f77e3e059ea47628ee8419453012b055dc447d05138,2026-03-25
NAMPA,1022,FORD,TAURUS,1993,52,21b2353fa8258646553664047ee7fe0eac7d6c7567c1fe04970acfb20379ddef,2026-03-27
NAMPA,1022,FORD,TAURUS,2007,52,eda4bdcb9f9b9a192f32a1fcf5ba329ee4004f3184926f77f96c483d9f3f7f70,2026-04-01
NAMPA,1022,FORD,TAURUS,1994,53,2d3ebdb4d64385c1e4c982df1ad0a2250560d99b29c68d9f0d512903bbdfa9b9,2026-04-16
NAMPA,1022,FORD,TAURUS,2001,53,37bed428148a0b4024962c8e19c900a1040f14f3627da8de85614efbae504803,2026-04-18
NAMPA,1022,FORD,TAURUS,1997,54,f89fd28fb1b3da894326b9067897c2047ad52b96898f2145c93922763608edb2,2026-05-09
NAMPA,1022,FORD,TAURUS,2012,54,7cd54c3194e53fb55c466d8767bad8f456aecd58bd55d18fc373e130590a2de9,2026-05-13
NAMPA,1022,FORD,TAURUS,1999,55,a303fb7d13adf7a7f13eb198d417855960c2ec07923d974c83a038e757dac0cb,2026-06-02
NAMPA,1022,FORD,TAURUS,2003,55,174b9bca79bac03e05c582236d456e7ecf44f6fc8f43f0464e315b3e9b52d83f,2026-06-02
NAMPA,1022,FORD,TAURUS,1997,55,74c1dfd534b7433ed01aae852d2e2737741dccde68fc5ce103fb6142a2349fa6,2026-06-09
NAMPA,1022,FORD,TAURUS,2000,55,e90dba2f75c3a3fac6e65e64e96ed7bade3f1243dc655938fc38718b0f4057d0,2026-06-09
NAMPA,1022,FORD,TAURUS,2004,55,00dd965a40beec87672a52565d09a637721b7fa7eb843f1881319ef09b071576,2026-06-11
NAMPA,1022,FORD,TAURUS,2002,56,ef11dd2f8ceea2fbd360f4825bb6d9277b3c387b065cc35247a6b3107e2162f1,2026-06-24
NAMPA,1022,FORD,TAURUS,1998,56,b2ec6d8fe2cbee3aef58e55d33a422aae56d0032b47a36fbd149af4945a809c0,2026-06-30
NAMPA,1022,FORD,TAURUS,2006,57,1b629380a13308e8bebcd60b336857c8c7b7516946204dbef70319f2e16150e4,2026-07-11
NAMPA,1022,FORD,TAURUS,2002,57,794ef813be043db9de0f4ea6c4227eb4a1cf7b1d276013bffe8dbcb2b554e305,2026-07-08
NAMPA,1022,FORD,TAURUS,1996,57,e68c60f3978b23b5f8c87f35e293f12ce41e123ffdd6b4f8b468934f504f7ab8,2026-07-14
NAMPA,1022,FORD,TAURUS,2003,57,e5a1288815ed7106050fa162a9cdffc954e752edcf270b26e24a70df9af28cbd,2026-07-24
NAMPA,1022,FORD,TAURUS,2007,57,ff1f86faf7382a1b45733ff594a14b40f00119d572d60d2250ff981c422436c5,2026-07-31
NAMPA,1022,FORD,TAURUS,2010,46,d0868e945e24a25c315ba627e02765ffd032568c951f7a5b3311390c2a8dcf3b,2026-08-05
NAMPA,1022,FORD,TAURUS,2007,47,a765b5676006c5d44c27929db5a39b164f6cc120ce0a39aeed7ee6236b2ed368,2026-08-27
NAMPA,1022,FORD,THUNDERBIRD,1978,102,62f7c310cb93ea4983ec8ce457e03935cfa82fee8b0e6b4be7565deed283c455,2025-10-04
NAMPA,1022,FORD,THUNDERBIRD,1995,47,3db0c828970eb40680e4e1fef6f10153c63b7ca7da4c38741bfa3e56111554c5,2026-09-08
NAMPA,1022,FORD,TRANSIT CONNECT,2012,12,d951d891a0ac58068be00a610fb59fac83fdd0463e85590f9b2fecc01a87eccb,2026-06-30
NAMPA,1022,FORD,TRANSIT CONNECT,2014,16,5ca0ab102cbb7d0886b796bbcdf56409992d05f7531b31bdc23db6e6c211b2fb,2026-08-07
NAMPA,1022,FORD,WINDSTAR,1998,7,e74e3edc38e0443cdd7d0772de046f86705a53ddfb616d3b9ba756af1da3fab6,2026-05-15
NAMPA,1022,FORD,WINDSTAR,2003,9,e922f10fdfceff5adbfb002fe56df70b7c9dc6324b12e1863ec6c7937611ad53,2026-06-04
NAMPA,1022,FORD,WINDSTAR,1999,13,b48b7beeb949cfe7b793440ea1a84004e8f87356614a130ddb7fa8e7712e659a,2026-07-04
NAMPA,1022,FORD,WINDSTAR,2000,15,7eaad8d780568cdae7ce9eff1b84c843b7f77bcf2fb6d63cf65adcdf768af5df,2026-08-01
NAMPA,1022,FORD,WINDSTAR,1998,17,cf889f61052c7515919007d02c84cf5b7ed663f5134f20356e530f7ff94e7faa,2026-08-13
NAMPA,1022,GEO,METRO,1994,40,ecf70fb7fa3c1ab174cbb1e796bc35239ac3c702dc5a5176096686f8c4de8897,2026-08-07
NAMPA,1022,GEO,METRO,1996,42,56d38866d43703585e2de1e90f5d0fd4ceb5513b2cb6947a5de6de0e4d67091b,2026-09-04
NAMPA,1022,GEO,PRIZM,1995,34,83db48cb36157c76d472a59ac86141247ca6114e58255c41184052c46007a495,2026-06-27
NAMPA,1022,GEO,PRIZM,1997,40,a0918201a339a3d905e38b6e93593ef84ab3de9d46b055f46d7a46b3f1e417f7,2026-08-06
NAMPA,1022,GMC,1500,1978,25,91edbfe88deeb36b7e53d177ca5e932979b336bfe642909fe00063fb49f8a3fa,2026-06-12
NAMPA,1022,GMC,ACADIA,2011,25,f394d9005f6f688847e626f45ff5661a18a876771df959de2f77bdaf78d7eba4,2026-06-12
NAMPA,1022,GMC,ACADIA,2009,26,aa878541a78de27050948ad1957150123cbb3d590a165ab91ab2371adbfd88d5,2026-06-30
NAMPA,1022,GMC,ACADIA,2010,18,2cbae31fb80477c5e0e571fb12af2a87d557a6943025024a325e905650f6e2a2,2026-07-15
NAMPA,1022,GMC,ACADIA,2008,19,d6ed35c0bf474e75f9e6eb978e4fce769a9f28ab6ba6e17a10be689a00d2513e,2026-07-16
NAMPA,1022,GMC,ACADIA,2008,20,e28759ba7a6e185b0eabd4e87451803856a2f06df8169588ea2eb4b0afbda72f,2026-07-28
NAMPA,1022,GMC,ACADIA,2008,22,49ac07313449c412e79cf4510226cde88316efc1ca4d6a1088c5748ddd152ab2,2026-08-12
NAMPA,1022,GMC,ACADIA,2009,23,702134c0d97972748e21d22f28acc48d2f1ee73077391d03dac74a81a9c66183,2026-08-27
NAMPA,1022,GMC,ACADIA,2008,24,78d69a719301b5902e67bd4359ec547f970d624496107dd2ef6fd16e0731aeb5,2026-09-08
NAMPA,1022,GMC,ENVOY,2004,25,e45b2e56d1bed5b7756b7c7f8b9a5378a356eaeeb998d6caa2b721f491b34c9f,2026-06-12
NAMPA,1022,GMC,ENVOY,2007,26,48d9a64281c56ae88b71edf6d8d3a7732617f8a728c56034159e3d978d5b4ef8,2026-06-20
NAMPA,1022,GMC,ENVOY,2004,18,6d3320c39c6ad0e3f92cd0b003b532d2c0c83bb5c682fe49ec223648bfd0043a,2026-07-11
NAMPA,1022,GMC,ENVOY XL,2003,20,f04ec2f8814f01047b73eb9fd81e0ee1dae5fff1c0c5dd71482499bd6770adf6,2026-08-01
NAMPA,1022,GMC,ENVOY XL,2003,20,f04ec2f8814f01047b73eb9fd81e0ee1dae5fff1c0c5dd71482499bd6770adf6,2026-08-01
NAMPA,1022,GMC,JIMMY,1997,25,bf4317288c0cfb57a3070501a0f117583158f534380ee331512f6f35f4cdbcb5,2026-06-12
NAMPA,1022,GMC,S15,1984,26,4427cf69539331ae26447835db674a7148740f004b33fb72aaf3126dba52770f,2026-06-17
NAMPA,1022,GMC,S15,1984,20,4bb8acc9dfd018fad095afa98e4bdc9f5160c305e455f039f243dd413cde28eb,2026-08-01
NAMPA,1022,GMC,SAFARI,2001,26,46e62147116613c84ae8c282bcddb94004ac8a47735be0d804cddedc8747dd69,2026-06-24
NAMPA,1022,GMC,SAFARI,2002,20,20b67768bf367c3a0cd9b311feb4c3e0b4867ab004239ba72c3018d8d7928095,2026-08-04
NAMPA,1022,GMC,SAVANA,2007,27,6171750b951d85b6ba3d887b96c6653c259317b1c5d923f5a4f542929746cb60,2026-06-24
NAMPA,1022,GMC,SIERRA,1991,25,f4fc1d1295fac8840e9fa6400571c5f98ffbec2f193b1d96bc605cf5612ce5bc,2026-06-12
NAMPA,1022,GMC,SIERRA,1997,25,01eb1ef5e889befcd6b494f66605b187877f2507e0a2da3c9918eb2019242d67,2026-06-13
NAMPA,1022,GMC,SIERRA,1992,26,34ca77768480db9b0ce9611f7a9b2ae3397f46972910d847a744c20772a3b117,2026-06-24
NAMPA,1022,GMC,SIERRA,2004,18,b4c74b2b6d1855df9028a9b134aba6ffe7d0059c7bb03c7804a51459d3b34f09,2026-07-10
NAMPA,1022,GMC,SIERRA,1997,20,a2c574c1613105c86c7029baa14f4544126129ca334e61bc97d9dc4d8400c036,2026-07-30
NAMPA,1022,GMC,SIERRA,2003,21,d106cead05f98621e02f86997d2e3da3073b8057d2cacb972d99349fb995f7ee,2026-08-04
NAMPA,1022,GMC,SIERRA,2004,22,6d8d285bb40d38e284352936664ee64a34f1eae80a5ecbe1f579dca35a18b706,2026-08-22
NAMPA,1022,GMC,SIERRA,1998,24,e5c0f700bf09c2e8425ef3af41fe0d4bf22cb636e4ed002f878f6c9fd61242f7,2026-09-04
NAMPA,1022,GMC,SUBURBAN,1993,24,ac9ca5623c7de19d09a1c102bcc8766470302683ea1082be816ffd2761cf2b17,2026-09-04
NAMPA,1022,GMC,TERRAIN,2010,26,5f261d6bff4ab5422bf8551b61b6c5497b4497aa9c71094ae049c682e42daa78,2026-06-16
NAMPA,1022,GMC,YUKON,2001,27,5a2426799588df5ae2d4b0d98d2cd2de3f393e5fe9aa9b31c3a7d835b2d6795e,2026-07-02
NAMPA,1022,GMC,YUKON,2007,18,c1c8d019b04383e8921eee8a92c81825295a6c35592f3ced7270fe42bc84678f,2026-07-08
NAMPA,1022,GMC,YUKON,2008,18,6b5a197fbebd22c74c85535bcde073c504b4cb01a5e4845945846a2f0c96bca5,2026-07-11
NAMPA,1022,GMC,YUKON,2005,19,7a1e55988ff299f17a140896142ecaa0788fc9fdbdf61b06eae0a9cf069accd5,2026-07-22
NAMPA,1022,GMC,YUKON,2007,21,a8f3ccf74ed2bc7882a25eea8a92008d5db251febd408eb5acd33be2c50ef9af,2026-08-08
NAMPA,1022,GMC,YUKON,2002,24,ce9048758592c2e1adce01226c08acda6de159b0c522646f5c79739073f0586f,2026-09-02
NAMPA,1022,GMC,YUKON XL,2003,26,75aca36b841b03e95bc57f1230f16e4ff543b1741a8626743e7b37563ac3919e,2026-06-24
NAMPA,1022,GMC,YUKON XL,2004,24,419d9716d9832c770b19ff9fd7dc4ccdb1f75b7567eb32d29e26f8c506bc7861,2026-09-03
NAMPA,1022,HONDA,ACCORD,1996,81,f6382a37603ff6693bfc8f26d2a8f8e7009d4b125623398323b6a2a2b5dec147,2026-04-25
NAMPA,1022,HONDA,ACCORD,2003,79,57f34868d1bfa2e152a2d59d7c2fd82a6be6818ccf8f1ea85f6fcf199d51e4e4,2026-04-16
NAMPA,1022,HONDA,ACCORD,2003,79,57f34868d1bfa2e152a2d59d7c2fd82a6be6818ccf8f1ea85f6fcf199d51e4e4,2026-04-16
NAMPA,1022,HONDA,ACCORD,1998,78,4300a5045ef1440378da5a8a2fe016ebcfb9c62826b175f8fc3d04f89fd296e5,2026-04-08
NAMPA,1022,HONDA,ACCORD,2003,84,2cd54348f72c81a56c3072eee88fd63c07736a09d3181084995f44ebb6fcf391,2026-05-13
NAMPA,1022,HONDA,ACCORD,1992,78,527b7441f12c0388042b32775bfa30509ff889405277e038bc43e88816d82d73,2026-04-09
NAMPA,1022,HONDA,ACCORD,1999,79,df8d1f5255bc308365106454d9b6c9549175cd2c2b7a5e7c4910df51c35f6cd1,2026-04-16
NAMPA,1022,HONDA,ACCORD,2011,80,6ec7a617c3e5d09515ce88aa09b15a4fe8646d244e8810fad4ce04a86aa0bc29,2026-04-22
NAMPA,1022,HONDA,ACCORD,1995,83,4044fe2cb8956e062b7a6a52f8171d75307485879b479b9359f6be42900ed777,2026-05-09
NAMPA,1022,HONDA,ACCORD,1999,82,e022ef9a1067f3c2da67b144ceb202eed6a8077da2d0753770ac531cde3b8335,2026-05-06
NAMPA,1022,HONDA,ACCORD,1998,83,bc3fe70aca745938cd68a939722a5831bbe966ab6cd39127c511d160a389c51c,2026-05-09
NAMPA,1022,HONDA,ACCORD,2002,83,3416399887cfcecb7ca3f21c5cedab6cba8309c7e72e63899bcd3a297766062d,2026-05-12
NAMPA,1022,HONDA,ACCORD,2005,83,889c56b3d28918ed70f7d3e0b7ececf251c752068921d0480c722dd71437940b,2026-05-12
NAMPA,1022,HONDA,ACCORD,1994,84,68cf2efae310986df5d2a3b2db11f7163930d773bd2429d30d6882f299348d67,2026-05-13
NAMPA,1022,HONDA,ACCORD,2001,84,40c6f7423a33ced0ed58a3a77b3c075dc14628135bcc8e0f3086f7ec84c1bcea,2026-05-14
NAMPA,1022,HONDA,ACCORD,2008,85,c54acb7b0c914e6b1d4284ea3c870c1a1eb69fe4c5a8bf8e2c55c7fb4720bed6,2026-05-21
NAMPA,1022,HONDA,ACCORD,1997,86,a47298dffc71d0221e2622af1ffffb8d3486420e5a7dcf8cf8fb4a278335f68b,2026-05-30
NAMPA,1022,HONDA,ACCORD,1992,86,a65dd51beebd3307629ed9ae6affa0b0cc0d33aac2672165223ad7e2ab6ae1c9,2026-05-30
NAMPA,1022,HONDA,ACCORD,2001,87,59a112735f611ee59a3addcbceb70487bc95956595ae7fe16452b5e4d1cd6e59,2026-06-03
NAMPA,1022,HONDA,ACCORD,2002,87,4d5c582b8e76f389504bb8519a77c0aa662f890b5dcf6de7e93767ca52fd08c3,2026-06-03
NAMPA,1022,HONDA,ACCORD,2001,90,f90941fa36e3a367c216c0ad60a5693703ac13fece0187827e4035b8c16c2784,2026-06-26
NAMPA,1022,HONDA,ACCORD,1999,92,59203b8087a2b2b271529472ca0ea570f489e9fbf2d65cca05b5866dd8abad17,2026-07-08
NAMPA,1022,HONDA,ACCORD,2001,94,f6fe19299affbe97fbe3b5c6ae35026543c6c90d164adb915a5703ed4e8ae8a7,2026-07-17
NAMPA,1022,HONDA,ACCORD,2001,92,bb6c1b5e7432d1b9bec6f639520a5f4d51548c219ee236646ed28e6eafdc5bba,2026-07-04
NAMPA,1022,HONDA,ACCORD,2005,100,c11c9091e4bf15342fdcff85414c0d3eef43e60aa8c02ab3b9841a4b2814d3f7,2026-08-18
NAMPA,1022,HONDA,ACCORD,2005,93,b3f26fdb18e0fafdd6f7d51bca09588da2a0208a3dba923d2b501aaea99d5575,2026-07-10
NAMPA,1022,HONDA,ACCORD,1997,94,4e7e628e89107ddc7a232ef878e01365dfa99b6a13dd071df58264961a7abe08,2026-07-15
NAMPA,1022,HONDA,ACCORD,2006,92,5eaaf21b06054f44ad4fd51e6b503d6fd1367e5775d249f695e12fda271e9bb7,2026-07-08
NAMPA,1022,HONDA,ACCORD,1995,96,2267733f7ef213958fc21c0fac101328bf437bde61d8334c550b9c36039463ac,2026-07-30
NAMPA,1022,HONDA,ACCORD,2004,95,1de49cd6b9c2e0a9a157d759b63361631a339b9a38f5c6f9a16dc24324d98370,2026-07-22
NAMPA,1022,HONDA,ACCORD,2004,95,1de49cd6b9c2e0a9a157d759b63361631a339b9a38f5c6f9a16dc24324d98370,2026-07-22
NAMPA,1022,HONDA,ACCORD,2001,95,f8f1b6aabf1fea79b56c2d9acc11abca64562a80de02a078d68b4e61b00161cc,2026-07-23
NAMPA,1022,HONDA,ACCORD,1996,97,64914469bd5c32313260c0851627d124188e84ee4395fca45dd842ef1e6b4bc2,2026-08-08
NAMPA,1022,HONDA,ACCORD,2002,96,87dff73d86d8aadfbf15b78128c33fea53953f29e55f40e1508ddd25d262ab0f,2026-07-30
NAMPA,1022,HONDA,ACCORD,2003,97,e5ae9126ee7a5adefda04ae19ae638aa238d510c69621750b44a990a2c1cd979,2026-08-04
NAMPA,1022,HONDA,ACCORD,1998,101,d69cd7c18f4a6f948438bdc856ef69439f493347baf8308fe9e29a643bfc7570,2026-08-21
NAMPA,1022,HONDA,ACCORD,2004,97,5fd689dd0a9bffcc2028866deb6c5976d802c4e8d6c7e79aa53ced2e9f08fa5e,2026-08-04
NAMPA,1022,HONDA,ACCORD,2002,101,dbcf66b8fd3ae6f7f8eeeaeffc8f0adbdb16e5ba943c2f0da682a45e5c1f52fd,2026-08-21
NAMPA,1022,HONDA,ACCORD,2004,97,5fd689dd0a9bffcc2028866deb6c5976d802c4e8d6c7e79aa53ced2e9f08fa5e,2026-08-04
NAMPA,1022,HONDA,ACCORD,1998,99,c79bfed4170e232bedfcef6e7a44d3b415fc6ccc3153e763ca61c17a958aa98e,2026-08-13
NAMPA,1022,HONDA,ACCORD,1995,99,c7758edccf04b376528335a58f538e9a05b5b63f1aa6ea19c5ab50d40b6872cc,2026-08-13
NAMPA,1022,HONDA,ACCORD,1999,100,6428fee53f3eb4eac357b076b5447e318c8abf17d8113735dc610ec3f6d4bc2e,2026-08-19
NAMPA,1022,HONDA,ACCORD,2004,101,a7e92b28eb86b38dac884651a5671c798125152a793abb47384899bb12317a23,2026-08-21
NAMPA,1022,HONDA,ACCORD,2011,101,4d34aa3da4f940f2087ab830bbbb95d133919d8afb2c7271b5c7d94dac7ef3dc,2026-08-21
NAMPA,1022,HONDA,ACCORD,2010,74,ef20f36ce626cffebb2b81d4765437e55f2a769da27e2f1be0e67bda068b2f0c,2026-08-27
NAMPA,1022,HONDA,ACCORD,2002,74,46324d2e50a817e8065c77650f80aa4f72e3a490c2be09a5a6b0b1df98f32746,2026-08-27
NAMPA,1022,HONDA,ACCORD,2001,75,7ecb931de77fb3cf7fb749b22f8d3477b3128754b585f72c53dd38814c259baa,2026-09-03
NAMPA,1022,HONDA,ACCORD,2001,76,d65c1c9ec7656ca6b2902a635aa7af4f784cd786e306769867318d1637613c65,2026-09-04
NAMPA,1022,HONDA,CIVIC,1979,102,440f5eef61909475458cd8d7ada17dd9741e823b0ab379f31c87bf56b92e98e5,
NAMPA,1022,HONDA,CIVIC,2007,93,99d3ff3ff162c098a7bcf1209c4532f099ed0cafbd2ff5f22398120749aec50a,2026-07-11
NAMPA,1022,HONDA,CIVIC,2002,80,f96a995e8320cf6196ef4fd3d595d6c5aa1b9aff940eca7b53af317b3153c1af,2026-04-18
NAMPA,1022,HONDA,CIVIC,2010,78,b833b7d0ae9711abd035aa1b76a734cf93b585d6d6ebbdd10c7b92e9865bdd37,2026-04-08
NAMPA,1022,HONDA,CIVIC,1997,79,c52320ff86fc631ae63c26203cb7c7af2ce7c67b4f62884eaea3f4ee3f61ff57,2026-04-16
NAMPA,1022,HONDA,CIVIC,1998,85,e1c30224963aa7304cd9c9ca73dbdba39f68f8ceeea49f2d64866a75c538e93c,2026-05-21
NAMPA,1022,HONDA,CIVIC,2005,83,985d182508945624c431584bd3f1e7bd3140730c3f019c5581bee7c10f0a8ae4,2026-05-09
NAMPA,1022,HONDA,CIVIC,1999,82,e0e9ce51dc80f8160aa794c3e801b03af52b2195d38c722cf6a32e8b2bb49406,2026-05-06
NAMPA,1022,HONDA,CIVIC,1992,83,8bb6ceb07bb674537b444dd4dcbeab579ed32175ec0d02a7515b38adcef35358,2026-05-09
NAMPA,1022,HONDA,CIVIC,2002,83,770046d1440305dcd131b48a96c541fc7a460ab6a7613da2a41e7990b54e93ce,2026-05-12
NAMPA,1022,HONDA,CIVIC,2009,85,d828373071618f4575462e030ac55f0bc6b002836047e2990f661a17375ead6a,2026-05-21
NAMPA,1022,HONDA,CIVIC,1997,86,e244c373807cfb3105feb47ce2a7692b61e58eefce007beb95a5005e58867cb7,2026-05-30
NAMPA,1022,HONDA,CIVIC,2001,85,147ca23bddc398e5790714ca938e5e413f71122e258cd388bd8f767e7aa4aeeb,2026-05-21
NAMPA,1022,HONDA,CIVIC,2001,87,013780f8c981808dca3a60ba1bc697eaea2588abdc582891286a3560647e0ff9,2026-06-03
NAMPA,1022,HONDA,CIVIC,1995,86,81305d4db91051d4750e0778067de7fac13224250dfe972da3b5f669f0ae4f6a,2026-05-30
NAMPA,1022,HONDA,CIVIC,2003,86,a2fe21c08c901e5f1d16eba0fb0be81316e9d80f34ef8a205a6e821c7015341f,2026-05-30
NAMPA,1022,HONDA,CIVIC,2010,86,cad829da487b145ba7124dd9d782dd2253ca37be56dcfeefc8c975417b405edd,2026-05-30
NAMPA,1022,HONDA,CIVIC,1993,87,0721932632262ffadacc01aa698bd067872b02355b253e79c383a78f3f269c75,2026-06-03
NAMPA,1022,HONDA,CIVIC,2003,87,abf01ffe5a64c43111e0bf1fc14e573190188a47d97ed39e7b223b80ecf00730,2026-06-03
NAMPA,1022,HONDA,CIVIC,2007,88,72464d4a0bd6c0cca116bc71b011057e8d07d40a0eca10b0ea88dff4af3c6c12,2026-06-12
NAMPA,1022,HONDA,CIVIC,1995,89,a0ff1b6c073fcf1c11e494af5dbeb523010a4971a6f7b5090fdd0581f5f62c56,2026-06-19
NAMPA,1022,HONDA,CIVIC,1990,90,61fc8d1e884315b1d020760ef41dff6498fdf85527431b78a0d8596cc6db30cb,2026-06-26
NAMPA,1022,HONDA,CIVIC,2010,90,0825b54a7a85d12b99428e4118d3d7253f832690f4469010cf667fa408f5ca04,2026-06-30
NAMPA,1022,HONDA,CIVIC,1996,90,610511de6771847f7645e1bab891f0c0d7508d8f971259b3c8dc86b23a9b81af,2026-06-26
NAMPA,1022,HONDA,CIVIC,2013,91,ee229687ac33be8c49026eda519e6e3976cc370a7e7bb8a2003b6f3b879a8ac2,2026-06-30
NAMPA,1022,HONDA,CIVIC,2002,92,b8a4316784c86d98a058374ddeaff045a06e725f4decc4bc67af193e0d2a547c,2026-07-07
NAMPA,1022,HONDA,CIVIC,2000,92,080c8c92bccc6d84dad08b007253d95720a1706205bfa1072fae70d30df87bf5,2026-07-08
NAMPA,1022,HONDA,CIVIC,1998,95,d7495cedcaedcc60d610e695621db613348dfe18c0d811841785bd143e6a7de2,2026-07-23
NAMPA,1022,HONDA,CIVIC,1998,98,7f4908f697b813f674593e3daf1ccba42a7381c56435c4d5731f71a321c35ef7,2026-08-07
NAMPA,1022,HONDA,CIVIC,2006,94,4f6dd56ac366146d63f42daf7bd87f05ea749d298f04321912d7e7783581404a,2026-07-15
NAMPA,1022,HONDA,CIVIC,2002,97,0a65238835d12fe4f8f3f4eff0b09e52b24de90d67f06ef117a69fda6c3dc5c5,2026-08-04
NAMPA,1022,HONDA,CIVIC,2008,96,5689e525552571c5039df860aae7fa3d241b0ac01d8ef1eaebdc5abbc9ee1716,2026-07-30
NAMPA,1022,HONDA,CIVIC,1999,98,06b36651dd522fd1c974f8c1683dba5a1fbf730cec5d3d7a0eb67d970a58d47d,2026-08-07
NAMPA,1022,HONDA,CIVIC,2005,98,1b8794f8a6a07045520d4d93f51b0c4892cad0c29b12e8d2597c018c741a47fd,2026-08-07
NAMPA,1022,HONDA,CIVIC,2009,99,47a6f77762f699a70d016dc1cf431518d0474cb7f676a5f0c743125db4bb66e2,2026-08-13
NAMPA,1022,HONDA,CIVIC,2002,99,03639cf422a8b548c33da06f862de63556c332af90f77ddc7f3ba1d6510d19c2,2026-08-13
NAMPA,1022,HONDA,CIVIC,2000,99,801d5e461cd0c0453267da228c0da97634b6df1d05054cef5ba6e1d18bde4ead,2026-08-13
NAMPA,1022,HONDA,CIVIC,2000,101,ac5933f4460e68112edba2581d9e63e7c15c3e070b69090fb484f68d08abf1cf,2026-08-21
NAMPA,1022,HONDA,CIVIC,2007,75,8d15c765d4f9c288fa5cc69768d707fa8c4af52ed9fd1f94f59d8ea4f0df444c,2026-08-29
NAMPA,1022,HONDA,CIVIC,1998,74,f0fa459a6078e246ff5781be4b13954bc467ce164496ca4ace6d95e82fd3eda4,2026-08-27
NAMPA,1022,HONDA,CIVIC,1997,75,f86b0a167991e10e768aa20c67752c0952f7eaf909f0189e866d80b57d6a1c47,2026-09-03
NAMPA,1022,HONDA,CIVIC,2005,75,b5683fe31b7cbc07a2941425bb1915655da213c413a26242f4ce63ebca16c176,2026-09-01
NAMPA,1022,HONDA,CIVIC,2010,76,2c3c0f4aca27e6b189e3129c3d03d50f8dcd11691ebc792450bf2ab4c4c707d7,2026-09-04
NAMPA,1022,HONDA,CR-V,2002,70,af3426538165b311b2214d24619bc0c6e9a0019a7179f748501e9556e038fb62,2026-05-30
NAMPA,1022,HONDA,CR-V,2002,72,c0ef978e2307f12492be0c885bcc0d0526c705f837dc463e83b9ac9f51098f61,2026-06-19
NAMPA,1022,HONDA,CR-V,1997,72,0c298c3bc66a58e7bef45d91c7149de01b6600eef0f169524f5782219c031627,2026-06-19
NAMPA,1022,HONDA,CR-V,2007,73,1cd2adf19e77a77789f51cf77e67eea73a6c58b95a5385740fd018cad905ae41,2026-07-03
NAMPA,1022,HONDA,CR-V,2006,66,fcec0e1c3f4b1fec87f103cbeb9f9033ad844ce4ecd67810e5e58d735ab959d5,2026-08-01
NAMPA,1022,HONDA,CR-V,2007,66,149835a443e8b9cf6a66a6164caac3c024f9660b28f587e03a3b88b4525001c8,2026-08-07
NAMPA,1022,HONDA,CR-V,2001,66,10c245575b7aa8e7e62cc1838b6b80ad0ff96bb4f62521bb631b8d190ef8b120,2026-08-12
NAMPA,1022,HONDA,CR-V,2004,68,cff3a6bcaa01c9d4fbf565151b447dc3410bbc2ab1fca441467ade6d5a08def9,2026-09-02
NAMPA,1022,HONDA,INSIGHT,2006,88,5992698067602ff758e0f0fd9f2ba4469c42d0b0cca228f5eb41a7e9a72241da,2026-06-12
NAMPA,1022,HONDA,ODYSSEY,2008,70,34bc6c3e9d54f2e930242399b1f2bc9c07e8f148be8a30415b6004594d10061f,2026-05-26
NAMPA,1022,HONDA,ODYSSEY,2007,70,7f6974809d74a5d2bc53a5df4cbfe89b728f21e00c835e63c8bc8e3b4c9b4f54,2026-05-30
NAMPA,1022,HONDA,ODYSSEY,2007,71,9fff84d7c95f45ab3e2db3c604c45500c3a317e30850b4568c171818ca9b12bf,2026-02-24
NAMPA,1022,HONDA,ODYSSEY,2009,73,59c8792fea1095fba6a1e4710054c99dd7a061e1c34853d8d40f95b94e2aeee2,2026-06-26
NAMPA,1022,HONDA,ODYSSEY,2008,65,b853ccbe9c4e5973a22ea112c9b3bc6c559f81da2ec7b532d8bf3b71ae42b28f,2026-07-25
NAMPA,1022,HONDA,ODYSSEY,2002,64,469061137b9411e44ae810f4a8aea67ae9849ed6956bfd6c84cb846f900a16f5,2026-07-22
NAMPA,1022,HONDA,ODYSSEY,2004,64,8b265dcd9e1e699b73ab5f7a5369e08dd267e5fa7c85a5cb7cc9c527327466cb,2026-07-22
NAMPA,1022,HONDA,ODYSSEY,1999,65,860057393bed99e1990a1237aeb7e363d17b77109d4738a4b0e9f49bc0779629,2026-08-01
NAMPA,1022,HONDA,ODYSSEY,2001,65,536eb9019420562b1e373ba7a8d3db240ad82d1556c0b5d6b516adce52c63d8d,2026-07-25
NAMPA,1022,HONDA,ODYSSEY,2008,65,b853ccbe9c4e5973a22ea112c9b3bc6c559f81da2ec7b532d8bf3b71ae42b28f,2026-07-25
NAMPA,1022,HONDA,ODYSSEY,2007,66,93a0a08b2180da529b8d3afd14bb7a0ddf2418f8f2859598381615066e526f0d,2026-08-05
NAMPA,1022,HONDA,ODYSSEY,2004,65,7456e47cae73af8cab6fa23068c8e941d8234b8d4b1f393fd14e42540bc1eabe,2026-07-29
NAMPA,1022,HONDA,ODYSSEY,2005,65,069c118012fd7277eabf0d332e20d09d6145d92a8c588d56628a214f50879ddb,2026-07-29
NAMPA,1022,HONDA,ODYSSEY,2005,66,3b60d541c82db1f748100b5cc2a3f2aef79fd377088dd9b87e1f9457f3a76668,2026-08-01
NAMPA,1022,HONDA,ODYSSEY,2007,67,db9c9f3c886da6145f65585c7a47d6e7e3d80d34356458741f39aca63ef97e0d,2026-08-15
NAMPA,1022,HONDA,ODYSSEY,2005,68,e7d8474ccc4d3d54176a1d463b0aef32e31c7f57c8ebbe5c0d2ff4af5fe42aca,2026-08-27
NAMPA,1022,HONDA,ODYSSEY,2007,68,8ac695f4243e6d827701248b0f68db8101288c3ccf21ea9fb88936a6ff0d354d,2026-08-27
NAMPA,1022,HONDA,ODYSSEY,2008,69,1151a9962bbb3c966a916092a45054c2d4664339ac8ace9ad5aa682847b61c0d,2026-09-05
NAMPA,1022,HONDA,ODYSSEY,2004,68,0cc6b35983974fa1ffdde8b5d5532cb5fefb16bfedbae02ba3f67f335d7b4c67,2026-09-09
NAMPA,1022,HONDA,PASSPORT,1995,72,4f4b3ee38aae7f32b05f1832deabd8f6714fe88c7a8160419142175b4f5e261b,2026-06-24
NAMPA,1022,HONDA,PILOT,2003,70,d8c24bbad39c300430eace80b2859a28b44a8d19ae8b685dbdd6f43614b80da8,2026-05-28
NAMPA,1022,HONDA,PILOT,2003,70,d8c24bbad39c300430eace80b2859a28b44a8d19ae8b685dbdd6f43614b80da8,2026-05-28
NAMPA,1022,HONDA,PILOT,2006,71,f5a332ba44caf6b3d5a3ede1663a643ab60dccb353d1a492a306bb1cfa091909,2026-06-02
NAMPA,1022,HONDA,PILOT,2005,71,c50eaab5f30e9de4a9f3c0b18e04a069281d3630cb9b5d60f378da161ea4d6d8,2026-06-02
NAMPA,1022,HONDA,PILOT,2005,71,c50eaab5f30e9de4a9f3c0b18e04a069281d3630cb9b5d60f378da161ea4d6d8,2026-06-02
NAMPA,1022,HONDA,PILOT,2004,73,eda5a10a63e019612c10902a9c92d95340d7a8433420d3505bda636a1df9279b,2026-06-26
NAMPA,1022,HONDA,PILOT,2008,73,9e9ae2dcb54bc75ba83f0e143b1aaf843b2ed1b96ec1aac5e3e2c1283f9f82ba,2026-07-09
NAMPA,1022,HONDA,PILOT,2004,73,eda5a10a63e019612c10902a9c92d95340d7a8433420d3505bda636a1df9279b,2026-06-26
NAMPA,1022,HONDA,PILOT,2005,65,bfe98cc9ed1afee41cd1d52ec7b29ade20d03945fef8c892f7fe5c9fa0d20d58,2026-07-31
NAMPA,1022,HONDA,PILOT,2013,68,ce61d88b2bbf58a754216eaae3f0c42cfb143852d09314425093db199df537d9,2026-08-28
NAMPA,1022,HONDA,PILOT,2003,67,0b5fe4f7874dafa7281d38b047dfd4becbd92fcf6cf95e5ee810c660fc2d37c3,2026-08-15
NAMPA,1022,HONDA,PILOT,2006,68,b07a54cbf177ff7c9c6921390ed4d9ef3b06f53f0b859d6d26acbd98e61921f6,2026-08-25
NAMPA,1022,HONDA,PILOT,2011,68,f176ae344d559bf22b79c1fa8f4eecc5b9e5f5ab6e356277137db0490731d52d,2026-09-03
NAMPA,1022,HONDA,RIDGELINE,2009,64,0f9c6e14d5f4e726e6f7960e1648fac936b799e16aa91d7152c5374874ca2518,2026-07-16
NAMPA,1022,HYUNDAI,ACCENT,2006,78,04f222cff55fdbacfb6431117a41079401baffcd559b5d46b63732047726d76f,2026-04-18
NAMPA,1022,HYUNDAI,ACCENT,2012,80,5e9f6bcb540e15c42a148159f3646639b814519a6922863ca24a077681d0a27c,2026-04-22
NAMPA,1022,HYUNDAI,ACCENT,2005,85,806457b4981ea83c66086b46c7c064ea76b399c352d0b26580f55c0e932fca1f,2026-05-21
NAMPA,1022,HYUNDAI,ACCENT,2002,85,5f80754a268faab2db5adea1f686b776e0450713506b03e17f7804433fa1eafb,2026-05-21
NAMPA,1022,HYUNDAI,ACCENT,2003,88,2d6ef94fd1049b26a11c381a58da2e8f7c1199b6f4b2c8d5ea35552a60b50aa3,2026-06-12
NAMPA,1022,HYUNDAI,ACCENT,2005,90,dbd108c7eca6d2a2d874b263a28acf46a6065fcd3aa0fc257a7783959114c98a,2026-06-26
NAMPA,1022,HYUNDAI,ACCENT,2003,90,735f80dc8ac1e0cbb3c087fe7d7593b86c74f5b9e8034d6dc085a54d0be6476e,2026-06-26
NAMPA,1022,HYUNDAI,ACCENT,2008,95,edf67575fe83d03092ba063a69d1658eb91d5d42ea845a739fe6681ab153d686,2026-07-22
NAMPA,1022,HYUNDAI,ACCENT,2002,101,69ab4ac812d703440070c2edb369ad4540f61ed2d2772d84bed2ff52a30b35e0,2026-08-21
NAMPA,1022,HYUNDAI,AZERA,2007,94,f4a5a60bfd0ff8231a1695a43acfc525e5e1b8a3a7be61a1444bff75531ffb30,2026-07-15
NAMPA,1022,HYUNDAI,AZERA,2006,75,25ffff5e0c84d9234469ae80bf9c0964bb4b77a173e498902a3ea4bc1c857725,2026-09-02
NAMPA,1022,HYUNDAI,ELANTRA,2004,79,a7ed41936044ee5de6eb152a8dc214144682a160ab64e677dd9d203db423e7c8,2026-04-16
NAMPA,1022,HYUNDAI,ELANTRA,2006,78,36569fd949e49fc2a0bcfe8781cfcfd2ac139f820498cb856118ec698dee4a6d,2026-04-08
NAMPA,1022,HYUNDAI,ELANTRA,2008,78,231d2132bbd4389218ac319bae3f7fe3f14ed8899c16e52b51f548136f6c35e2,2026-04-08
NAMPA,1022,HYUNDAI,ELANTRA,2007,80,1eaf2d62bad6d00c92a262598ab2fab3b541f92a424834eecafa12ee9f7278da,2026-04-18
NAMPA,1022,HYUNDAI,ELANTRA,2003,81,3bfbbee675cdb8cc1ab85ab9fdb8c16fd31666f4d10e938c3e1e83851cb693ee,2026-04-25
NAMPA,1022,HYUNDAI,ELANTRA,2007,82,9faa484c5475c39b262fb207a52f8c9aa2f38cb9fc2a970bd04cdaca2f298e8d,2026-05-06
NAMPA,1022,HYUNDAI,ELANTRA,2005,82,af6da44a2dbe32980171e396391895575d43b119d485fff510b9ec6d9cffc5a0,2026-05-06
NAMPA,1022,HYUNDAI,ELANTRA,2013,82,b41732b8973259afeea4bbb2525d25b9fff28276b9ae8cf770fb2f59bfb5ebce,2026-05-06
NAMPA,1022,HYUNDAI,ELANTRA,2002,84,71ef1810284378eb044f1888842594a6e57cd21f3de99b54cb7e0a9138e31501,2026-05-13
NAMPA,1022,HYUNDAI,ELANTRA,2007,84,809973abe620fe266e004284caef5f6090e1b688adb0e96a48d42c6c02ace76d,2026-05-13
NAMPA,1022,HYUNDAI,ELANTRA,2007,86,26742bf58b248055f7e10b1bec0c84062db9371bbed6d9f814679fa7680546b9,2026-05-30
NAMPA,1022,HYUNDAI,ELANTRA,2017,87,c779285ccdd2aeb8553abde154e3b73e92d4f865c059f7cae9f7680a2c57ff9a,2026-06-03
NAMPA,1022,HYUNDAI,ELANTRA,2003,88,1eee5261afe35c2a9a4bebf311d6ad41b9db134bbdb55b9e1e769376a5795984,2026-06-12
NAMPA,1022,HYUNDAI,ELANTRA,2005,88,f3d71a976efaf14b7ef3071a3a0b946186768442ecce1103004119ee0639d833,2026-06-12
NAMPA,1022,HYUNDAI,ELANTRA,2005,88,f3d71a976efaf14b7ef3071a3a0b946186768442ecce1103004119ee0639d833,2026-06-12
NAMPA,1022,HYUNDAI,ELANTRA,2010,89,b5476560fd99be63d1028a70bd6be04b1a8135560a68416915271d20b940d145,2026-06-19
NAMPA,1022,HYUNDAI,ELANTRA,2013,92,98068d14328b52a967714d10f85c26be6b591f93c5ed2bd4afd4c5a2f9912495,2026-07-07
NAMPA,1022,HYUNDAI,ELANTRA,2013,90,a12f6fe39c243d2d800a05ef4e16919e9bf443e8697263eceefa56a06b2f3a25,2026-06-26
NAMPA,1022,HYUNDAI,ELANTRA,2013,93,ebc27e0e7d5ec42fbb63c21c3292dc8df6b9e16c884459742efeb23bda638093,2026-07-10
NAMPA,1022,HYUNDAI,ELANTRA,2008,94,55469d38a65e533391944b547dec8f8884a977222023a818f8291cb517720118,2026-07-15
NAMPA,1022,HYUNDAI,ELANTRA,2018,94,fcaba0e02207374b720bd5d5f2a07c0e9b6326f1062e7bac1c33b15baf71ae7b,2026-07-15
NAMPA,1022,HYUNDAI,ELANTRA,2003,96,a61dc1865c7be981f6ff65ff9a4f36b81380e1d3a39017fd732f95b9dacd19c3,2026-07-30
NAMPA,1022,HYUNDAI,ELANTRA,2017,99,2e326ab721ddeeac6b497ce7826ddbcd680d5752dcbe1dd316760408ff63a4bc,2026-08-13
NAMPA,1022,HYUNDAI,ELANTRA,2004,101,d6a5246f118d831125d0960eb59ec20abf07a93fe79f60aa66fd070945b2b45f,2026-08-21
NAMPA,1022,HYUNDAI,ELANTRA,2006,99,9b3852d3efa095c1111f2a8b8880619277f56e9cc4ed9239a167bc187fe7e2b0,2026-08-13
NAMPA,1022,HYUNDAI,ELANTRA,2003,99,31a87c5640c4974ba588ed063a9c2212c498daec437cbed697d165bc2f427370,2026-08-13
NAMPA,1022,HYUNDAI,ELANTRA,2005,99,10c0654fd1997ec9c9136c9602872f8332e17542395281f3ce86f7075a8747c4,2026-08-13
NAMPA,1022,HYUNDAI,ELANTRA,2010,100,bbfa018f00c95ff92725c71bd48301467e8552b04be09bb975c2372993a6c6a6,2026-08-18
NAMPA,1022,HYUNDAI,ELANTRA,2005,100,71123fb2a4d8b0a83f0a0a4cb1fae4400199f15de863034d46ee38c06f925254,2026-08-18
NAMPA,1022,HYUNDAI,ELANTRA,2005,74,953bfcb5e43383f920ed0dca92c8e0b47bdc8f914ddbd60b064eec347cbda564,2026-08-27
NAMPA,1022,HYUNDAI,ELANTRA,2006,74,7a6ed67f2563132fcdb48988377b2829b68287aee1f707f9ecd4334aeb1fb6e6,2026-08-28
NAMPA,1022,HYUNDAI,GENESIS,2010,94,95ff72f13c53a95746fc513b5a5ba4c32b690a9c1b625c2f88e15f29d094c58a,2026-07-15
NAMPA,1022,HYUNDAI,GENESIS,2009,86,cb94c215a6f7eddf0322d2d11b30ade068c1800bebd28d82b65978c835cd1e2e,2026-05-30
NAMPA,1022,HYUNDAI,GENESIS COUPE,2010,76,43509b65cd7241de01062414b2d8dbc6f5b3c67f89517c99b81b4e4065ed0526,2026-09-04
NAMPA,1022,HYUNDAI,SANTA FE,2009,70,f339503f216847a129e91e52001c286954e41efc3aead08d40e24ffaba8c3bba,2026-05-23
NAMPA,1022,HYUNDAI,SANTA FE,2008,71,10d20c8c699fcca76e089877912648bb3f4c1f5818504199735ff7d2ae375468,2026-06-03
NAMPA,1022,HYUNDAI,SANTA FE,2013,64,63f27762f76d8361e1745e2fd1cf38591193fb5b061901713d20e77bc36cdb05,2026-07-15
NAMPA,1022,HYUNDAI,SONATA,2013,81,b2ec57f1cc345550e26cbfaea84bd1383b6970671b6828671fcaba3e9c7f6734,2026-04-25
NAMPA,1022,HYUNDAI,SONATA,2012,82,e1870bb03945fbeb16a2c21c8f5dc81d8852ffec6f836757c20d4d402832c963,2026-05-06
NAMPA,1022,HYUNDAI,SONATA,2011,80,419192c6774b228ad476d20d24e1f96f3f89233a53946ec529fe2f27dc402c95,2026-05-02
NAMPA,1022,HYUNDAI,SONATA,2012,81,557f14387e28afd6ecc22d35a0950ab82c26e4217d5daadfcbe7199016aa0a71,2026-04-25
NAMPA,1022,HYUNDAI,SONATA,2012,82,e1870bb03945fbeb16a2c21c8f5dc81d8852ffec6f836757c20d4d402832c963,2026-05-06
NAMPA,1022,HYUNDAI,SONATA,2015,81,9d708f5a6b04cabefda1d12cda386547deee8861f8f359f3bbc1c5606ce17e91,2026-04-25
NAMPA,1022,HYUNDAI,SONATA,2007,82,01e351c659a9f274115cf1c8ae8246fa7543566385c2fd1da66ce161f974d369,2026-05-06
NAMPA,1022,HYUNDAI,SONATA,2015,83,a141bfc67f25415fc8ef1273de9db9de6ebe5ee5e1e387c9d9a5bd1170ec2f76,2026-05-12
NAMPA,1022,HYUNDAI,SONATA,2002,87,87b4015bdc492f38dd421f91b4eb7b0c83e51e2d3fa9eda9c29b68029a784f3d,2026-06-04
NAMPA,1022,HYUNDAI,SONATA,2010,88,ed504b3556a4e3891e670e525071580d10a7409f2297ea54429aba19c367318d,2026-06-12
NAMPA,1022,HYUNDAI,SONATA,2003,89,177d8f3b9cb2ca3551fbc4a0f5820d50645338cb84a50465aa2d42c5f132fbd1,2026-06-19
NAMPA,1022,HYUNDAI,SONATA,2005,89,038e72fb106c4bada8ef0737b16fc9c132c650d02664073c160cc966755d7ef3,2026-06-19
NAMPA,1022,HYUNDAI,SONATA,2006,89,e829191b9cbbd365be7124c41fa168004127633175fb0d8fb8e74e81329b7840,2026-06-19
NAMPA,1022,HYUNDAI,SONATA,2006,74,df3d3385b1ef9705b9414d0169a0d190daee937ea8c6205833f04a65f73bf4c1,2026-08-27
NAMPA,1022,HYUNDAI,SONATA,2011,92,f714adf8125e42f81e61cc41186f9ab50aaa3b56dba0a905d74043f4b317a674,2026-07-04
NAMPA,1022,HYUNDAI,SONATA,2007,94,68448d592c4946e00f63ecb86e1e817f8f79f2b2cac03e3d344238eecdddca67,2026-07-15
NAMPA,1022,HYUNDAI,SONATA,2013,97,a36c38f36c56a9b91a9e23400d964cb7d03857699c7a6c03f1a79ac2386fd813,2026-08-04
NAMPA,1022,HYUNDAI,SONATA,2002,95,34dc3ad3c13f2feb444ba44103f92740c8a91fcf0ecd8ad2870a8de5dd894285,2026-07-23
NAMPA,1022,HYUNDAI,SONATA,2011,75,6a8c99eb247ec884eb69276902eac38c540fbb80cb6a0309a19cef0de9349764,2026-08-29
NAMPA,1022,HYUNDAI,SONATA,2014,96,aaa16c40a0e84f0430029252186df2e65aedddf19538056c9ebec0ccca0fe20b,2026-07-30
NAMPA,1022,HYUNDAI,SONATA,2004,100,fe611197305ccc17de31ee7984b44056c69d81cbb293ae62b9635ef62de8ceb0,2026-08-18
NAMPA,1022,HYUNDAI,SONATA,2007,101,26f785f48c4b1ef9e33fc36c33176b73a1cee9da1994494d6e03de8d46e59420,2026-08-22
NAMPA,1022,HYUNDAI,SONATA,2013,101,e8e9edd2429cb804d5fc0a29731d8117966399f2c6a87088a573ebaa8cdda996,2026-08-21
NAMPA,1022,HYUNDAI,SONATA,2009,76,f292178046d44f9e4652d6e0d4b8f730e8464cdd9cb33f8ffdd1aed5a01ca8f8,2026-09-09
NAMPA,1022,HYUNDAI,TIBURON,2008,78,858aa8e01770c11411b0905b7ed9a38cd6ba42fd4610f20522ac37ba850bbd19,2026-04-08
NAMPA,1022,HYUNDAI,TIBURON,2003,78,6a795ad778cda8195735e0d275c05280008aad606763fa609d790af8a1a6dcee,2026-04-08
NAMPA,1022,HYUNDAI,TIBURON,2006,87,392d08db90f31eeec5277dfbb785cb26fa15ea1700d034fe8342e0b06d8f41be,2026-06-03
NAMPA,1022,HYUNDAI,TUCSON,2006,71,ddb3c74629daa87ebb79ec78838ed1925a8b5f01e3262f5a20ae7652f8fbbbb1,2026-05-30
NAMPA,1022,HYUNDAI,VELOSTER,2012,87,59ebe84cab499a0cc37577a2464717b4bfbc5b3f6119999103d996f7e0deaa58,2026-06-03
NAMPA,1022,HYUNDAI,VERACRUZ,2007,71,61e89d108881b9eb3c7927317978bc303e897bb82a2e6626f39b6b973af16499,2026-06-09
NAMPA,1022,HYUNDAI,XG350,2004,80,5da508ffdac1aadc3cdaab906387a92ef643fbaed21ba0002ee85fb9e8a2f1ad,2026-04-22
NAMPA,1022,HYUNDAI,XG350,2005,95,267b54810ffa53a0a4a1459b73567fabf95906360e45dbf47a324c3e12d48464,2026-07-22
NAMPA,1022,INFINITI,FX35,2005,71,35c7b3877d7f9197db9698abc4a3b5c6e8cb76ca8a5afb2d373c4f7e8f218d80,2026-06-03
NAMPA,1022,INFINITI,FX35,2004,70,9c044b7678860314e5bd1cf99ede540aa06f1218a40c625723b11858978cb779,2026-05-26
NAMPA,1022,INFINITI,FX35,2007,65,05c8a97fa9bd20324b4c87f1b745e3418299bc74c8c48e27ee7a75e8f98824c9,2026-07-25
NAMPA,1022,INFINITI,FX35,2007,68,db3308e49c8b36a16ea8fc49ff940f1eac17619ff8110369d4da8c3cc8239547,2026-08-27
NAMPA,1022,INFINITI,G20,1994,81,834a5addbef40e37aa98dce0ce050025b05de00eb8b2a8c79995059bf4ba4ad6,2026-04-25
NAMPA,1022,INFINITI,G20,2001,83,db8466559324f6e6d2387389c0c1029446acaaf58b37256331cfb73fa2eb2d34,2026-05-09
NAMPA,1022,INFINITI,G35,2003,80,fae974571fe09e0f0dddac556064242aeb6518b779d7db3618d3fed0022b3c34,2026-04-18
NAMPA,1022,INFINITI,G35,2003,93,55fa0d9ae7390b2dc3896721ed0ef13394ef282cd7290be8a333369656ad3576,2026-07-10
NAMPA,1022,INFINITI,G35,2005,97,dc56a3077fd263a4222d13190101f126aa63c6886282b3e4d28a0761799189cd,2026-08-04
NAMPA,1022,INFINITI,G35,2005,74,68f5ac4c18a5a4f669c0fb181556272952a8882cc9daea8e511c74641c256733,2026-08-27
NAMPA,1022,INFINITI,G35,2004,74,201a4878a3c09846206f9544f09142e6bfbad5c1c022feea0099267c39838af4,2026-08-28
NAMPA,1022,INFINITI,G35,2008,76,6dc6a17a503a662e63767d0930543d96019e8845f6496cf994aca7dcfa846e91,2026-09-04
NAMPA,1022,INFINITI,G37X,2010,79,1f0c269826d99546dbb22d149d0b9e7126a6231a423fde73c291e7e4d299a2b6,2026-04-16
NAMPA,1022,INFINITI,G37X,2009,98,00182f3f238bc04cb0ab5f23171e1bb9b55eef5b878e8762f4f74af18b47befa,2026-08-07
NAMPA,1022,INFINITI,QX56,2006,65,9654dd9bbcd27cb9ade88af0201208f1fbd382bd03766f5f6150acf8d9a786a1,2026-07-25
NAMPA,1022,INTERNATIONAL,PU,1976,102,843dce45ddb7f04deaae77c809bf49bd4f35d89c157374cecd894b43256a1a79,2026-07-17
NAMPA,1022,ISUZU,AMIGO,1999,73,4d6abb565173c62edad5070b3383a8db346059c3b8f6eda98481a65d7240dc3b,2026-06-26
NAMPA,1022,ISUZU,AMIGO,1997,64,e02b91cee75061532e984d0bcb5ea66585bee7af277584cee0e3d088d9621905,2026-08-15
NAMPA,1022,ISUZU,PICKUP,1993,72,c42643f90ee752f3024f3965e98cbe27f10b05befff5392d30852ace884243e2,2026-06-19
NAMPA,1022,ISUZU,RODEO,1992,70,fb182ba435cb8b254cdd6988ecbea3694b3b5d6229716bc91e01264adcb5e90a,2026-05-22
NAMPA,1022,ISUZU,TROOPER,2000,72,7886afe11909d6ea3253c45cd6ece83360874956c6fc32ddbf2cdbf8fa93bc78,2026-06-12
NAMPA,1022,ISUZU,TROOPER,1999,73,44355b7405bd82f45ec38d59252223a116c023b392e6a248681ae4a2b6f09651,2026-06-27
NAMPA,1022,ISUZU,TROOPER,1995,73,a7c89ece8cd396bced40818819e8aa2f1e28525cfb88328bf9bdce9e42510a2e,2026-07-02
NAMPA,1022,JAGUAR,S-TYPE,2000,98,4d8e815acc14b704bd258fc758d2160af17ba37a2981479ed62c62f8602b57a3,2026-08-08
NAMPA,1022,JEEP,CHEROKEE,1988,32,a59e81ec3d7a29853f0e2e3db9dfb8558efaa3868c30bec2cd989d86903d59f1,2026-06-05
NAMPA,1022,JEEP,CHEROKEE,1989,30,e94e9619086f557c72b180d51ee8441adb1ee3ee1cf580c0da531a91e1b02816,2026-08-25
NAMPA,1022,JEEP,CHEROKEE,1993,31,2f43d41c2b5c9c8d32b086d40c05d8ba9f61f3b120f45d95e15d54483b25ed74,2026-09-08
NAMPA,1022,JEEP,COMMANDER,2008,29,543ae152faf9c5fc9e6038d67f9e03be81a704ff803404b27a3b5a829dabeab0,2026-07-21
NAMPA,1022,JEEP,COMPASS,2007,33,0c60459f842bd337900c0a636826e999aac8dc20631fe59d60ac7a57421a55a8,2026-02-18
NAMPA,1022,JEEP,COMPASS,2014,29,242667bf0a85df678d11cceaf0a1fd1caad84ad65013df0f08eabcf6de271ac2,2026-07-22
NAMPA,1022,JEEP,COMPASS,2011,30,43292e2709dfedb45bf9d84f9dafc1437ad5788d607ac80a5df4010dc5cc43a1,2026-08-25
NAMPA,1022,JEEP,COMPASS,2010,31,12b3ae50fda419b2491b1a90b2c7963f28826015a5faa138d2cdf5989e9445a9,2026-09-08
NAMPA,1022,JEEP,GRAND CHEROKEE,2001,33,b7c96d23c20c3924123bccd1b440453ca8f530a263f55190177b055b17af40d7,2026-02-21
NAMPA,1022,JEEP,GRAND CHEROKEE,2006,33,b54a259e138555c4b19391c48513076c795bdd346d4344738f346922b13b5470,2026-02-07
NAMPA,1022,JEEP,GRAND CHEROKEE,1997,33,e7cdd7324d54797fddb2c12cb0e56be15a2dfc0a538f2b3fc61584028086e73b,2026-02-15
NAMPA,1022,JEEP,GRAND CHEROKEE,2005,33,d6e18999a1fdce1e5ef76fad377892e6fb6bf089972b612fda6062df7e3b82fd,2026-02-21
NAMPA,1022,JEEP,GRAND CHEROKEE,1998,28,af50819f125e5c39c4ada6379afb1689e4aa212539330e19837a967d9fb36ca5,2026-07-11
NAMPA,1022,JEEP,GRAND CHEROKEE,2006,32,427e2cd0c1d4a3b4498b0de2883f3458fa28bff9de5c6c1cd87a15312feafabe,2026-06-04
NAMPA,1022,JEEP,GRAND CHEROKEE,2007,32,8e4443df9a6d85bc4d6572a0b5bca288eee5335e8c859162bd3f8d310c82e6c9,2026-06-24
NAMPA,1022,JEEP,GRAND CHEROKEE,2004,28,54ab0d22c0b7d73e4adda02c165ee2372ea029c8ffb741a1177dc95a8ef65f66,2026-06-26
NAMPA,1022,JEEP,GRAND CHEROKEE,1999,28,28827796ca2cdaf3182a8dfd3ef5694a388481a28e447204fd4cb5cf96eef694,2026-06-26
NAMPA,1022,JEEP,GRAND CHEROKEE,2006,28,566f221a7a4a156db3a0dbd19a81cc4bdf16a1ef17b2862c68e6daeeb7a511c0,2026-06-27
NAMPA,1022,JEEP,GRAND CHEROKEE,2008,29,8963a594853dd396e66c83a104dfee584c1c1226e564630aef71df682af3efcd,2026-07-22
NAMPA,1022,JEEP,GRAND CHEROKEE,2004,29,d17b1a494807303afc634be50e02aa4e2d6dc44a250d2b638de1dbee1e2ea6e3,2026-07-25
NAMPA,1022,JEEP,GRAND CHEROKEE,2004,29,d17b1a494807303afc634be50e02aa4e2d6dc44a250d2b638de1dbee1e2ea6e3,2026-07-25
NAMPA,1022,JEEP,GRAND CHEROKEE,1994,29,080bc74f007a0c1e09f9f94d3f32853adce4a414dd32159afed1bbaccbf11a81,2026-07-29
NAMPA,1022,JEEP,GRAND CHEROKEE,2007,30,841ffb0ffd4c27cc6fcb51763dc030ffbf992457b83f423d37e74cc4bbb104b8,2026-08-21
NAMPA,1022,JEEP,GRAND CHEROKEE,1996,30,ff7db579031e7c198222c6c3694458cdbb5eaf321ff2e6757dc58ae89a5b7201,2026-08-12
NAMPA,1022,JEEP,GRAND CHEROKEE,2004,30,30e80963d4e1936c3f1e936ff64310d8e900402d0e0a6f4cd52e42a48e98a76b,2026-08-13
NAMPA,1022,JEEP,GRAND CHEROKEE,2011,30,dbdd7185effa846eb563a09e3780e3b3bd3ec023a8a5487188847bef6c31ccbc,2026-08-14
NAMPA,1022,JEEP,GRAND CHEROKEE,2011,30,dbdd7185effa846eb563a09e3780e3b3bd3ec023a8a5487188847bef6c31ccbc,2026-08-14
NAMPA,1022,JEEP,GRAND CHEROKEE,2000,30,bc6d184ee1f62add385c7bf9db021fb011809f13150a74ba5c0ee0c29f4beec7,2026-08-25
NAMPA,1022,JEEP,GRAND CHEROKEE,1999,31,07ddbdc5ad7f469038f5c2571c02f53c3c00c240a675b10d133ef1b98e93be44,2026-09-08
NAMPA,1022,JEEP,LIBERTY,2004,33,3428a5a3bebb5c4629c1037aae40c00fedfc453d7cb5c0d35b683540aa68b784,2026-02-10
NAMPA,1022,JEEP,LIBERTY,2011,32,6b6a0fa7250e5a956340617448f61ab2292e45b96430332c5bb2b3492f99b3e1,2026-06-17
NAMPA,1022,JEEP,LIBERTY,2005,28,ab654e744a448e8e8111117c315c7a80d5610887027c5054313c57d956c8c877,2026-07-08
NAMPA,1022,JEEP,LIBERTY,2006,28,d563775170159cdfe09617196301a9829d44ed6afb84c0702e647fbf57b1b0c6,2026-07-03
NAMPA,1022,JEEP,LIBERTY,2006,30,0ea823c68195e119f79d2d3eeda3c7929229f4ae4534e316fa23e823772e48f8,2026-08-20
NAMPA,1022,JEEP,LIBERTY,2011,30,8c0125ed7f196576dc89fde32fa113485c08b84ab2fc7f3ba240b3f11f8fc2ed,2026-08-08
NAMPA,1022,JEEP,LIBERTY,2002,30,3b8ff69260aaef194eef3f5704b28e5e1b2262d2ee1fc404732a750131d3c568,2026-08-20
NAMPA,1022,JEEP,LIBERTY,2011,31,49670ed4f8e0f96b415c0b8b4fe1f06bd5715ff81523a844aa102088c1ba381c,2026-09-08
NAMPA,1022,JEEP,PATRIOT,2015,33,f62904fd52b24e3a55f8fa5d0618ef842892fb36de76f5ef5abbd9214d19c1f9,2026-02-10
NAMPA,1022,JEEP,PATRIOT,2014,32,ffc7205fc4ef1e1e7169ea50262ec064165e4cf74fe789dd87b891d728ef44ec,2026-06-03
NAMPA,1022,JEEP,PATRIOT,2016,28,99f326851330689ec62fed25cd810f3a1352a5f7341cfd5e61ffbefcdb3c3377,2026-06-27
NAMPA,1022,JEEP,PATRIOT,2011,30,0e86ca6c8f16d901e849a43bd23c3a131bbe2090e2b412eff849bb7105f3fb4f,2026-08-14
NAMPA,1022,JEEP,PATRIOT,2015,31,f7bcf6cad78dc68f494782e78904ef69f62c4d8a641e2f3b9872d277aa1141d9,2026-09-08
NAMPA,1022,JEEP,PATRIOT,2008,31,41a4559a3af0c72b3f83aa0027417a86af62991990505701a4ebb5fd302352c3,2026-09-08
NAMPA,1022,JEEP,WRANGLER,2000,28,14f8d2207b99ddac6b189b04f5c57fa2b16c2b3803d0d90dac2713c20f587957,2026-07-03
NAMPA,1022,KIA,FORTE,2016,78,93e8a5d8c3a0f89553874395d26ec3c973b50218f2c3cee9bc538f1bca2d344e,2026-04-08
NAMPA,1022,KIA,FORTE,2011,80,1181c505b46995a04894a025aa9a8784b2828c1e661d83f192235992554844ba,2026-04-18
NAMPA,1022,KIA,FORTE,2010,101,f951ddcb33978fb4ffcd9a6146d57315b89d8e16ec04a1bd608c47213207c6a6,2026-08-21
NAMPA,1022,KIA,FORTE,2014,101,d60dd965381c0bdc2838e8a71c13da1bd316b10f205c1505835732d62fc90679,2026-08-21
NAMPA,1022,KIA,NIRO,2018,64,4a7321a3a8f2f7e046c63531fdc9143307ae18b172ca196a6644843e3e4da779,2026-07-15
NAMPA,1022,KIA,OPTIMA,2013,79,3b9f42db26c4b1011e97698a9c20e35081f9abb8fdad07749cc59ceee4a456a2,2026-04-16
NAMPA,1022,KIA,OPTIMA,2013,84,41c6b5037a9a5c8c5b77e0d5db0dcb461833286e637e246da300ef85c56db187,2026-05-13
NAMPA,1022,KIA,OPTIMA,2014,81,b6d57dc765ac90bf97759d0661deb449013c2ffb2c78d4ece1c3faeb3f89ffd7,2026-05-02
NAMPA,1022,KIA,OPTIMA,2013,85,668bdfa3b565a9b4bbd6b4d55f50ea4caff710e7d2bc5465de1bd1acbe277814,2026-05-21
NAMPA,1022,KIA,OPTIMA,2012,83,e64c75600970182dae38c546ace0f8ce58681058b614c48af62493a3ba17926b,2026-05-09
NAMPA,1022,KIA,OPTIMA,2013,84,41c6b5037a9a5c8c5b77e0d5db0dcb461833286e637e246da300ef85c56db187,2026-05-13
NAMPA,1022,KIA,OPTIMA,2010,83,638b846423fcc2233f89a78075d36486ffce015ca5335cd57930356cdbc9ea44,2026-05-09
NAMPA,1022,KIA,OPTIMA,2013,84,41c6b5037a9a5c8c5b77e0d5db0dcb461833286e637e246da300ef85c56db187,2026-05-13
NAMPA,1022,KIA,OPTIMA,2015,84,9b18029bb53ba1d2422d4ec026bbc4b6ef450a160ffb63eb0416064ec7e36783,2026-05-15
NAMPA,1022,KIA,OPTIMA,2016,86,90d4b65c0f5c78a396e91837223346b962329c87f00ec0113bf8171be30a31ae,2026-05-30
NAMPA,1022,KIA,OPTIMA,2014,87,b78a9ed5a06e776a90380258e99d1d4ac3e0eef3fb70375b9af604c5c0001457,2026-06-03
NAMPA,1022,KIA,OPTIMA,2012,92,79929f4dad05eef5c506051cbed5a5b2cbdb171ce224bfbbb641db6496ef5580,2026-07-04
NAMPA,1022,KIA,OPTIMA,2013,93,84e019c011a25988798c8df53aca68dfeaddba565268b9af7664638f768a5170,2026-07-10
NAMPA,1022,KIA,OPTIMA,2004,95,40d6fce1b2d3e73a7d9c8d77f8c5f5928b55fda8eb44ad8d21c1d3baf4fcafe3,2026-07-22
NAMPA,1022,KIA,OPTIMA,2006,95,eff056df71606d5bb1c732eb4e2a98e533a80a085f278898f6c0b99f4c929f0c,2026-07-22
NAMPA,1022,KIA,OPTIMA,2007,97,22d5542cd028976147a8efeabf86fd9ca9cd1deb9bbda611a156756ebcbdc006,2026-08-04
NAMPA,1022,KIA,OPTIMA,2013,100,3a7bdf484061bfb021dac27dc70537ba2a820afa199eb61f6cc3e110ba7abf20,2026-08-18
NAMPA,1022,KIA,OPTIMA,2004,74,a412312f06921f866d728acd8c55c18eb95a6bd5680ea7a3ea447e286d1c8166,2026-08-28
NAMPA,1022,KIA,RIO,2010,80,7aa67bc338c64730d36f77448c1438484b86943400887017815e8152daf59ec3,2026-05-02
NAMPA,1022,KIA,RIO,2009,88,64227f50f62eebc0d8f6aba4731e6e9a1b35ad3d0dcb2c3dd47183495366341e,2026-06-12
NAMPA,1022,KIA,RIO,2008,97,883c74fbc13151aad6c0adc43119553a4e4f3cd4a5021aff75e403fd2d83bd01,2026-08-04
NAMPA,1022,KIA,RIO,2008,74,aca490b97cd75d3cf91643521fe730a2e2fa7ed4366596f7db241e833a995b85,2026-08-27
NAMPA,1022,KIA,RIO CINCO,2002,89,c51465898d3354dfd6b203ddddad2f5fb4964770233724d89e48439cbfbe4fc9,2026-06-19
NAMPA,1022,KIA,RIO5,2006,82,0ad481d358192210eebcb151614f3bfb8973a8b6bfdba133c10e3d8c10d7b3a4,2026-05-06
NAMPA,1022,KIA,RIO5,2004,84,64f44d9f5a460427116b86b27add9294a2187bc98a439f664c04acd102e87ff2,2026-05-16
NAMPA,1022,KIA,SEDONA,2006,70,7e3398b49622b33a6fc4c72bf963e40edd90dd4ccef67835818280b7ab512373,2026-05-22
NAMPA,1022,KIA,SEDONA,2006,72,28a513bdd0ace62f5ab4e47c61fd6f3e3395378d6ab43a19c1be29c4e2a85e10,2026-06-16
NAMPA,1022,KIA,SEDONA,2012,73,91ea16c0dd281158c112e7c3eccec174a46718429ce09963952706c023b33377,2026-07-09
NAMPA,1022,KIA,SEDONA,2006,73,53c21746476671ed52d7c0d79a8b760330d80c824a422b8440b5eea0e904455a,2026-07-08
NAMPA,1022,KIA,SEDONA,2014,66,a0040211999a06ba550ed6f4e96b46d00cf9bcbedd45371d4c13acaaaf20a0f7,2026-07-31
NAMPA,1022,KIA,SEDONA,2006,66,4fd484b01e5c7b95d927d35e2327a9d767ee4db7bdea5955717b76a55f4442ad,2026-08-07
NAMPA,1022,KIA,SEDONA,2005,17,96464bae894d7faef37eef5f2c58bb430b593d4a2c2aa7a15b48e701d0033a7c,2026-08-15
NAMPA,1022,KIA,SEDONA,2006,67,9c32670181ef6010dce906ce5e5d79497ba3eb20b5da7feb3747a1e5e9dcdff7,2026-08-20
NAMPA,1022,KIA,SEPHIA,1997,90,7c02bdcc19018a398ec3ba184da0bc3dfb0bcf5b31253da51718de7bb4cb5961,2026-06-26
NAMPA,1022,KIA,SEPHIA,2001,94,cb0222aa9d9a27bba1d221ec08b45d5f5cb50caceeab0ba306d2edf95b75be7d,2026-07-18
NAMPA,1022,KIA,SORENTO,2013,70,2caf099c855fe3fcafc39ba0fc4f0cec116a91749be24e171a9c3a1bae1b6d24,2026-05-23
NAMPA,1022,KIA,SOUL,2012,66,3573b682b459bff36eefb9743480478d0c1cf5f84c9b351279fc79aed8cf437e,2026-08-04
NAMPA,1022,KIA,SOUL,2017,69,6dfed7dd45085c2aba768f7befbecc72936f6279bab0fd1c95e7e767b2917a0c,2026-09-04
NAMPA,1022,KIA,SOUL,2013,68,e595253e1c753393e71c24eba300305c08277f489493dcb1b3bf724deec0fba0,2026-09-03
NAMPA,1022,KIA,SPECTRA,2006,80,10537aa965066ad5bed4b61b5aba73599fca2609edd9f507cd0c99cee7567061,2026-04-18
NAMPA,1022,KIA,SPECTRA,2006,80,10537aa965066ad5bed4b61b5aba73599fca2609edd9f507cd0c99cee7567061,2026-04-18
NAMPA,1022,KIA,SPECTRA,2004,81,de036e59ff9fb74af8d8450e0c1640c81d50fc1c0d3020e40fd44e211f4acee3,2026-04-25
NAMPA,1022,KIA,SPECTRA,2009,82,a2464ad205689eb7b0e5d4d76974a0e8fe59861155444b47aaee90f577213cbd,2026-05-06
NAMPA,1022,KIA,SPECTRA,2006,88,b499c3a86ae77ba8592a77e81a8f7bdcdb207e664cb92396005a6b7f7c658218,2026-06-12
NAMPA,1022,KIA,SPECTRA,2006,100,f585449310a9d1f48dc78d6d803a56feba17492826da07c3976b80b36b1b13de,2026-08-18
NAMPA,1022,KIA,SPECTRA,2003,101,67db57f721ddf24c47b040fa47dc70e6e4af02e7ce30c999cf1b9636079e610d,2026-08-21
NAMPA,1022,KIA,SPECTRA,2008,76,dc0cd9b1d6d0d11277e5f6d67510a0ac2a621799e003327e0bd0d6f752644cde,2026-09-09
NAMPA,1022,KIA,SPECTRA5,2008,92,5cafff0ea02c316af35f65b1912e328d1725e073bb96645c3d801e175448cf6a,2026-07-04
NAMPA,1022,KIA,SPORTAGE,2014,65,90df5e636768244925292faf02f77039f4e25dbbcf2c714aa497cd873ab391e1,2026-07-29
NAMPA,1022,KIA,SPORTAGE,2005,66,109184671e347d1a71a13911644afee7c835bb04894f1861a1c015ef55f251d1,2026-08-04
NAMPA,1022,LAND ROVER,DISCOVERY II,2000,69,f12c2121031a8d77afec0388f8c6db3e3b225fbc8355167e785f0acc6923d68e,2026-09-04
NAMPA,1022,LAND ROVER,LR2,2008,64,18a862791ab415bec30e9c93bb84f51a6630fa35e15a8e38a6efb6784a3b1eae,2026-07-16
NAMPA,1022,LAND ROVER,LR3,2008,69,633b16108226fffd1bc1231cb8f5eadae5f2832360249d27120fcf0b7981e8aa,2026-09-05
NAMPA,1022,LAND ROVER,LR4,2012,64,7b471abd0537aed13ff7582b93edb15704b0c296f1762ee13e0635dd011061d4,2026-07-23
NAMPA,1022,LAND ROVER,RANGE ROVER,1995,73,337d6c32acbaa51106561e56b88c5a814c319cbd6f7d96e7edd76316dbd7fa4e,2026-06-27
NAMPA,1022,LAND ROVER,RANGE ROVER,2002,73,26f84037f89e0453322c943a47dca72d3fee9aaa5c56c833f6dc31264c221e22,2026-07-09
NAMPA,1022,LEXUS,ES 300,1999,99,025694a07d435788b86989a62912dd1458290fb122deb55650cabfdb8d309972,2026-08-14
NAMPA,1022,LEXUS,ES 330,2005,75,d7756431880b50833ed65fac9b5b95403d24aae5c01cb04091d5173c017cf2b7,2026-08-29
NAMPA,1022,LEXUS,ES 350,2007,81,89dd07619717e446a99fce248648b41129232e181e16cdc7e44dfe750842de12,2026-04-25
NAMPA,1022,LEXUS,ES 350,2007,92,ae8acf142de2a94c2b1c44410e318d9c0fbbfc3ecea89ca66ed3816b1b00119e,2026-07-04
NAMPA,1022,LEXUS,GS 300,2002,82,5788a5c4feb19f039c573c9ef8057eb78e0881169700610083ed7951d07c2b2d,2026-05-06
NAMPA,1022,LEXUS,GS 300,1995,96,450abf8d35dcf5b3df3491760c45215b91b98a562d1295dc9db82eb5589b0117,2026-07-30
NAMPA,1022,LEXUS,GS 300,1993,96,2e5441f9e6f1615b7fb89ae7a79aa5051fb35da218e876ac2055f2b72b97b097,2026-07-30
NAMPA,1022,LEXUS,LS 400,1997,74,0fd6db249f91e1e7d45e460e7d67a17c3d3ac3a7b6bb89af753dacb56e982417,2026-08-27
NAMPA,1022,LEXUS,LS 430,2005,82,29262a764e81d6618c1fed08ecf2aa0303149edbb13d110dc4199f84b39ea1a6,2026-05-06
NAMPA,1022,LEXUS,RX 300,1999,72,c664256997e6da0e74c0420ef4864d6048e358667d51568f25c2e6fcb9cb6587,2026-06-12
NAMPA,1022,LEXUS,RX 300,2000,67,4f9f9c7f8e24e20439d5308381c7e3962c8e082f02f0530349035c5420458e9a,2026-08-18
NAMPA,1022,LEXUS,RX 330,2004,72,747f139e7eeab4a3264bda0f3d9704585b44598428fa1f74d9c2b29ebea04513,2026-06-24
NAMPA,1022,LINCOLN,CONTINENTAL,1999,51,4e01d6a8da9a221508e31cb37076353fe94ec3a408b0e9e720925dae671fe1c4,2026-03-18
NAMPA,1022,LINCOLN,CONTINENTAL,1999,51,4e01d6a8da9a221508e31cb37076353fe94ec3a408b0e9e720925dae671fe1c4,2026-03-18
NAMPA,1022,LINCOLN,CONTINENTAL,1997,52,3c6077560f58ad5241e61942c24b8b20a3ec0741e2d92e639d536d74174166e8,2026-03-25
NAMPA,1022,LINCOLN,CONTINENTAL,1998,57,65630fba04dc98e33ef6d730fe296f307a559ec308b5aaf8ee0246b325319dde,2026-07-24
NAMPA,1022,LINCOLN,CONTINENTAL,2002,46,fc31be0bccbe1989c23781c0ec2a0596fce4f013e29dcda7e14358e58c64edb8,2026-08-04
NAMPA,1022,LINCOLN,LS,2002,50,14207384fc35ff499d836e189347e3f47eed357a470dcf79f3daef125792470d,2026-01-30
NAMPA,1022,LINCOLN,LS,2006,51,f1aeb7c389405af5811a3ac707df2be5af2f67f07ed331c00b384f9126f6896f,2026-03-18
NAMPA,1022,LINCOLN,LS,2003,54,10061e8532b0466fd33710e51d12699a87484325d5f8f384614c14b1411e9762,2026-05-28
NAMPA,1022,LINCOLN,LS,2000,55,e1c9f33b051508c02070ee6047be4a9d4d9121e6b2ccde002ec9d844ca3e1417,2026-06-09
NAMPA,1022,LINCOLN,LS,2000,57,8cf70b4cce7d51f894f009816843be8993b415994f9a8b719b878fdae252506a,2026-08-04
NAMPA,1022,LINCOLN,MKX,2008,12,cc645af7677808d05c2344b37216dd125c8a8c9c2a4e93ce8b964846df22ad41,2026-06-30
NAMPA,1022,LINCOLN,MKZ,2008,49,4bf010086978a030141a4b5c6362df27b6388307787e3431ef398ba64c4dfdcf,2026-04-05
NAMPA,1022,LINCOLN,MKZ,2007,50,7ef2f918440049bfd15cc334ea0e46a0f1f4742611e3c0c83a3bb4e2f2c2ef4e,2026-02-19
NAMPA,1022,LINCOLN,MKZ,2011,55,089a949c29befc4049735af9c56f49a1ed7cdf00c237630632aa3909cc0d9a6e,2026-06-05
NAMPA,1022,LINCOLN,MKZ,2008,47,4da976d53e06cc70bcdfe0b941244106472b359bce83104c3178e411f8b73629,2026-09-02
NAMPA,1022,LINCOLN,NAVIGATOR,2003,10,dfaad898a487c0eaecbf06c885c512d1f2062e2b30f15dcef1dde82d962e5c2b,2026-06-09
NAMPA,1022,LINCOLN,NAVIGATOR,2000,10,8dc72df21fb58f1e3e80052c260131091a35830e20596650d0bcb8df681a6219,2026-06-09
NAMPA,1022,LINCOLN,NAVIGATOR,2005,14,47da504b94536a9e29a1c8aeb6de4350b4747c387f5aa9ca1e9e6dd811f63b1f,2026-07-11
NAMPA,1022,LINCOLN,NAVIGATOR,2000,14,f9a55c515c727031d1486f952ecd31678f300708d15277ac18189d31ec140c23,2026-07-23
NAMPA,1022,LINCOLN,NAVIGATOR,2002,15,2ac2f89a0e75ccccbed40c23cfdfb9341c5cf491625e41fbb5b81fcf9c6bb94a,2026-08-01
NAMPA,1022,LINCOLN,TOWN CAR,1996,49,6ced139edb09078796a6d8b0ec603f7954721d9912886010c6000f8f85496b03,2026-01-10
NAMPA,1022,LINCOLN,TOWN CAR,1997,49,971c875f6630a05c3e0c40529b76b74412dea44a332783373d0159bfdb9af4ac,2026-01-28
NAMPA,1022,LINCOLN,TOWN CAR,2001,56,660a3d389245a6d687a501e988e9ad830e92abb6c722bc8a5a434c77c6f6aa2f,2026-06-19
NAMPA,1022,MAZDA,626,2000,92,74250d006525cf0b0fd357d7028656964cc1b45aecf7dd17af78e84ddef0191d,2026-07-08
NAMPA,1022,MAZDA,626,2002,96,7e534001d91b3cb5aa4640e520ce82fd80c687edad171740c79ea6a72bb9f0bb,2026-07-30
NAMPA,1022,MAZDA,B-SERIES,2002,8,99c028b61d4e6a9f7faca7fa342f9b504650086f07567d4bfbfc1e96599b0758,2026-05-22
NAMPA,1022,MAZDA,B-SERIES,2003,9,e9e852e32518d7e9b33c32d0d3a42986466668c4597e97fb6f9229f71507c2a3,2026-06-04
NAMPA,1022,MAZDA,B-SERIES,1996,4,307e88c44a55803cc2635a13572f77068026985e2e1448d67fe5abbed334cad1,2026-09-03
NAMPA,1022,MAZDA,CX-7,2010,71,9d2bc0755fa1b3cf782dcc7eda075fc6e2b4c8cee1ae1dad31cbe94039b9488b,2026-06-03
NAMPA,1022,MAZDA,CX-7,2007,72,a7b3c1f7c24262481fd866cb4e4e34890a1876542a0e9aa9bcef8a5c5ceb2401,2026-06-13
NAMPA,1022,MAZDA,CX-9,2008,67,550448d944ae79d1455b392c70a274603d4fd8ac3ae42639ec8452f30ce43d91,2026-08-15
NAMPA,1022,MAZDA,MAZDA3,2007,85,58967bfa868c34c6075925e1fe54f7acf8c94475ceab7d20be49134d944210ac,2026-05-21
NAMPA,1022,MAZDA,MAZDA3,2005,92,ccfa06c9dcac5d66408ca10205544da17b0b8f99861d954c7873b37b1ba449f5,2026-07-04
NAMPA,1022,MAZDA,MAZDA3,2008,86,4b94d0025d70064105caa9dafc135eb46277213701b1fa323ee4fa22238723a8,2026-05-30
NAMPA,1022,MAZDA,MAZDA3,2008,88,cbd0bc0e15ac57162f8440b2adf148d4509eaed53b0b1fd16f7cf78d388a2ef5,2026-06-12
NAMPA,1022,MAZDA,MAZDA3,2007,89,d9ff85ce156a4e73eb5274348bcc368902d1b28a0941ca956e7f6ca05c02ff2e,2026-06-19
NAMPA,1022,MAZDA,MAZDA3,2007,89,d9ff85ce156a4e73eb5274348bcc368902d1b28a0941ca956e7f6ca05c02ff2e,2026-06-19
NAMPA,1022,MAZDA,MAZDA3,2012,96,4d021545ac8ffefc58bb1d0f3b947851e1f6695feed3bb71edcad0f56a60e221,2026-07-30
NAMPA,1022,MAZDA,MAZDA3,2010,93,0da8ea42ae834533af7d852d65d6da87fe172a007d29273f5d5d96cf4b624a1e,2026-07-10
NAMPA,1022,MAZDA,MAZDA3,2010,94,c93e2cfd079daa815ebd08865da366207ade8a42d14f6df0b1e0dfcb084f73c2,2026-07-18
NAMPA,1022,MAZDA,MAZDA3,2010,97,0d8ca89992c554130420e94b9d2718c2c0779804e467af3d72a6cc7d0cd4f5ff,2026-08-04
NAMPA,1022,MAZDA,MAZDA3,2007,96,b0c08b6a711511a9f74897d7455cf5c737ef22b1942f5541cd2d7038056d9011,2026-07-31
NAMPA,1022,MAZDA,MAZDA3,2008,98,fff5a9e1b8698be47fabff5af5f3febc7b70bd0c67c0d3f3cc6e5fff47d20954,2026-08-07
NAMPA,1022,MAZDA,MAZDA3,2001,98,8999945c281fd95e2562415af8e33b7c4c1825361710e03368b0cc8f1fbdf1bf,2026-08-07
NAMPA,1022,MAZDA,MAZDA5,2008,81,6419417d16196978f472f24cb594ad7a60e9be8d61ac67a570fe998974e497be,2026-04-25
NAMPA,1022,MAZDA,MAZDA5,2010,97,15d0e4251ca6858bade4a35fbb9d02785036f0e9d57a1ee02ac83bd43f1df21c,2026-08-04
NAMPA,1022,MAZDA,MAZDA6,2012,81,36033dc0dc8812d3988238c6c64955bdb91f2507531d6e3fdf1f037d7fe86ff7,2026-04-25
NAMPA,1022,MAZDA,MAZDA6,2012,78,a6bb3f6d3da8afca540e4655463f932f0602af92dc1b841bc6c628763935fe03,2026-04-08
NAMPA,1022,MAZDA,MAZDA6,2006,95,0f6137df54055aea3cd4b132a8b6bbf03a97e4d58fe0f35cf1357da12347c33d,2026-07-23
NAMPA,1022,MAZDA,MAZDA6,2003,94,41b9686a0fa6dfe9914f4ca1c46d9338ca1aa9986cf3aedb7bc094c1e6e8ec12,2026-07-15
NAMPA,1022,MAZDA,MAZDA6,2007,99,dba8bd5433ecca3bd477eeca81d11d6b1fd90b0f37ece84be46719d798024255,2026-08-14
NAMPA,1022,MAZDA,MAZDA6,2003,76,18c60e4e1fbd73ff4ac685c2ada5bdfd2d811e17a1bb963c0280dc3700acd304,2026-09-08
NAMPA,1022,MAZDA,MPV,1998,72,4670f33bc2dece388fd8ef066e3dafacd0f7ad41e024fa2acacf6e376c4602e0,2026-06-13
NAMPA,1022,MAZDA,PROTEGE,1996,85,955f0f92d2f70c97e5690a0edf2f35a4e5f143673455f67d4964c8902a5cc562,2026-05-21
NAMPA,1022,MAZDA,PROTEGE,2003,88,23302c57011efea21c09911dee08e38c598f28809d46ee6243b4a2302a995359,2026-06-12
NAMPA,1022,MAZDA,PROTEGE,2003,96,abae19a2e87c2d7c5bf6ad63345db1389863fa4478914010200ed663d051f6a4,2026-07-30
NAMPA,1022,MAZDA,PROTEGE,1996,98,459d1f32c35bf284a237ff300423252fd8b4346cebe4505aaf479ec67bd18566,2026-08-07
NAMPA,1022,MAZDA,TRIBUTE,2006,71,7fb73108fdd7898fc737e848bc3aca44eaa9a1ca5955aab340d1c70a36fb73a4,2026-06-05
NAMPA,1022,MAZDA,TRIBUTE,2006,66,8c1b2ddc57a4843422d9b6a26a9a73a19cc0a5e1fac91f3b70aaa54e8b879685,2026-08-06
NAMPA,1022,MERCEDES-BENZ,240,1977,79,ca6b26bfed378772068f56275d475b16a43bd3861f0cb1bfa62c9d2580da63d1,2026-04-16
NAMPA,1022,MERCEDES-BENZ,300,1985,92,0fe8cde4bfc86e38a478fedc61f5eb39c1d0060a23e88a8aeb0032d829dc9b15,2026-07-07
NAMPA,1022,MERCEDES-BENZ,300,1986,74,bc144d0e18907566a97f7e487e0edc6396e37a76bfa999284518a95b86698240,2026-08-27
NAMPA,1022,MERCEDES-BENZ,450,1976,102,5c823ba0ede06475531199794d5e876ab848ac820fa589cc9cc6688638821726,2025-04-19
NAMPA,1022,MERCEDES-BENZ,C-CLASS,1998,79,c208aa47d8d315551a14a8c12ea817dc11026d690ef9b31d915864ff0710c8cb,2026-04-16
NAMPA,1022,MERCEDES-BENZ,C-CLASS,2007,74,d2bdbaee8e1f7f74affd5bf68a377480b0f6a8f00b1da466b82b4322c156998e,2026-08-27
NAMPA,1022,MERCEDES-BENZ,E-CLASS,2007,78,94d59b3cb1da06b0471642c200bb86e93254629be1ddaa76b4e32e78b72db480,2026-04-08
NAMPA,1022,MERCEDES-BENZ,E-CLASS,2001,85,d00b0627f18e28432a755ca6fe171356a1ba377d0b511c91eaea11d256695002,2026-05-22
NAMPA,1022,MERCEDES-BENZ,E-CLASS,2000,88,a9626f506ae7b9149a9b4682cda06424ff98608a03cd181fe27474585fc60d8f,2026-06-12
NAMPA,1022,MERCEDES-BENZ,E-CLASS,2005,88,1c9ab058007cdd154485198185756ebe23cd8b61f525f61f3a06c28a3110ad05,2026-06-12
NAMPA,1022,MERCEDES-BENZ,E-CLASS,2000,99,7879ff306863d6470303df7d1a7239b873ee8c5ef713c3bc3ca7113545a05e19,2026-08-13
NAMPA,1022,MERCEDES-BENZ,E-CLASS,2001,75,559a320d32695fe220a40389333a035e5a9434da811e78e21e7facc0e893e147,2026-08-29
NAMPA,1022,MERCEDES-BENZ,M-CLASS,2005,73,b88bd55c60cc1f0f4905e6cf4f4d1adf89f0a5c8fcfe288027484c3888cec2cc,2026-06-26
NAMPA,1022,MERCEDES-BENZ,M-CLASS,2003,65,72c88731c0813690593a56c00bbf3c6d0adcffe866e43e8041519e3f5494dfc0,2026-07-30
NAMPA,1022,MERCEDES-BENZ,M-CLASS,2003,66,5954beda9d736557f5815e9d74e344ee3f5dc6d679d130a44f4aeaffca5f4b46,2026-08-01
NAMPA,1022,MERCEDES-BENZ,M-CLASS,2003,67,651fe4256938cc01a7090b9e58b65a3b087a6c60ae78fae0c2a3ee66a1d276aa,2026-08-15
NAMPA,1022,MERCEDES-BENZ,R-CLASS,2008,83,140263fc07214ccd615038f007d3ec63e77b8bc1eb282698c84c3dd29baf1c7e,2026-05-09
NAMPA,1022,MERCEDES-BENZ,SLK-CLASS,2004,88,0da81c96a36b6d67ae7de56a0a4691ab0a368210db6f580558c0e674db9592fd,2026-06-12
NAMPA,1022,MERCURY,CAPRI,1993,51,3c0560d2d57124d9c200704d5993b9b1a541a7c436c66f6255c435ff47f34b65,2026-03-06
NAMPA,1022,MERCURY,COUGAR,1989,51,c673dcd5ce2ae8da5604d650b0f334da81960590e11c4c4a3630d0131a622e17,2026-03-11
NAMPA,1022,MERCURY,COUGAR,1990,52,2fa4c9269d937c5962e6ee0e4401eb4e03c543ffdac3abcb96c740ab07637551,2026-04-01
NAMPA,1022,MERCURY,COUGAR,2001,55,39f3ef38a5739ec0590d80c4d9ebc446b5e0327d258cf58f1eb63ffc293ac593,2026-06-09
NAMPA,1022,MERCURY,GRAND MARQUIS,1998,52,c3a3fc2fadbb9700e80f9628d4354de23b5091dcfdbf0f6a5fbf25ca64680575,2026-04-15
NAMPA,1022,MERCURY,GRAND MARQUIS,1998,54,f5eaeb26385c05ec62d83ba11b8842a08eab8911002a9c4f6a0a6d26184aac9b,2026-05-09
NAMPA,1022,MERCURY,GRAND MARQUIS,2002,54,86ee68841aacb4f71780a7e401daeedb5850cf94f1fdc3c955927b31580a4dd0,2026-05-12
NAMPA,1022,MERCURY,GRAND MARQUIS,2004,46,3b114e6d8bfa45d1e2f38261ca3e57e47ba1d58728ef289d61733e3795e4ce68,2026-08-05
NAMPA,1022,MERCURY,GRAND MARQUIS,2005,47,d5e7f0d16d58366444a5501fef9d691e0a8e4a865b7d25753c7ee5c04a9e7ff9,2026-09-03
NAMPA,1022,MERCURY,MARINER,2009,16,1f92d47b9b75cfac91f66b2d16891a3f2ffee7157d7666ab041eee311bfd926e,2026-08-11
NAMPA,1022,MERCURY,MILAN,2006,52,e6ea97751480fa42fb35d7e0df67fc03e0c07d532b17cb8eebd45e458833a73e,2026-04-02
NAMPA,1022,MERCURY,MILAN,2006,55,2a173ad5382c32c2d54b6a13a374359348005fc7138494704602c137811a34f8,2026-06-05
NAMPA,1022,MERCURY,MONTEGO,2005,49,07620eb13d142db6c5adafd2ec1e61491ea4c6bff1a0a877fdcf0d8acf7672f3,2026-01-24
NAMPA,1022,MERCURY,MOUNTAINEER,2006,11,75fdad603bb6a7c5a5a90b4c6d96eff99bfb185bce15f11fda6c1cea6c854275,2026-06-16
NAMPA,1022,MERCURY,MOUNTAINEER,2004,3,50339c49042b13d335fee38394e2142869831e6462e26eb93831cfe81f34128d,2026-08-28
NAMPA,1022,MERCURY,MOUNTAINEER,2007,16,7643ae5d5b94c7d2500153631286ed14f34c969a42259caffe257d3b3b9f9f4c,2026-08-07
NAMPA,1022,MERCURY,MOUNTAINEER,2003,16,a7ee20f563e2140fbee56ce4a4cd7489fd20b808a220471a7436f6a971b51cca,2026-08-08
NAMPA,1022,MERCURY,MOUNTAINEER,2001,4,3277886bb09921e890482dbac05304cea84693ec270ec7b091c18c5b7d2b4521,2026-09-08
NAMPA,1022,MERCURY,SABLE,2000,51,15803a9fa9f97b566a93a09bb8ec6519df59f27feceb34e9f35cfd30afe50327,2026-03-18
NAMPA,1022,MERCURY,SABLE,1989,52,ba4c212847df27256fdeebe32b358b24431aa4ac89d921f9768150afce92505e,2026-04-11
NAMPA,1022,MERCURY,SABLE,2000,53,e2c1f3f4ed3d7203db589e81ec60eab285f2f4f11567004ee297b635126aa528,2026-04-30
NAMPA,1022,MERCURY,SABLE,2000,54,7fcd55e0a6cb70d7f6804a97d4ebb65187c506ac83de74be3c573da2119e5439,2026-05-12
NAMPA,1022,MERCURY,SABLE,2000,56,279d11d43afda82d18b0d16473f0e13a010e0739be80078e620c3b33b75f80a1,2026-06-27
NAMPA,1022,MERCURY,TRACER,1995,54,2455b8a23de0b480d9c36529c50788150dfdc9eda2aa91d082d51ff30ab14629,2026-05-07
NAMPA,1022,MERCURY,VILLAGER,1999,14,958d61aae9ed8a7a9e638eb4c09709f89478aaa0960748600888237292976721,2026-07-18
NAMPA,1022,MINI,COOPER,2002,91,f86b392b95898da621ca325bfb5e2858116d2ca51b8d6bde036b15e86fd36a7d,2026-06-30
NAMPA,1022,MINI,COOPER,2013,93,70377fc01871f21cb63ecd5c01dcf5036a866dd282ab23927d25207c2462183f,2026-07-10
NAMPA,1022,MINI,COOPER,2010,92,29805ce5e86b56b06e4aa7f05043079f88d6c06ab544817b428b5b337c15ab66,2026-07-04
NAMPA,1022,MINI,COOPER,2017,98,7fd409d932ca6ce6212b05e4a40f8a7924d2ea56b8b4e54d9c793ae0212a542c,2026-08-08
NAMPA,1022,MINI,COOPER,2009,74,3b61d485ff22a25167cef75abe05f675d3606bf750d6a7ec7ed2a7370e8d50e8,2026-08-27
NAMPA,1022,MINI,COOPER COUNTRYMAN,2011,85,c041e7eccec6fdd1562d82208c3a26346d5891386d665b41a2d6824d3e703bc0,2026-05-21
NAMPA,1022,MINI,COUNTRYMAN,2014,84,5842d94fbc26656dc4cf77781ca6dbbdb6ef09d719a3855f9d95a695ecdad92f,2026-05-14
NAMPA,1022,MITSUBISHI,ECLIPSE,2003,87,277fe8caf0a006d78b890b53191ac8fb6be2ca465b95bee4542eacceaab58721,2026-06-03
NAMPA,1022,MITSUBISHI,ECLIPSE,2003,90,4dca187410e75b5114d98b407784922808c4fdcb55fc1b82031e36858a1c3e42,2026-06-26
NAMPA,1022,MITSUBISHI,ECLIPSE,2003,88,5708e4c0b96ee730378ffed3353de4130807e3f6d07b6fede89e9f635b4387b0,2026-06-12
NAMPA,1022,MITSUBISHI,ECLIPSE,1997,93,9295ab12ef34ba5ec8f4af88661ed14b3e0cb0c78e5ea19ec935ba7a85b48500,2026-07-10
NAMPA,1022,MITSUBISHI,ECLIPSE,2000,93,03023197c91c1a3fd3d6f1a9f06cb0962d13bdc185883d96cb3523ab9a8a2731,2026-07-10
NAMPA,1022,MITSUBISHI,ECLIPSE,1999,98,f307a1a41e73824f95810dfd2527cdbb0393840442629af8b665581abc23fb81,2026-08-11
NAMPA,1022,MITSUBISHI,ECLIPSE,2000,99,716f7485fb59a28a7dde4cd2621c29d76a5b76e135d4393d27af6c80d6103f22,2026-08-13
NAMPA,1022,MITSUBISHI,ECLIPSE,2009,99,cc6bbb6e59777cbdddacc7cf71ec6da94b02db5aa27b2aebd6a3b1552f725287,2026-08-13
NAMPA,1022,MITSUBISHI,ENDEAVOR,2005,71,354ef2df0f7dec1be7c23d4e8507ade6d34c437c8b87a727916cd6edd629e7e0,2026-06-03
NAMPA,1022,MITSUBISHI,GALANT,2003,81,7c0d24aa6ce37bb76fc33f51735835ea084a176c65a1f3de576f77d9767e8996,2026-04-30
NAMPA,1022,MITSUBISHI,GALANT,2006,87,d2cc517a9f85399bc5d308ae7747f732f2b194f5c5260cb13be32775341085d1,2026-06-05
NAMPA,1022,MITSUBISHI,GALANT,2006,90,420f95a3d8ed1a637f2e7a7a34606175aa770ab0b4d7e2d85c159fe3b04de306,2026-06-26
NAMPA,1022,MITSUBISHI,GALANT,1999,92,a326b7465230795d706dc5cd9270dc7745952d1bf8a524fd236872a338b6d082,2026-07-04
NAMPA,1022,MITSUBISHI,GALANT,2002,96,ec1aa48e961165ad49ccc75b48f3f00345d1c6eb9998522c41957d3e7b1cce50,2026-07-30
NAMPA,1022,MITSUBISHI,GALANT,2004,74,50b4f6fcb7a2b46544233a8d44848d48b51b8b5e102c3d9304bc58e38e9ee705,2026-08-27
NAMPA,1022,MITSUBISHI,GALANT,2008,99,6a3e3de024724fbe6e4975299ced1f9fc2613264c1f9f0017d786cfcc4f56415,2026-08-13
NAMPA,1022,MITSUBISHI,GALANT,2003,76,954392a56eeb1047c40af768efa18ccfe41b4241bb20fe166f7b1dcf3aa82185,2026-09-05
NAMPA,1022,MITSUBISHI,LANCER,2012,84,fbd395f43bb6f144dd32b8adafb7e6baa968164ec4ae8d68838df8e6b2877d7b,2026-05-14
NAMPA,1022,MITSUBISHI,LANCER,2006,86,65b8cc06405b9fa8c42cc9b60c496f2df9ca725fcd9697ec0599ae50e405aa81,2026-05-30
NAMPA,1022,MITSUBISHI,LANCER,2005,90,6107c1d8d9d6d271fe0ca68f222d3a79bfcee129aee34a83b14df9c17e741c37,2026-06-26
NAMPA,1022,MITSUBISHI,LANCER,2008,93,acabd9d34429a513ef58e7173b111f4553e36aab9a21e78c9819b61e451d9fb1,2026-07-11
NAMPA,1022,MITSUBISHI,LANCER,2008,101,e62d010dd8672bbb40c979869064cb4c423a70e8b3ca62917fdd00d56febd7b1,2026-08-21
NAMPA,1022,MITSUBISHI,LANCER,2003,75,0a3edf8e16f2a0cd136b42889db841d35359f5969e5e44fa85c5d3ea9f77303e,2026-09-01
NAMPA,1022,MITSUBISHI,MIRAGE,2017,78,e98eb710fc8d6ab92b89386a81fdc67bb805379ec72a093278efd932dfab2cbe,2026-04-08
NAMPA,1022,MITSUBISHI,MONTERO,2000,67,5bcd2ad7bd5e1cba14a35a8ec88f8073ba67b191bb639ee42c695a74183f7bac,2026-08-22
NAMPA,1022,MITSUBISHI,MONTERO SPORT,2001,64,0dbdf51b8124c7cc6f3dc0f50f76126c4eb30a81f976ff0398bef77504f4b686,2026-07-15
NAMPA,1022,MITSUBISHI,OUTLANDER,2008,71,8c4759f8faca5a59bf71db826ab148cc80546e6a1f3a7fba4965ff8579405ee9,2026-06-03
NAMPA,1022,MITSUBISHI,OUTLANDER,2014,73,153b4e73319cec35e0a9564d30c044794fb11d5291cda5f142483fbcaa663e71,2026-07-10
NAMPA,1022,NASH,STATESMAN,1957,102,a630318cbbd10c5bbedeaf9d89a2867febc85e5925db7983c9f351eccb51c6a1,2026-04-18
NAMPA,1022,NISSAN,300ZX,1987,86,975e475d88c2073c70454e5ee3c4db445c7dde0f67ffdb875200780bdb7c50c4,2026-05-30
NAMPA,1022,NISSAN,ALTIMA,2006,80,bfc5f9b1537fbb45490420e6ba9a743d9602347ab680d8cdc1d705b2995f394f,2026-04-18
NAMPA,1022,NISSAN,ALTIMA,2012,78,f6561e44e7bbc274782a449769d1b6b60636717bb4b398ffcb2ab3833c091b4f,2026-04-08
NAMPA,1022,NISSAN,ALTIMA,2012,79,eff2550e04f6c12b26f6417d2fa39dfc1f3de48bdbc6b2ff0bc078e904fa3071,2026-04-16
NAMPA,1022,NISSAN,ALTIMA,2000,81,5007dbb6bb3cded782ecb7f77e8d305ece4874d69c405943fd829d706ac9f43f,2026-04-29
NAMPA,1022,NISSAN,ALTIMA,2005,85,6cd04d89bd48731e2c215e60b4ec2f0243f7bac5329c779d03feab8dfb426fee,2026-05-22
NAMPA,1022,NISSAN,ALTIMA,2014,84,d78008a17cea9d8189d799afdab7390c66f3b42b681f950cafd3a0a4aca3a84a,2026-05-15
NAMPA,1022,NISSAN,ALTIMA,2010,87,be7bb18440e72e062424ec14df5f46750f47c962293162a0a98cb8defd1ec0a7,2026-06-03
NAMPA,1022,NISSAN,ALTIMA,2009,85,98828625ddc889fead4bfdad8ecdb2e042304902af96d88523e1628c0ccf0126,2026-05-21
NAMPA,1022,NISSAN,ALTIMA,2009,87,f82735c65d404b1b4a6ce4da2f950dd46064d2ef2690731ee80560b631422ba6,2026-06-03
NAMPA,1022,NISSAN,ALTIMA,2003,86,865a109730aaa5cf0a342232dad388a9c89a2f9592914ebd019e40f73f1dc341,2026-05-30
NAMPA,1022,NISSAN,ALTIMA,2006,87,8fba984aabf9bad192237e88b1f2304cca4b2205d132c6d7f6904435b5066ce1,2026-06-03
NAMPA,1022,NISSAN,ALTIMA,2007,91,1403169d36493f03cd67643b723ba0d23cd7689c8720612eefabc5eb19d9b84d,2026-06-30
NAMPA,1022,NISSAN,ALTIMA,2005,87,34e77b1c655744995c4dedb264d034ad8d95f18a0d50c75211181ad9af443699,2026-06-03
NAMPA,1022,NISSAN,ALTIMA,2005,89,93e8b02ade28ae8cdbb52d4963a2596ba1f719d6370eccc29cac097b2346ccdf,2026-06-19
NAMPA,1022,NISSAN,ALTIMA,2009,91,d9c5c86dda45a6b57d7bc04d70b5c0c25781cb1cb7bf0142b80994a432660fbf,2026-06-30
NAMPA,1022,NISSAN,ALTIMA,1997,90,de918fedebc183347c0ed9e1b6296779eb6d511d651b4848117a3b0927e69d77,2026-06-26
NAMPA,1022,NISSAN,ALTIMA,2008,90,eb53e7eefbc8f1b0c39e986eac5d2357278f16a7c621dd6502f568d0b90e3b28,2026-06-26
NAMPA,1022,NISSAN,ALTIMA,2001,93,bd48533702b7b0e899c98fc37b4cc23e0b3e393b0ce93602a95d9337724e9e71,2026-07-10
NAMPA,1022,NISSAN,ALTIMA,2005,93,8f77284ec058ada0c22bd3045931281899d6055d2a651906fb988ba33caea03e,2026-07-10
NAMPA,1022,NISSAN,ALTIMA,2006,93,99719fd8d9c41e1f641a0bfafef44b43293e4677bc57678264fa55100355a30b,2026-07-10
NAMPA,1022,NISSAN,ALTIMA,2006,92,7afb743f44bbd34f69f63069d0836c949eefe3ae294e63e5e009635ab52df59f,2026-07-07
NAMPA,1022,NISSAN,ALTIMA,2015,94,b96bf2c39b8725f95fb0be043ae0450ce5c9f6463610db4192df008e04b8f806,2026-07-15
NAMPA,1022,NISSAN,ALTIMA,2007,95,f681a68a7f198ecc1b0fbb9a208c85d18e79af0c20c1b268ef607d0e612baf3b,2026-07-22
NAMPA,1022,NISSAN,ALTIMA,2013,96,923205813cdac963ce1626ef8bd46316edff8215446429e97f42ea6267887206,2026-07-30
NAMPA,1022,NISSAN,ALTIMA,2012,94,b7ca66d75162281da9b679fad8578efe022a6c799a3e961cb4566e1a23d60d78,2026-07-18
NAMPA,1022,NISSAN,ALTIMA,2010,98,07cfcc56a38704f9ba728c70543e55cea4250d7232f03b8ac688f728269c7e38,2026-08-07
NAMPA,1022,NISSAN,ALTIMA,2008,96,9b5a8ef247e1d755af52a4b701bceea66d1e190a11c361e8b20076228a15885d,2026-07-30
NAMPA,1022,NISSAN,ALTIMA,2012,96,2dfbe782b9977eb6d6ffd845626a852b092336aaa66c3b6244cfa79a45b69692,2026-07-30
NAMPA,1022,NISSAN,ALTIMA,2012,97,33b86256c511e8e68bf9a944dfc17665a00b3bc8ec789532c04b46fd6e0207e4,2026-08-04
NAMPA,1022,NISSAN,ALTIMA,2010,97,aea967f56b121a6cb261ff4fcbc5888437af6d8d00b8eaca366cce0897a20bee,2026-08-04
NAMPA,1022,NISSAN,ALTIMA,2012,100,90c122f0db119d1874bdd40dea23740b1550682df0c9b4f5eefc1e953ce5615d,2026-08-18
NAMPA,1022,NISSAN,ALTIMA,2007,75,f55adcf3a5d3b920c605bf99bf8a2c5ceee4c0cd8c6a21118c5770571ed8fcc5,2026-09-02
NAMPA,1022,NISSAN,ALTIMA,2012,100,90c122f0db119d1874bdd40dea23740b1550682df0c9b4f5eefc1e953ce5615d,2026-08-18
NAMPA,1022,NISSAN,ALTIMA,2003,100,5c85a2e11ec48489c965925d1316534088e9b313ce078cedb189533d18dfaf2e,2026-08-18
NAMPA,1022,NISSAN,ALTIMA,2008,101,8ea8e5ff7ea0a32095624ad765a5ece303a617bec17e60eb0866a5533d3fda84,2026-08-21
NAMPA,1022,NISSAN,ALTIMA,2012,101,b1e1fa04ad3e5d58b2a30f465b727fb4357cc80455ab4c30a0b989b5b8645427,2026-08-21
NAMPA,1022,NISSAN,ALTIMA,1998,76,6710349c923aaf9adfd79c2be1277c6ec196bdea698387461446b2616fa6d5b4,2026-09-04
NAMPA,1022,NISSAN,ALTIMA,2005,76,4810f4d12d5930cad7228725b3d6a2189f932410572e88deeb8a09b7aade3f2b,2026-09-04
NAMPA,1022,NISSAN,ALTIMA,2004,76,bddbbe8e632de011020de50c02f4dfd5e6ef78f96dc5ba85f2c239b39e29b83d,2026-09-05
NAMPA,1022,NISSAN,ARMADA,2005,66,50ac451e455191fc913a19d6e6113b93d32e39bd00204b557b93a6b07e7fe8fd,2026-08-06
NAMPA,1022,NISSAN,ARMADA,2004,67,aa6f322f0fd2e2169e3a4b0cc29f94a763357784d19544c49862be59db70599a,2026-08-15
NAMPA,1022,NISSAN,ARMADA,2017,67,0503c2723f54159169bbb2dd4ea0871dd155de1aa4349c18f3b21cd4e95cb73d,2026-08-21
NAMPA,1022,NISSAN,CUBE,2009,97,79c4feb844ab7ca62ecc8fc6ab3c3b636f5d5190392e9384d5201f1a01115343,2026-08-04
NAMPA,1022,NISSAN,JUKE,2013,70,dd573fce65ebfdc423728eea888db6c6895c05fe4764f4cb684f5eacb76915ae,2026-05-30
NAMPA,1022,NISSAN,JUKE,2012,71,385764336ac0acda75d2380670c82c740ecef74e59ffda01475c470d956d604e,2026-06-09
NAMPA,1022,NISSAN,LEAF,2012,76,492eb64e8d96b2a00ebd42a8cf0bfba7cc1d4f0a9e8ae4e6b4104a72dbf6fd3a,2026-09-04
NAMPA,1022,NISSAN,LEAF,2013,76,084f7eb369a62137fb3f8a0fe4962ebdb3177b3b764eaf98445f5edfe4202311,2026-09-08
NAMPA,1022,NISSAN,MAXIMA,2000,81,27a85ce7d9a23623387eb66304b37dab91b728cb2e1850df70efae3b5b099b81,2026-04-25
NAMPA,1022,NISSAN,MAXIMA,2000,84,832e5d76326ad9e4d9fd615727d5b9e30b0b885639f437ea9368a9ef363e9ee4,2026-05-14
NAMPA,1022,NISSAN,MAXIMA,2002,88,c4a2a364c56e8ea24017cf7c48da74ff0ebb44139781c64ff4866e7efabbcc3f,2026-06-12
NAMPA,1022,NISSAN,MAXIMA,2001,86,7483b0b6004aef91ce4b5e5d6cf2c28d0c5baf95878c7e93245754de91bbdf1e,2026-05-30
NAMPA,1022,NISSAN,MAXIMA,2002,89,326b77171527084a15e532f99df68df4c35c17fd6620d5b6c08c40e0429b48e7,2026-06-19
NAMPA,1022,NISSAN,MAXIMA,1992,91,6947e8ccd08494bb25afc1bf7093c76742f7497e34f6e990d08a8ac556ef3abd,2026-06-30
NAMPA,1022,NISSAN,MAXIMA,2003,94,3f48a8286e3fd13639043658e0f9fc8137baea977982932aa86e87cff21a3f17,2026-07-15
NAMPA,1022,NISSAN,MAXIMA,1999,96,6a72a755af02c0a471e54141489f2f6fe9116288048d7cba8fef82652a770c77,2026-07-30
NAMPA,1022,NISSAN,MAXIMA,1996,98,f54a0ed22382fa6438e5c4a0f6a02b479791e763ee96019fa14be9896815efee,2026-08-07
NAMPA,1022,NISSAN,MAXIMA,2008,100,341b909523944d0d8d2a3d8e41e3892bea89b86a7e553598bfeaf2772811d8f5,2026-08-18
NAMPA,1022,NISSAN,MAXIMA,2010,74,ee66a3178fc6490f7cc63628609551753ece6a4181be9ff822dc5355a93b3973,2026-08-27
NAMPA,1022,NISSAN,MURANO,2005,66,a2e51c5b3378f7722f97a38bb50b2b048cd512b0c03c0cad13690cf91f92cfd4,2026-08-01
NAMPA,1022,NISSAN,MURANO,2009,72,dd7e601b8cc82f63b3bab3fbae27563e94c8dcd20435189e67287f2d80b55385,2026-06-13
NAMPA,1022,NISSAN,MURANO,2013,72,da3bf409906cd4cd29e83ba44f84b15d87e06b2406ae7d7082c9d79e0f7e77ca,2026-06-16
NAMPA,1022,NISSAN,MURANO,2003,73,0bc4193b533aebb753161c816168911b1b83491591bff889d9acd512ededebbe,2026-07-08
NAMPA,1022,NISSAN,MURANO,2004,66,73fc8eeff893144439782742016de58b698a809393abc96775f67f8a82ede2c1,2026-08-05
NAMPA,1022,NISSAN,MURANO,2006,67,4dbe4ffd47f0ecc13bc4c11d6fce306384bf6c859681970c21c276228b721749,2026-08-20
NAMPA,1022,NISSAN,NV200,2015,68,c270c7c7962b0b05f640b26b82dfc79a3685a57804004d9ae59b0a159625e558,2026-09-03
NAMPA,1022,NISSAN,PATHFINDER,2005,71,7a81c68c436878fb410b6e14a275cd15b308efd4054cc8d4b0d41a4ead53c225,2026-06-04
NAMPA,1022,NISSAN,PATHFINDER,1993,66,323194c0d3dd9d85cef096e737be28e5d003ce7cd51c68bf1682fb9b3a1c8ca0,2026-07-31
NAMPA,1022,NISSAN,PATHFINDER,2008,66,d4445d5e3d802e4fb0f21b883431db3b0a9d42600c2c7db1e5360d0c4aa1619b,2026-08-08
NAMPA,1022,NISSAN,PATHFINDER,2002,68,c7c1f72d0b3bbd5bb172f697a67480db8c92715d277653f7491731fe196c7ef3,2026-09-01
NAMPA,1022,NISSAN,PICKUP,1995,70,ec96b34b1461b195e238b03834f909f14124b2cb5ec8deae3a4e03ae351dab98,2026-05-23
NAMPA,1022,NISSAN,PICKUP,1994,65,b3b3525ca992af16ab7305e4e518046c38f504a38882e02fe397549695846605,2026-07-24
NAMPA,1022,NISSAN,PICKUP,1990,68,de75b0aaef2acd1face425022a5e05bfddd58dd2a148943612e81426e1c2afac,2026-08-25
NAMPA,1022,NISSAN,PICKUP,1993,66,f485706d41a474e2b4d53d8f329c022036270ff47af2c0beef2ee7d466058051,2026-08-06
NAMPA,1022,NISSAN,PICKUP,1997,68,ed78489291c710034a3e6dea7b7658c88590f2aadc81606d52760a8055fa83b1,2026-08-25
NAMPA,1022,NISSAN,ROGUE,2011,71,ef671df0dcda53d0d1d14c99d31e86d63594e6b09504348cea1bda437bec692d,2026-06-05
NAMPA,1022,NISSAN,ROGUE,2016,72,0b024f2a699204dcd9529447484634805c4f9615538ca6570ef23dbb2ee46723,2026-06-12
NAMPA,1022,NISSAN,ROGUE,2015,64,0bab92598c91ea1e90412e45f2c178addebe38bd157a0908792ed9a9e6fec200,2026-07-14
NAMPA,1022,NISSAN,ROGUE,2016,64,f7ae182978235778ca289b4d8d2396e9f810539cb61531405eab428cfc326d66,2026-07-17
NAMPA,1022,NISSAN,ROGUE,2012,67,d491a54066988500194918df30e6d2b4a33cd4203e21073319c87761cf0e087d,2026-08-15
NAMPA,1022,NISSAN,ROGUE,2008,69,dbad87e05d020235b0f0966562adba1b609491a98c39e1657681adba201da816,2026-09-08
NAMPA,1022,NISSAN,ROGUE,2010,68,9841cfbbd9dcb84bb6ad15765e33b82056b94e357b389352ff66b2c159ac2158,2026-09-09
NAMPA,1022,NISSAN,SENTRA,2005,78,d4480245ce8230b96e41118720e1e8694b1db6fc7b08046a0d61a4058eeac62c,2026-04-08
NAMPA,1022,NISSAN,SENTRA,1994,79,41ed52e52fd9bd53682941bdbae8908d737acf4d92e1c34cd49ce8ba5019950f,2026-04-16
NAMPA,1022,NISSAN,SENTRA,2010,81,7945b33a1df8ecc873940cfc39e85760e1aec830736e754b5b600a4b1aa77ab5,2026-07-10
NAMPA,1022,NISSAN,SENTRA,2014,82,f858517e20e8d8541248d64287fb59b22d808badeb42bfd49ca3b56c36f8d49f,2026-05-06
NAMPA,1022,NISSAN,SENTRA,1994,83,4122b7ebd8701d5c8664f338199c7202ca2b5b6c6698c3ab0a74b3a4a38462a6,2026-05-09
NAMPA,1022,NISSAN,SENTRA,1994,82,1016b703471bf6b26b4aaa9547ed091be464dc230220baf5d9efb187eabf4fbe,2026-05-06
NAMPA,1022,NISSAN,SENTRA,2002,84,fedd77d2e68d2e9c9aa12ebd08ca9b97919fd460602e57fdc61c2ee190f29648,2026-05-13
NAMPA,1022,NISSAN,SENTRA,2015,84,2a81d4a2930f3daa404669f30b4bc18292c9702e084b084134c6091adfa96bdb,2026-05-13
NAMPA,1022,NISSAN,SENTRA,2016,84,a585e8311376bafaf1c7b97480a92f61950c3a148f0c96b5f25d644540e55bf6,2026-05-15
NAMPA,1022,NISSAN,SENTRA,2016,85,9dfe835bd84227ffbbdb225ec39b1cd3d37bc7900659549e5b74832581b75a27,2026-05-21
NAMPA,1022,NISSAN,SENTRA,2019,90,4b0b4057dbfa21febf2d3b4babe457fe69e67a6474ea067c300e60b4d7ee076d,2026-06-26
NAMPA,1022,NISSAN,SENTRA,2001,88,e32c9796fd9608f18902ae63ecf2342880d073ae7a023096952ea6ce310ca926,2026-06-12
NAMPA,1022,NISSAN,SENTRA,2012,98,ecb986b150779672f3a51e5b9e7233b9516a2319d3705dcb7dbeec77a8010f55,2026-08-07
NAMPA,1022,NISSAN,SENTRA,2015,93,6dc59d1ecd474b96e7bf01c0f9be738eca916878dc410336ac0338d268c5a7cd,2026-07-11
NAMPA,1022,NISSAN,SENTRA,2014,95,72527ba97b0311b5e67c84e1bf6c330c14e3e6b2a913237efe5e461455ccc6cd,2026-07-22
NAMPA,1022,NISSAN,SENTRA,2013,95,b859e9bc1b7f420d164ce69fa67891ba6d72d0b7d4a3b3b065c54635a082820c,2026-07-22
NAMPA,1022,NISSAN,SENTRA,2008,95,0e91d3113ac8740a22350697fb8f9db24bb2fa65277131587d3dbcd951061286,2026-07-23
NAMPA,1022,NISSAN,SENTRA,2004,96,1e5c4c3585f9ee7683adc5e4da3208df178907561c9cb482d67d9b992297a687,2026-07-30
NAMPA,1022,NISSAN,SENTRA,2011,98,500838363459433682dfc6359fe928eed6caa8acf2e6eca1b1ba535f5713d39c,2026-08-07
NAMPA,1022,NISSAN,SENTRA,2012,99,5e11c6c8b3d73722b2fa9d4ad2c7e2c9fb69223b19ab49a04811821f9d3f88de,2026-08-13
NAMPA,1022,NISSAN,SENTRA,2014,100,f3e0ebb01d0b7cbebe4dfd0139eb21f7ea0a9a1de0941cd5e489be7c1bda787e,2026-08-18
NAMPA,1022,NISSAN,SENTRA,2005,76,28a8f4c21da7b27ab9d00edba1b47f99791cbb96c89237723a9dd63840701fd0,2026-09-04
NAMPA,1022,NISSAN,TITAN,2011,72,7a7005f5fc67ab65d2fe2251b6a5bfd62d632a60e7d3a5c02ac76a36e0b371e8,2026-06-13
NAMPA,1022,NISSAN,TITAN,2005,67,a90f7c055beb4fe6c789726a8635e2c8817cdaa9f0e8775cd68ad3be4550a09d,2026-08-21
NAMPA,1022,NISSAN,VERSA,2009,80,14e926145683896dff6cc1a5bfa9e96f2c88638e89f49e58079af94e1e4fde52,2026-04-18
NAMPA,1022,NISSAN,VERSA,2012,79,ec6706477c12c22eff237bebf84dc8904b986de378debfae55cc030cc94284f7,2026-04-16
NAMPA,1022,NISSAN,VERSA,2008,84,cc52b67aa461450eebd196e6fe9763889d765091e9bb29d75d840179fe27244b,2026-05-13
NAMPA,1022,NISSAN,VERSA,2007,85,78b3c7e3c5decc470717bb6107072ef086a626222ff6af5b33d82805cce415c3,2026-05-22
NAMPA,1022,NISSAN,VERSA,2015,86,0555ebc503787b2045ae3f19e67dd4473e199329126e06b307ec31fca7e8b261,2026-05-30
NAMPA,1022,NISSAN,VERSA,2009,87,786094e84a399108b6dc14f4f982d449c572876ac9caa8f16b563e2802d68282,2026-06-03
NAMPA,1022,NISSAN,VERSA,2009,91,3b4c78dc127f55bfdd815495d01b79c21d6c43795fde6336b0ddf9825506ec57,2026-06-30
NAMPA,1022,NISSAN,VERSA,2014,94,f50f82e4f886c92e105dc8028c480e92364434bacac43eea5f663d2bfc318bc9,2026-07-15
NAMPA,1022,NISSAN,VERSA,2013,94,6e39732d4d481b279d8cfae55c80e7292a8efc5bfdcc00e47284f24b24644f57,2026-07-15
NAMPA,1022,NISSAN,VERSA,2009,96,394d562266b26e34cd956f03c99161f2a0881a5dc0737d52a6258fd83f1628f0,2026-07-30
NAMPA,1022,NISSAN,VERSA,2012,96,8b8ab539b62460062d86c25f83e896ce24eda3b2db01cf8359d9aea02af1a3d8,2026-07-30
NAMPA,1022,NISSAN,VERSA,2012,99,4175059bc59aae4b0a988d345e255c26a3c0c061198d39f864f3212b701ce892,2026-08-13
NAMPA,1022,NISSAN,VERSA,2007,77,1c9172368cd009b32dcf3eb548c51b63e264d44eca66588dad32e8e27a583a33,2026-04-01
NAMPA,1022,NISSAN,VERSA NOTE,2015,79,ee55d5acf21d8dadcd47f446f5942676f383408c37f6a6d4654bed227223470a,2026-04-21
NAMPA,1022,NISSAN,VERSA NOTE,2014,76,001ad6ec4662643553347d59df4402b7f69eb8463560623a42eaa909c7990f55,2026-09-04
NAMPA,1022,NISSAN,XTERRA,2005,73,b2df49aea2c9b08c5292c7062f2ccc5412397e44214017f6d6c0ba9b9e1e220a,2026-06-26
NAMPA,1022,NISSAN,XTERRA,2003,71,303709a5dde066717669b681b33b34d6659d34e606784e65b9aeffa1a11d0cf6,2026-06-11
NAMPA,1022,NISSAN,XTERRA,2013,64,ab98f886e53d137ba3e86734065297e2bc0aff9f79baeda541b001cf8d1e7b7e,2026-07-14
NAMPA,1022,NISSAN,XTERRA,2002,64,0900540e42f29bad81e5edaabe4d8e3c067a971b8b80ca907d8c519342988f86,2026-07-18
NAMPA,1022,NISSAN,XTERRA,2003,65,45fb34e867ec14f39d9d2d43a52c3e515e9da78bc104cbf9b3fb17c757130d2c,2026-07-28
NAMPA,1022,NISSAN,XTERRA,2004,68,19f39d4f07da6a16c645581543ff4a1f05b780fefb9cb402a2913a137ec207c7,2026-09-02
NAMPA,1022,NISSAN,XTERRA,2002,69,f287bd79d93d63c13cd99ede296fb6a1772b492456ebb833d8abbc0521929012,2026-09-05
NAMPA,1022,OLDSMOBILE,ACHIEVA,1996,38,3f44e281bdd276c47651acb0268b59d5db0745fc0e9b0f5ee8226b9bf05a50fa,2026-07-16
NAMPA,1022,OLDSMOBILE,ALERO,2000,34,247c2b21eadbab040a788c1ec84d741bc09068466724043f0f805f854fafd5ba,2026-06-05
NAMPA,1022,OLDSMOBILE,ALERO,2004,41,1521601cf6bce23cade0954e3c4f0423a12f360969c8097394d4e29072e27e50,2026-08-22
NAMPA,1022,OLDSMOBILE,ALERO,2000,43,376e6dab52c90ab1c935fc955e192f9339c4238981a852ccb6615ca9eae2729f,2026-09-08
NAMPA,1022,OLDSMOBILE,BRAVADA,2002,26,c777d2cab66bc9817de59aab3b8535469604a1487dd6502341015d450eed9e57,2026-06-19
NAMPA,1022,OLDSMOBILE,BRAVADA,2000,21,0c11b2ed54ad35edd1679916f6ea191bbca716d57a5846af470b1828dfd3b188,2026-08-11
NAMPA,1022,OLDSMOBILE,CUTLASS,1965,102,0bda7b9836bdbdb9645e03d0f74c3a298aba9ecad4885a3d48abaced44e6c651,2025-09-23
NAMPA,1022,OLDSMOBILE,CUTLASS,1965,102,0bda7b9836bdbdb9645e03d0f74c3a298aba9ecad4885a3d48abaced44e6c651,2025-09-23
NAMPA,1022,OLDSMOBILE,CUTLASS,1988,39,6277277421ab9d7a9c3681b7bc4227806e8b018edf576bb7917d534cddd57b48,2026-08-01
NAMPA,1022,OLDSMOBILE,CUTLASS CIERA,1995,44,526ab4230b5c05d9ae05d3e96c9e1e23bd45e59383f7fb9e372fe9b794f7f75d,2026-05-09
NAMPA,1022,OLDSMOBILE,CUTLASS CIERA,1995,45,392f4c84dfd73697c33ed1a2eb1420de27270c303227945cb554aea97c95a563,2026-05-28
NAMPA,1022,OLDSMOBILE,CUTLASS CIERA,1996,43,21a37556148285fdd8d8664aede4220ca4796d9a101d92622e265fba2ad4da4c,2026-09-09
NAMPA,1022,OLDSMOBILE,INTRIGUE,2000,38,b93376d3e9d0ed2376f22db56f385563f3fe8216f77f8be4cdede9d7cab2b1f3,2026-07-11
NAMPA,1022,OLDSMOBILE,NINETY EIGHT,1992,44,1f02bb3975c49afbd8dcd102cafda55f15ac69ebb3956b7ead9bda533de95bec,2026-05-09
NAMPA,1022,OLDSMOBILE,REGENCY,1998,39,8e14fda7bb2b1164e56d1815612a1e852749eca070f809c9cd9a4791910f86eb,2026-08-01
NAMPA,1022,PACKARD,SEDAN,1952,102,5c73909a55eb8c36746a7779e5f3dc407994dda017014831836bac61baf4fea2,
NAMPA,1022,PONTIAC,BONNEVILLE,2000,34,e59f64e6676653e76ca3e981fafc206c99ce07b921f1e46e3f62a99820d35056,2026-05-28
NAMPA,1022,PONTIAC,BONNEVILLE,2003,39,a6444debbe22ab26141ee4eeb66defb3803bb89e2a7e0f9576b4583f0d3bb5d3,2026-08-01
NAMPA,1022,PONTIAC,BONNEVILLE,2004,43,6826eb7963c2fd96df1f137750a5e97b7bf941e7e1b62d41dc4607e14aa6e5e8,2026-09-09
NAMPA,1022,PONTIAC,G5,2007,42,c0d6ae3b9007157fe123d1a4818b1b42ce76981a85ebb5a795f78fd7bc922a16,2026-09-03
NAMPA,1022,PONTIAC,G6,2007,38,92303efc5642cefa140e3bede38a024cac3456ed589d0acfbf9f81713878323c,2026-07-11
NAMPA,1022,PONTIAC,G6,2006,44,ab728ea5dfed704c4f9a881eb9e64457b0d26bba7cd4a9ac3f6f8b5202389cc4,2026-05-09
NAMPA,1022,PONTIAC,G6,2009,45,0aca271f9f4c1efef7a63fc730db3b23bc9b3516b36abc3c0b357158d4331389,2026-05-14
NAMPA,1022,PONTIAC,G6,2008,36,e7178626534646d361237593e23f13a0a821e5f705c1a16d3a70c5babd815b98,2026-07-04
NAMPA,1022,PONTIAC,G6,2007,41,c66fe1981dc2501b9014e2f7a8dd1b57587c3d1a7b909e48b66e4fc4e429631f,2026-08-13
NAMPA,1022,PONTIAC,G6,2007,41,c66fe1981dc2501b9014e2f7a8dd1b57587c3d1a7b909e48b66e4fc4e429631f,2026-08-13
NAMPA,1022,PONTIAC,G6,2009,42,1d13abd89497ac72409ffb42fb1562f56fbd0c30271d3fd16e3535a7edfb1c82,2026-09-03
NAMPA,1022,PONTIAC,G6,2007,42,e4ee5d35c49a3a9e4f760439fee62fb91e27a7637b332bd43f763fc5a5296a31,2026-09-04
NAMPA,1022,PONTIAC,GRAND AM,2004,45,ad067245a5265fe636ec3a0799329a62934c84a7d6d15181c8f73bf87d756bbc,2026-05-14
NAMPA,1022,PONTIAC,GRAND AM,2004,44,49cafa3f40561a6e2be538f6493cfa7240b238a5bf7b29dc4344c9d9cbad0972,2026-05-09
NAMPA,1022,PONTIAC,GRAND AM,1992,44,a5fbf2203a3f3302ddfc348d3291bdc9575d8f90ce032993618db99713040207,2026-05-12
NAMPA,1022,PONTIAC,GRAND AM,1999,34,3525cc7125aab2be73e260c1449b7fa7774c38911d608bb15e074a0523bfa415,2026-05-30
NAMPA,1022,PONTIAC,GRAND AM,2001,34,3cd15266fc92d8c0adfe88d5d203ecb2ac1de7a0fba078d215f9e853876605cb,2026-06-05
NAMPA,1022,PONTIAC,GRAND AM,1997,37,04542c77f8855a9ee7133e11f36c7ad606d6ac430cd395609e0859cbb0fe72f8,2026-06-12
NAMPA,1022,PONTIAC,GRAND AM,2000,34,923886addf4748071c58f74f6bd21e09e9fbea03f439a357a16e1b5868ab9e45,2026-06-04
NAMPA,1022,PONTIAC,GRAND AM,2003,37,437ff71b2388fa500953b2c4f01f7fd48f62375095083cacc155618670746ef2,2026-06-16
NAMPA,1022,PONTIAC,GRAND AM,2000,35,9f4f4fcf962def6a0d0c8aad325c6258de62510feb1a7916d206da9f4e6cf349,2026-06-27
NAMPA,1022,PONTIAC,GRAND AM,2002,38,078585a3d90da88950ed7710861342007f80d54c5aab6519879fdbe9b5f6d42f,2026-07-11
NAMPA,1022,PONTIAC,GRAND PRIX,1994,40,5cbcef6096d2a04295344fcac536dfd04b16ceccf806fa44858a23918e96354c,2026-08-06
NAMPA,1022,PONTIAC,GRAND PRIX,1998,44,7488bc62550c3b8877fb32c64d940634845244598a8f8addbe193f9255136d06,2026-05-23
NAMPA,1022,PONTIAC,GRAND PRIX,2004,45,1ef28eafe762c50f9bf342e7829d52148e50b053b35cbb74532633b577d2f013,2026-05-19
NAMPA,1022,PONTIAC,GRAND PRIX,2007,34,b73d8116c4c945a01afe0f7fc09f9032633b439e9dc244518ae2984d33370ca4,2026-06-03
NAMPA,1022,PONTIAC,GRAND PRIX,2005,35,2abd8bb00dff2042bdd5b8fd47cb1776120a8c0e30744a80b9d1a8c3732351f3,2026-06-27
NAMPA,1022,PONTIAC,GRAND PRIX,2005,40,9c3df0254df0f64dae758fef05b09abb27581f78ee608dbd0b7c6bf1ce0e570c,2026-08-06
NAMPA,1022,PONTIAC,GRAND PRIX,2000,39,5c20fa0fe600a5776e5907c18b0533c8a514841a77cf77cfc9dfc0caf0a716ee,2026-08-01
NAMPA,1022,PONTIAC,GRAND PRIX,2002,41,e34fface5fa681377fa6e1fa84a0f80bbe1a971bdc71813cdec5c89cbc693d7b,2026-08-15
NAMPA,1022,PONTIAC,GRAND PRIX,2005,41,4ff03af0eabe1e5145071b902b5b18eaa6c54908eb9ec1fa8bf29eba55782245,2026-08-27
NAMPA,1022,PONTIAC,GRAND PRIX,2000,43,f6b94d718a3eecf660ff856f058700b3e3db49b038c6621713b5c5bc651845cc,2026-09-09
NAMPA,1022,PONTIAC,MONTANA,2000,27,86f8192f14963be920506be71ca641a22b46f659dd92a0aec3b1f73222707056,2026-06-30
NAMPA,1022,PONTIAC,MONTANA,2004,20,0982b4fde85dc760501ce34b64bd79dd39e780983e0b5fed88bc67fa86139324,2026-07-31
NAMPA,1022,PONTIAC,MONTANA,2000,24,b16a6abc67545f635afff8ea88cbcef9f746ac7235af4dbfa041579fadab2b9a,2026-09-03
NAMPA,1022,PONTIAC,SOLSTICE,2006,39,8e7396797f55d4ba8f5a6394228a6f6e2ee270e96a505a22e4487f6c30a43bc3,2026-08-01
NAMPA,1022,PONTIAC,TORRENT,2007,26,33a5850600ad8931778f218c5744e59fc0ced90423bfacecd421073919e92d1f,2026-06-19
NAMPA,1022,PONTIAC,VIBE,2004,37,6fd9d8e7e8f47297c9bec2375cdc8093f171690d6b93a3f88b035a95302cf83d,2026-06-11
NAMPA,1022,PONTIAC,VIBE,2003,35,31debf6cef491834eabdbf6e1e90acb70062646ea86281c917a7dd701b0f6326,2026-06-27
NAMPA,1022,PONTIAC,VIBE,2005,36,f3b71c725e68d485f297c3d030492858d551159d120de9a7265c6feb9f7919fb,2026-07-03
NAMPA,1022,PORSCHE,924,1987,102,f8e6aecd1c384438c71edd507ba9f03b27f4dbbd89a71b60a3ba6859d9c3038c,
NAMPA,1022,SAAB,900,1994,79,409982f7277996876001c430cfc6fd2a1a5ece41a7f71a8cf6578f701a03be0a,2026-04-16
NAMPA,1022,SAAB,900,1994,94,ff95acc35af54c1bcddaf26bacf29644a608e503587382c287526c575d75103e,2026-07-16
NAMPA,1022,SAAB,9-5,2006,98,0fd73e0c69c11c4f9c11708bca5affb104c624f3a9ed6c5ac1de6ad9c055a910,2026-08-07
NAMPA,1022,SATURN,AURA,2007,35,612bad2dd86794fafac55e0ecfe1d01f6a33544a9fedb53f0e18ace95400b3c9,2026-06-27
NAMPA,1022,SATURN,ION,2003,44,f1c0088e980791f53952e9a14f64189c6c1b17818a128bb2853d3fbc9a09a259,2026-05-09
NAMPA,1022,SATURN,ION,2006,44,8590accff3e0d69769d88eb2072b7b14a13f83f0790e5235684f5bed6d0d280e,2026-05-09
NAMPA,1022,SATURN,ION,2007,44,c35b6c9a22d8f9b5e71a8efecc98bfe6f59980d462f6b4a8095993bb75593b1f,2026-05-09
NAMPA,1022,SATURN,ION,2007,37,b7b0758c4bc5b7eb1aead03f4479f46e12c0ea280d4efd34e472cb7129541013,2026-06-12
NAMPA,1022,SATURN,ION,2007,37,b7b0758c4bc5b7eb1aead03f4479f46e12c0ea280d4efd34e472cb7129541013,2026-06-12
NAMPA,1022,SATURN,ION,2007,35,039754051bbd3bf9c6ed5989dfa496c935754cd54769fcfd58d0a23ac2376929,2026-06-27
NAMPA,1022,SATURN,ION,2003,35,b851e7ca8d9ae070b29139ed1c92bfe512cd4417b3e3f9890c60230072fac265,2026-06-27
NAMPA,1022,SATURN,ION,2006,36,53470180093e6053920e3b425a559195c7c7266d562a48a85b9bad1a220b43d5,2026-07-08
NAMPA,1022,SATURN,ION,2004,38,287e41329a35a3fab3a5c0db0b97e448eb2d4e4c1ebe3387f0b27d2bb15e7e10,2026-07-18
NAMPA,1022,SATURN,ION,2003,42,f10b84752ab80fcc387e7912c43dac7d64f023eff37357fa93fe033a3c7a9bff,2026-09-05
NAMPA,1022,SATURN,ION,2006,43,2ae8fe103b08ccf97957b5dd415d55f7f87e4faa1c9321c9eb5aec75d8377adc,2026-09-09
NAMPA,1022,SATURN,L SERIES,2002,38,a9726a8001db28176f75075aad69e21eb6afa7f1ef2155eefbd105980f07c98f,2026-07-17
NAMPA,1022,SATURN,L SERIES,2001,42,61aa441268681cdc451e4f25707ac53b88eab617ffd9f07ac2b054931072c3e3,2026-08-28
NAMPA,1022,SATURN,L300,2004,41,5ecec44548caaec813187c1dc61b269efa14ff4cc5f0199b57d498c752256be1,2026-08-20
NAMPA,1022,SATURN,OUTLOOK,2008,22,1fd28d54ca8a25dbbdae2a1a6d3cfa6f5e6bdafe69349bdfdb4c3f85ecb8784c,2026-08-19
NAMPA,1022,SATURN,S SERIES,1997,44,6bd59df1ad094c50ea391a692a534fdca62ced014b48e98b5f2dfd9c4ed77f9e,2026-05-09
NAMPA,1022,SATURN,S SERIES,2001,45,b2182527c71cb8332ff89e84dbe858a8f5cea274146554d2011e983e86174257,2026-05-21
NAMPA,1022,SATURN,S SERIES,2002,35,92bc83a63fb670c1c4db4d96044ac86549958ffcb7e13f0b8f0bb2e7b82ff940,2026-06-27
NAMPA,1022,SATURN,S SERIES,1997,39,f02360a35dc777cb9b974128299c4df7a49f1c22c866fe4608aaef50433e9755,2026-08-01
NAMPA,1022,SATURN,VUE,2006,23,345bc98756de4489ec823cba3b30163b3f204ef896979add9acd27987b585b0d,2026-08-27
NAMPA,1022,SATURN,VUE,2003,26,f63146641523cd5761a2bb1e80367d82e6e922baad2a8819d3d150b8859ee931,2026-06-17
NAMPA,1022,SATURN,VUE,2003,20,072b8db571467965e4115ee34c72ce417a00804bf6fef82d216dc001f8d74f3b,2026-07-24
NAMPA,1022,SATURN,VUE,2006,20,3a71918fd367ceb4e50b8293db428c319128ee63c5e127456114e238494a8bc0,2026-07-23
NAMPA,1022,SATURN,VUE,2008,23,35b33ba3a6ef898c82f16a35a71faf0b5c4ccc1700de5fd1307a84a3eb9586aa,2026-08-27
NAMPA,1022,SATURN,VUE,2006,23,345bc98756de4489ec823cba3b30163b3f204ef896979add9acd27987b585b0d,2026-08-27
NAMPA,1022,SATURN,VUE,2008,23,35b33ba3a6ef898c82f16a35a71faf0b5c4ccc1700de5fd1307a84a3eb9586aa,2026-08-27
NAMPA,1022,SCION,TC,2005,94,ee650d03750272de01cf5e7c4b395b38f02b73e9158bb45764c71dae435dfb8e,2026-07-18
NAMPA,1022,SCION,TC,2005,98,47eba480e88e8c1502e57b41a9c012da9f87924e0b6713434db27aca6fc879ea,2026-08-08
NAMPA,1022,SCION,XB,2005,89,e27ab1201b974e9ff2f965111bda5f51a6435f7610f1b8985bba023f8f819892,2026-06-19
NAMPA,1022,SCION,XB,2006,93,ad2a2405bd24d5e7f3974937f99a950fab360a4d14c3493cb0545b6629c8d9a3,2026-07-10
NAMPA,1022,SCION,XB,2012,93,4ea2608859415cd3597b9664c052599d4229835445f704a25e55547aa650b801,2026-07-10
NAMPA,1022,SCION,XB,2005,96,ab9d799d7ff49b38ac8395b4768d2b2e8c47576bb4f2cec8eaff5b89afd601c2,2026-07-30
NAMPA,1022,STUDEBAKER,CRU,1963,102,5259e46e37d663a7ccd34d07f16d3e91e3a98598c47ea3a85ce8d202de3b8510,2026-08-13
NAMPA,1022,SUBARU,FORESTER,2011,70,8b2caaaed7ef3f8aa0a0badc57fb24279a7b1cddea19ecffe201e53231a84652,2026-05-23
NAMPA,1022,SUBARU,FORESTER,2015,71,4a69dad753af7bf9ac10d78b12f244931a70631cba0e5665f5f449c09c32b648,2026-06-05
NAMPA,1022,SUBARU,FORESTER,2006,72,3e2995b79b74e56ad6ddce518c2f98f4a8faa4b543d93b108df09befe9e7257e,2026-06-13
NAMPA,1022,SUBARU,FORESTER,2001,72,9a28de108a0aea999a994493b069a06f95b5fb324eee57f2493c5d2fc49f3423,2026-06-13
NAMPA,1022,SUBARU,FORESTER,2003,73,61f643c531d2ab9da7efd5a6190277482b2d87f2d73753d7a0464e0a955465a0,2026-07-08
NAMPA,1022,SUBARU,FORESTER,2005,66,49634a4ae328fb9334f3d1602f5c90ab84cc04c747ad6e7d149a2202993405fd,2026-08-05
NAMPA,1022,SUBARU,FORESTER,2007,64,7407c8f0a84ba32f0e9104a69ed26c9e74bd1aab4402fb8553e91f24ed928b19,2026-07-16
NAMPA,1022,SUBARU,FORESTER,2009,64,badf46de4c698eb8a1a858ce413d6357b09d6274028024b21f0a68ebf7442827,2026-07-23
NAMPA,1022,SUBARU,FORESTER,1998,66,69bf9cd6a99d8632643ed3eb30413bdf00e72821bd55f8e058b6fa833e31041e,2026-08-18
NAMPA,1022,SUBARU,FORESTER,2003,66,df05d142ef8dbc8709adb3f2046fd02a6648925cfbb3854099ac49871d29aad8,2026-08-12
NAMPA,1022,SUBARU,FORESTER,2006,67,f64c268c48d94cefc3a1fef3ba7e6eb585b2bdf61a4151a111acf926ceadd019,2026-08-15
NAMPA,1022,SUBARU,FORESTER,2009,68,311ff9270c175ba62b25e0475dc3aa997e858c84262b79e7f2b0944bdd27f058,2026-09-02
NAMPA,1022,SUBARU,FORESTER,2003,68,66225c0aa3740885f740a9ebda9d45b93cf8095b4a6f8c7261ba797cf027a591,2026-08-28
NAMPA,1022,SUBARU,FORESTER,1999,68,45cffbb0bc4bcc1195bcbf6c5f8b24794c3fc6813aea9027ae65e9c45e6007c4,2026-09-03
NAMPA,1022,SUBARU,IMPREZA,1997,78,a4d7e198cb1c144646ff8bf67ca0648db42f89149c7b745f2878788d96489637,2026-04-08
NAMPA,1022,SUBARU,IMPREZA,2012,81,17a2bc3451da4f64ee01b8e7541d829fe862a1e1a539d5835a943bd9cc17a071,2026-04-30
NAMPA,1022,SUBARU,IMPREZA,2006,90,9c8b4907c10f63c031c882bef0d720936ee6b9a4ed8ba4b16a93eec6390c34ad,2026-06-26
NAMPA,1022,SUBARU,IMPREZA,2009,97,c34f6e98ebd7d3280210374c2f8cd9ac78c6c467ee8938f2e8c226f310869831,2026-08-04
NAMPA,1022,SUBARU,IMPREZA,2001,98,752535d85000cce8aa703947bb2665f87497364014b693fe5e6607d8b0ca734e,2026-08-08
NAMPA,1022,SUBARU,IMPREZA,2007,97,e98614ecd4536a371f1702b36f1fcda677b0561d1e340f01ac5c61870195a164,2026-08-05
NAMPA,1022,SUBARU,IMPREZA,2005,100,dbc38ab9f4c690d70e2d6db1decea5733a87a91187bd19d7c962278b783f9c5c,2026-08-18
NAMPA,1022,SUBARU,IMPREZA,2006,99,7315b2d797cdbd06f2ae6b6d269ba8c42598c8711456dcc2f381408c25c79771,2026-08-14
NAMPA,1022,SUBARU,IMPREZA,1998,100,41569454550727c1e200eb9a8eb480428ef11d2d07576f932665332875a4ec5f,2026-08-18
NAMPA,1022,SUBARU,IMPREZA,1999,100,dc1c31f86a7620198f19e7b4478b7d5a7b567d01a3ce32a7bbe7fbd82ae29a0b,2026-08-19
NAMPA,1022,SUBARU,IMPREZA,2010,101,089b4bab7ce2cd525e332fa04809c2eed3f766f087083333e4f06983bcf09d74,2026-08-29
NAMPA,1022,SUBARU,LEGACY,1995,78,2edcb8ed241aac173aeea8cbb9efc4e491d203b19b0e0a3ac0fbd0c3c006009d,2026-04-08
NAMPA,1022,SUBARU,LEGACY,2012,79,bb0fb67cf87e7fcc60befde0eab86f563a49c8ae07e6309f5a18e2111b56c20b,2026-04-16
NAMPA,1022,SUBARU,LEGACY,2000,79,88727d8cddb8e2d494a4eb029bbee46d8bfc417a63723bf259c9afc68919172b,2026-04-16
NAMPA,1022,SUBARU,LEGACY,1998,81,eb27e1c47d21d1f9a3fca7483a2728194271de484dee9e331761d152d5edc2e2,2026-04-25
NAMPA,1022,SUBARU,LEGACY,1999,81,d1e410629dfd69c3c82bd191835427458b926ef7d1ca8040d06f2f13fc299134,2026-04-25
NAMPA,1022,SUBARU,LEGACY,2001,85,f3516d52d751eec80135508681d2aa4bbe033f33a7282667fb57a4bb4ba19c84,2026-05-23
NAMPA,1022,SUBARU,LEGACY,1998,86,07ca0940b7570f4a0e999e458dc259235ec59b4dc27ca846c81a9e74c50717a6,2026-05-30
NAMPA,1022,SUBARU,LEGACY,2002,87,38e6459639bcbb8f5aa14dc9b6c8db35d805be2ef4e915cfa01341f096c0d28b,2026-06-03
NAMPA,1022,SUBARU,LEGACY,2009,89,501ee70e9ceb5972ab6c27c32e53b9f7550e8184366c2f1c838318e7930fa68f,2026-06-19
NAMPA,1022,SUBARU,LEGACY,1998,90,24aaf8e8dfd95e40723c60b225b0804564d5ca0a4301f7e761bd4ae5153bcd57,2026-06-26
NAMPA,1022,SUBARU,LEGACY,2010,90,7a19edec6d5df24f864872364215d5b835ba29dc3c2958c59f8f6a2898d83baf,2026-06-26
NAMPA,1022,SUBARU,LEGACY,2006,90,a4fa06d173c0fe2d8f55c3c36315fac3f03ac603747f193ce53951ebb2b120ee,2026-06-26
NAMPA,1022,SUBARU,LEGACY,1997,91,147f061d8d37f5f8eb42f932b778f04bcbfa73710a96ef72b1bc5543106eacf3,2026-06-30
NAMPA,1022,SUBARU,LEGACY,1997,95,dfa73c65383fad69329cfcf452f9354f525e2bb025d829564cc7562529af17b3,2026-07-22
NAMPA,1022,SUBARU,LEGACY,2006,94,ae1774d5b5289fde12c618431a8ff5338122bfd57898593b3e446381b1679749,2026-07-15
NAMPA,1022,SUBARU,LEGACY,2008,95,c41b069848cc8489d4bf2ff55eb05e2471003346c38d1567360a15c923340127,2026-07-25
NAMPA,1022,SUBARU,LEGACY,1996,97,df601bcb1fb6f8e798721a082fd400e1408abdd7bb6032f0308627d7f590d963,2026-08-04
NAMPA,1022,SUBARU,LEGACY,1998,96,9877355fc9cf29939b50ff090514dd887ede00179a4ccddc45799f53ebee8f5c,2026-07-30
NAMPA,1022,SUBARU,LEGACY,1996,100,cbf62c97f8ab7f96d2eff355bdd7af06fd72486d82559b0442e07d066ba8fb26,2026-08-18
NAMPA,1022,SUBARU,LEGACY,1996,99,29d045fa57c468666586d226fe6038ff9f6c82f1c02aec9729e1f977c57a7e32,2026-08-13
NAMPA,1022,SUBARU,LEGACY,2009,99,0f546fa38d617e602160c32165cb580997d79f63e0e4e2ebd7ad1cda53e05620,2026-08-13
NAMPA,1022,SUBARU,LEGACY,1997,100,e53ffb93b1f44b209884ce0b3f2e9aa7b1a3fe1333343d1d2cb4fb7495b1a9fe,2026-08-18
NAMPA,1022,SUBARU,LEGACY,1994,101,479d192ce00c9def1e92dce2a412b5335335a73ea0e96f8706bac7528de93ca3,2026-08-21
NAMPA,1022,SUBARU,LEGACY,1991,100,ab977018674a2ea51443ef2c5db98addaf75613aec3171818835fa2a0af49cea,2026-08-18
NAMPA,1022,SUBARU,LEGACY,2013,100,1e1e7ba250a0b8436f135f2d47ae918aea42db1e98714732e74493546929016d,2026-08-20
NAMPA,1022,SUBARU,LEGACY,1999,75,1573d7b6e3b1b932ad8a1f53a3c20cfcbfbf5a6bb3108a0cbfbdf40b36ec9b61,2026-09-03
NAMPA,1022,SUBARU,LOYALE,1992,101,db8ac5f02b6a9130126c83beef8177334f1e3511dad63e9626aa283d26796ba8,2026-08-21
NAMPA,1022,SUBARU,OUTBACK,2005,82,c4599d080330a7af8f8309eae540b0507e35d9b42da2b546b9c94c488025e321,2026-05-06
NAMPA,1022,SUBARU,OUTBACK,2001,78,2432bbddbe6c6f692445b00912cff250938eaf4bbc4ea0852776888e40a930fc,2026-04-08
NAMPA,1022,SUBARU,OUTBACK,2006,78,dcdf34edb491ce03d5e093110830ef152c56b6f69ef19c9973b4056966363602,2026-04-08
NAMPA,1022,SUBARU,OUTBACK,2002,78,5e3d9ae45a3ed5f124c6ed00d00f68f91b8d81229a19ddfbcfb7ff16d16ca642,2026-04-09
NAMPA,1022,SUBARU,OUTBACK,2006,78,dcdf34edb491ce03d5e093110830ef152c56b6f69ef19c9973b4056966363602,2026-04-08
NAMPA,1022,SUBARU,OUTBACK,2001,81,5ce0471c9e50f672f4a06dfc053d92674146b688fd406f4bad033e2bebf836b9,2026-04-29
NAMPA,1022,SUBARU,OUTBACK,2005,85,17b9191f7ab3e893b902ba3724a1feee12d6d5d6fd06a9113c0f93dc8bcc600f,2026-05-22
NAMPA,1022,SUBARU,OUTBACK,2006,85,bbf74cca5cb364e76139108f75d254135fd169193dc0d8379412142bd81e7828,2026-05-21
NAMPA,1022,SUBARU,OUTBACK,2009,85,a00dbfc18319af15ed567aba4b991a011b3120c5c60af8eb855b52d82bf735db,2026-05-23
NAMPA,1022,SUBARU,OUTBACK,2007,91,94e7abaf775c3cf1f34ee4a765ab84a2da8613109d1cc61012c51d5380cb748f,2026-06-30
NAMPA,1022,SUBARU,OUTBACK,2007,86,68fa122f54e8fff08676d750b5cab8d895259d2e71f28ef3d5ec8f165498c88c,2026-05-30
NAMPA,1022,SUBARU,OUTBACK,2005,88,205ea180c12d3b7c38b44bc4b5abba3a38f4d9f3abcd6ec8bad1322563c61438,2026-06-12
NAMPA,1022,SUBARU,OUTBACK,2013,90,34ec89f25d4a4b3ac79947e831dcb32747df5f23651038a56456ca7502fea88e,2026-06-26
NAMPA,1022,SUBARU,OUTBACK,2001,89,ed5f9c5df60acdd67a19d274643c894a7157fcf328d63bdfc6172d02d7eb09e4,2026-06-19
NAMPA,1022,SUBARU,OUTBACK,2000,89,6754dcf0ca325e9c4d0e470ad7d98715f0f67ed1be75bf121e3011c36833b2d8,2026-06-19
NAMPA,1022,SUBARU,OUTBACK,2001,89,ed5f9c5df60acdd67a19d274643c894a7157fcf328d63bdfc6172d02d7eb09e4,2026-06-19
NAMPA,1022,SUBARU,OUTBACK,2003,90,4d7a53ad596c82d3137cdae5e9c286a84233146a94b71fb96e64bf068e43bd0a,2026-06-26
NAMPA,1022,SUBARU,OUTBACK,2000,93,6f7b68ee43329ead3561eb136eed8c79655021f33c7510197d489dcc933d4cda,2026-07-10
NAMPA,1022,SUBARU,OUTBACK,2006,93,d20ddfb597123476d6eebd9638ee327d6d15339a5dd8bbc7e7bcb4f57c44e71c,2026-07-10
NAMPA,1022,SUBARU,OUTBACK,2001,92,61ed95d4c802aa8a984135b22b6e4cc772a53eef249a330ed0452386275750e2,2026-07-08
NAMPA,1022,SUBARU,OUTBACK,2005,95,d150b27a604283418e42e2682db466a2c1705435e0955a68ca4b860cb3e6a0a4,2026-07-22
NAMPA,1022,SUBARU,OUTBACK,2012,98,c8098cd62d717945e808330b15e7a68c8116641c8675fdbb11219492d486bd56,2026-08-07
NAMPA,1022,SUBARU,OUTBACK,2012,100,4986703516fbb4ea58c8488add96e91a95167bcd06e5503090c1cb0c11e75e63,2026-08-18
NAMPA,1022,SUBARU,OUTBACK,2011,100,4a483446d2e49428a3fa74d28f299d2b94a8b0a83c5e3f407a10e8a534d9498e,2026-08-18
NAMPA,1022,SUBARU,OUTBACK,2006,76,4adb1dd397b9c67935b21ebb5aba8f9d3954f5ca5192d588611d3eb94ba49b78,2026-09-04
NAMPA,1022,SUBARU,OUTBACK,2004,75,528e2eab99073b36c26f0c22545e9611a805f39a988f3a9dc9650682ae41c3bb,2026-09-03
NAMPA,1022,SUBARU,OUTBACK,2016,75,9603809a73c64434281fc7b05e953dbec1e39f180fa26c3744d078c09491abc3,2026-09-03
NAMPA,1022,SUBARU,OUTBACK,2014,76,bb868f28888c2382ffef82d5f83801559c79e84d70cd34657b8b9c9a66e6745b,2026-09-09
NAMPA,1022,SUBARU,TRIBECA,2011,72,9def105c782c64f8786f135cf0bc0a98a11cf919f9e293614a41b659b0bf92d1,2026-06-20
NAMPA,1022,SUZUKI,FORENZA,2006,88,7575313ee9709f90d290bb34a4314af44ed16752565f376ce8b6ede2ee34ecba,2026-06-12
NAMPA,1022,SUZUKI,GRAND VITARA,2002,65,cd2234061bfdb8940f641f9e103db84672e273bd4a592424cdd17fb7e3f7aa52,2026-07-29
NAMPA,1022,SUZUKI,SIDEKICK,1989,67,c089125ef189898dcbf8fefefc14c6b4bf0b2b6a923237d659452c6a7ff3ed9f,2026-08-15
NAMPA,1022,SUZUKI,SIDEKICK,1997,68,538d2087e85035275dc04249957da98e8f2bdd1ec46d1691819eef10c726352b,2026-08-25
NAMPA,1022,SUZUKI,SX4 CROSSOVER,2007,83,95bb30b59394aa4ee3c024e171067c8ebdf7620d48f0c9cae478b967f04f722f,2026-05-09
NAMPA,1022,SUZUKI,SX4 SEDAN,2008,84,a8e296a2b0a7c34eb3f93745e09465ecbcb654158e43481e99fc192aaf56d54a,2026-05-15
NAMPA,1022,SUZUKI,SX4 SEDAN,2011,74,4f540f9a9a5d980ceacd5d3b70fcbde20a2effc09522982f39cb325951cffcf0,2026-08-27
NAMPA,1022,SUZUKI,XL-7,2003,71,ce4e0339b65a213080cc03a560b48a937b5fb6af084364cf40510ef9c2d0730b,2026-06-04
NAMPA,1022,SUZUKI,XL-7,2008,23,c10a288cced3327fc8b509e65a331fe7deff5dab01b5c15907479fa378cc16ac,2026-08-27
NAMPA,1022,TOYOTA,4RUNNER,1990,65,6192134b7f37c763e65ec46d940d82e63f91d4f3ed2eb83d6e8e824ae08c0442,2026-07-30
NAMPA,1022,TOYOTA,4RUNNER,1994,69,01dba3c6500c4c0a5c42007aa409211115d6b6241da89ac18afe321818a7f51a,2026-09-08
NAMPA,1022,TOYOTA,4RUNNER,1990,68,98890b028e6c07537cf9a66125eb4362bf2a2cd1fed36ffaa4e6d6bc712c1608,2026-09-03
NAMPA,1022,TOYOTA,AVALON,2001,79,4cb34536ae7cab8d9156ff5c7016c5558054763dd59c2f3b1257bd0fd3bf6e65,2026-04-16
NAMPA,1022,TOYOTA,AVALON,1996,92,bb21503e307122e6db0e45f47fa645aa7f965b92d0f275d67f02ad2f55b65820,2026-07-04
NAMPA,1022,TOYOTA,AVALON,2000,87,7425e37cf259d1a99f732dd4541dcc18c18eae2a315906860ee703cdb523ad05,2026-06-03
NAMPA,1022,TOYOTA,AVALON,2002,90,cf6768f70addb97934302a6d0f96d229c7f5fbb6cb6c42cce4b4b74c6de692af,2026-06-26
NAMPA,1022,TOYOTA,AVALON,2000,94,17674be23c12dc9d5b7b13616964d13be3a66f08789548fab481408e115c7fba,2026-07-15
NAMPA,1022,TOYOTA,AVALON,2005,97,963a5151d58969c5ed9f4ffa955753e19f2ae346707b851d60543e0a58dc6224,2026-08-04
NAMPA,1022,TOYOTA,AVALON,2002,98,59614ccbdcda76d50df60bec5eaf4f482c776aae55c9bf3a5192f4087c429179,2026-08-07
NAMPA,1022,TOYOTA,AVALON,1999,101,49dd477658309a2a8350a07ab1752eb73a4e7e3ad073a9355668dc51da532537,2026-08-22
NAMPA,1022,TOYOTA,AVALON,2000,100,f7f7961df2b06e0a15c5b0077b61442b9401d305d2b9caf7a0c02624f72eeaa7,2026-08-19
NAMPA,1022,TOYOTA,AVALON,2005,76,754931fad7ed17f1115388a0422462bb9cb6b77826c08273871dac014b344150,2026-09-08
NAMPA,1022,TOYOTA,CAMRY,1994,80,ab1a52f8173527d32fe7d355a417b1e3ef00418e73205829ffff871551ecddcc,2026-04-18
NAMPA,1022,TOYOTA,CAMRY,2008,78,ccd9e2ba57a08567eb1664ccab0f020714d33f56bc901c2b747ad97b859e60bf,2026-04-08
NAMPA,1022,TOYOTA,CAMRY,2004,79,d5fe1c4633211fff1c13b315698ff0f6b49d35c0cddd7cdbc3ac432d73ab28a7,2026-04-16
NAMPA,1022,TOYOTA,CAMRY,2003,79,54c17664bd3f2e8cd184b819a6aa311f1b2c1a83cbc8b68ee96fb101c39d1ea0,2026-04-16
NAMPA,1022,TOYOTA,CAMRY,2002,80,081c0cdce05c9d15c787f6af135153da24d71cd941adf8dce27809ff8355dda0,2026-04-18
NAMPA,1022,TOYOTA,CAMRY,2004,79,d5fe1c4633211fff1c13b315698ff0f6b49d35c0cddd7cdbc3ac432d73ab28a7,2026-04-16
NAMPA,1022,TOYOTA,CAMRY,1997,80,cbe6604177942c561ec58dfe88aee66f20cc8e23d384364dd7f0693e03dc86cb,2026-04-18
NAMPA,1022,TOYOTA,CAMRY,1993,81,6b3f0b65382bee26a92e12e61e52f8039053c83002a4787eb1b11aa5a61b3e9c,2026-04-25
NAMPA,1022,TOYOTA,CAMRY,1991,83,3a7b8a258d57296f77c51cacfa9442ae52a7fb608878f389db708633c37029db,2026-05-09
NAMPA,1022,TOYOTA,CAMRY,1995,83,f3ca48e8a5627cf5dc8b4e0b43e2eda80ac481132ed247f197f4e68adca43626,2026-05-09
NAMPA,1022,TOYOTA,CAMRY,1993,82,d63070df4334239e1289ac6e6226f02673679557ec50e0ec9396f6bb3a648cd5,2026-05-06
NAMPA,1022,TOYOTA,CAMRY,2006,82,6b02e2e9b871af74d465999f7c576a5633824d248d526330b7fcd802b83fc08b,2026-05-06
NAMPA,1022,TOYOTA,CAMRY,2002,82,281e6ed937aba432d64421a110de2b3391439f2344fd62b6afbaf22ac7c6d691,2026-05-06
NAMPA,1022,TOYOTA,CAMRY,2010,83,c09e06801b065f55d2a4ec736fe0d86b89b63a70bced519118363464d374dd8d,2026-05-09
NAMPA,1022,TOYOTA,CAMRY,2002,82,281e6ed937aba432d64421a110de2b3391439f2344fd62b6afbaf22ac7c6d691,2026-05-06
NAMPA,1022,TOYOTA,CAMRY,1996,83,ea9dd10b9ae4c5c217c45768eb213435f120fe783f3c6bb21cadd83f1ee79e4c,2026-05-12
NAMPA,1022,TOYOTA,CAMRY,2004,85,d1f1af69b166946bd310dacad4b5d6adfefd8038c3af84535d0235c3ec08f589,2026-05-21
NAMPA,1022,TOYOTA,CAMRY,2001,86,91d1240939c5f320cda7eb313e9ba8fe563e64c43d87de085b5b05a771d3da66,2026-05-30
NAMPA,1022,TOYOTA,CAMRY,2006,86,ed27af1803f2939a76e71b2dc8360f1e93e0b49c37af041d378dd4f78d4360bc,2026-05-30
NAMPA,1022,TOYOTA,CAMRY,2011,91,d110b2d66d4be62187ef1666483f6fa0ca27119de0d2cc956e6d4d49bd196558,2026-06-30
NAMPA,1022,TOYOTA,CAMRY,1993,88,1c4736510b79b5ed4c13493c9ff667d5f57af263b585337b4ed034f363c65f98,2026-06-12
NAMPA,1022,TOYOTA,CAMRY,2002,89,f9252f4e8b90e5a08be5105f00bef5a3a10b40e6e77384db239623d7360f88d7,2026-06-19
NAMPA,1022,TOYOTA,CAMRY,1997,89,4f425cb6d982f35b3c34592c4fad8a5e7dbdcde751c500cd2037a046c53ab07a,2026-06-19
NAMPA,1022,TOYOTA,CAMRY,2002,93,22f255b21d7fe62650f977c84565f812362cf08891a0e2915d5e27c430bea72c,2026-07-10
NAMPA,1022,TOYOTA,CAMRY,2010,89,d49ac410a57cc04e11177d9211bb6224b9567e6813d0d2f8bccdd7ea4d497310,2026-06-19
NAMPA,1022,TOYOTA,CAMRY,1996,91,ad035c854fe9bd1a669ae06744a291493d3296fd9968ec0a846c5c2d19b9fac4,2026-06-30
NAMPA,1022,TOYOTA,CAMRY,1991,90,22fc3cf738d12a232373e03560c5cedb22f07a6ec0a95959f0057e7ecbec490a,2026-06-26
NAMPA,1022,TOYOTA,CAMRY,2006,91,42fc5fc6fc98eeb75ca6c368a5ee949b2d10b4be20470fc81f7d103ddc0b4259,2026-06-30
NAMPA,1022,TOYOTA,CAMRY,2002,94,1cd50eea174653080db1563ccb17f6e6002e4f000de68d7298d88a2418bae156,2026-07-15
NAMPA,1022,TOYOTA,CAMRY,2001,94,45fff6b222b38772f6e95a045a8b8a3b6fd3e4502daa9e96a48fa443a482f848,2026-07-16
NAMPA,1022,TOYOTA,CAMRY,2011,94,e3b927098fc2d3d08b62544708a5db33cbb2d5a28a47fef03d4d512bf5dcaa0d,2026-07-15
NAMPA,1022,TOYOTA,CAMRY,2004,94,88a9c6cf2d947001028c73f900f69dbd94cbed97a20ba3afa5238ab029ae64a9,2026-07-15
NAMPA,1022,TOYOTA,CAMRY,2007,96,cf34b3fb05391adcb89393eaf413ae7a76886814a7c6ac583c470e22c1e17ecc,2026-07-30
NAMPA,1022,TOYOTA,CAMRY,2009,96,72c223f297f46519848ae7ceddfc3c61677fa20e2b311fd1236f9945d1710d64,2026-07-30
NAMPA,1022,TOYOTA,CAMRY,2004,99,e2ebf96fefb99ec397a194c7518cc4d9b76ecf95122d6d041515d210424b682f,2026-08-13
NAMPA,1022,TOYOTA,CAMRY,2008,98,bba6f3ac2ea0d8e7f524d8567bb01e573cf0ce1c38bad96f866254c452b2271e,2026-08-07
NAMPA,1022,TOYOTA,CAMRY,2004,99,e2ebf96fefb99ec397a194c7518cc4d9b76ecf95122d6d041515d210424b682f,2026-08-13
NAMPA,1022,TOYOTA,CAMRY,1996,101,4b62ebb260fb7261c3c30c8bfc6277ee6c3ecb844b24ca119549284c7ffa4292,2026-08-29
NAMPA,1022,TOYOTA,CAMRY,1999,74,60da77eb8d7eba063f725c26c58d5f33ef9131b567ce65e6651314e77598b53d,2026-08-27
NAMPA,1022,TOYOTA,CAMRY,2002,76,eba8c64dbabfa077720c9133953eba67ad339af2c14e463f218e3276a915b137,2026-09-04
NAMPA,1022,TOYOTA,CAMRY,2000,75,85b59c05005fec07ddfb6fa8df9cad8d39932b4db2e768477d323e033e92a19e,2026-09-02
NAMPA,1022,TOYOTA,CAMRY,2003,75,50d52f3b48f964b6769cb41d28ce6c71b099d8813c8b268d48dbdd349aed40cf,2026-09-02
NAMPA,1022,TOYOTA,CELICA,2000,87,acd1929c3d37d7089afc8f5dc39d437b7bc6bc594adb32239c547e36c849cab0,2026-06-04
NAMPA,1022,TOYOTA,COROLLA,2004,78,cd067a123d3928e6fb6d4a37e5c25d046402dd1a23278169a2d5778feb8d9295,2026-04-09
NAMPA,1022,TOYOTA,COROLLA,1994,83,021dce980ae5c7eb542a80f195643b0125289c0ef7dd7c9b3ac827b02bf23486,2026-05-09
NAMPA,1022,TOYOTA,COROLLA,2011,82,f4f1dc911ee01f628371a8bf83c2a8cb09a06e5d25ec26693f2bdf4e49e5f0f1,2026-05-06
NAMPA,1022,TOYOTA,COROLLA,1995,90,ea7de90cd682e3a0f57daa4c74788f5a77189e65df5361f681a9e618c17b3923,2026-06-26
NAMPA,1022,TOYOTA,COROLLA,2007,83,cdd3ab906df3faffd1a2c41fdc9c7c56bf45826d99000fee09f767fdf7b00681,2026-05-09
NAMPA,1022,TOYOTA,COROLLA,1999,84,b4ec94c7fc329809b858b6033ed084d2ca3c081b27094572480b5a09c1c4e426,2026-05-13
NAMPA,1022,TOYOTA,COROLLA,2005,84,1908a539320ba26d9619fffd24d30e4be9df25e2c8b1ecfdc48b22b92b3ea7f9,2026-05-14
NAMPA,1022,TOYOTA,COROLLA,1985,86,1de930066df37ac352fe07b94ed20acb4c9d7fb6e4a11224fb53fcbfd9d7c23d,2026-05-30
NAMPA,1022,TOYOTA,COROLLA,2011,86,396d6535b93feab9145450dc54c3558825fe31f595a8ab44789e0a2f98f8052f,2026-05-30
NAMPA,1022,TOYOTA,COROLLA,2001,88,566366382d5138f180c83d2d75dabee67aef43dd4b2793cb3f1d5603ed8e7b29,2026-06-12
NAMPA,1022,TOYOTA,COROLLA,1995,89,859b8472e21c9d04e61e4dfc7cfc343eb62e3af13086090127720f1ac9c736f9,2026-06-19
NAMPA,1022,TOYOTA,COROLLA,1998,88,bc9bad3a73b13b626132496a1fc7d3dec253908f7d08ba759df4a97aff7041aa,2026-06-12
NAMPA,1022,TOYOTA,COROLLA,2005,89,f37bc6ebc31b88c51898810b3b0e81ea4c17bb8483d9d2dfa431af564d49a239,2026-06-19
NAMPA,1022,TOYOTA,COROLLA,2001,90,fe06bbccb27cf9e79ffb24d6240e5c2805e532ac46e4c913aacb7c62003729ca,2026-06-26
NAMPA,1022,TOYOTA,COROLLA,2009,91,39bc3e4f55c931d767302702ebf7a693470426134c23526bed9d3c3011eccfc7,2026-06-30
NAMPA,1022,TOYOTA,COROLLA,2001,91,fbd0b2f1e2333474ae55685e4f257807469b948ef02e1c5f5ebe4f843bfbcac0,2026-06-30
NAMPA,1022,TOYOTA,COROLLA,2010,92,22adfc4223e115380e377c6025ee0427f6c9523c12b5457b375723500405f2be,2026-07-16
NAMPA,1022,TOYOTA,COROLLA,2005,36,ca2df9b895f1f508be63d168d2d2534f715759e83a08469e5d42ea4c7f1b1b15,2026-07-07
NAMPA,1022,TOYOTA,COROLLA,2014,92,76cbd71d704e174c05974a822c39b4d2d8baf1575f304c0eec53bcc7abc8b03b,2026-07-04
NAMPA,1022,TOYOTA,COROLLA,2006,92,2a02d240033208a1670e438c265a917300374baa7700276f81ac36ba11383bdd,2026-07-04
NAMPA,1022,TOYOTA,COROLLA,2006,93,5b47f2e1abe35a41e55c232aeef7b32c47f2c9a5b74fc9caccbd5ade55e0a495,2026-07-10
NAMPA,1022,TOYOTA,COROLLA,2000,95,db973b9949279c40e1ad76a5ade890cea41114d04b7579bfb375b106d8669d25,2026-07-23
NAMPA,1022,TOYOTA,COROLLA,1998,98,ce99e4067fc9a01af6f08e21c3957f6884847cf682d5c93ad0e715112fe2c74d,2026-08-07
NAMPA,1022,TOYOTA,COROLLA,2009,97,2db0d471c6c5670efda3c31aeefa220a6090cc7e3b4a71f5d3e37b638ee96b77,2026-08-04
NAMPA,1022,TOYOTA,COROLLA,2003,100,f8c8e79edda494d56a4bd1e83f375cb29fbb40f8daad75e1050ca3b81464dc7e,2026-08-18
NAMPA,1022,TOYOTA,COROLLA,2003,100,f8c8e79edda494d56a4bd1e83f375cb29fbb40f8daad75e1050ca3b81464dc7e,2026-08-18
NAMPA,1022,TOYOTA,COROLLA,2007,99,81bfcf807147da9b8782d19466dbccb4c6a59ce191ab34c427b22221998e7102,2026-08-13
NAMPA,1022,TOYOTA,ECHO,2001,96,d9a9d40fd87f1ea2781b90bae2a6b33163b519afca35b524b0115b543331049e,2026-07-30
NAMPA,1022,TOYOTA,HIGHLANDER,2002,70,5cb8003d647050fada3de02f96375f14c4a25b0fc84f8ff26c2c7aa7778336c2,2026-05-22
NAMPA,1022,TOYOTA,HIGHLANDER,2004,71,248ff9179dc5effc75c0fbae46b96731881854aab6fc03122a31b3375cef14d8,2026-06-05
NAMPA,1022,TOYOTA,HIGHLANDER,2006,68,eaefe38a30c25258259c08c30e0b2b91b17d28c003df4ee01cf66a4de4872777,2026-08-29
NAMPA,1022,TOYOTA,MATRIX,2003,83,fe5f0035971ff27ee2727740a2f7c15838883f31031d16af6022867ab99bd904,2026-05-09
NAMPA,1022,TOYOTA,MATRIX,2005,86,9fa11f9058db79caef53150f0e5930266785582d72135ef744733019d707f8bc,2026-05-30
NAMPA,1022,TOYOTA,MATRIX,2005,88,24a10b400dbade5ec1c8c42a463c86f35bba00eaa510afe9ba4d40900bc23dcf,2026-06-12
NAMPA,1022,TOYOTA,MATRIX,2006,92,8d8915fb19dd2fb21f238c37f5123db987719472398a2989cfb022d8d80701c2,2026-07-04
NAMPA,1022,TOYOTA,MATRIX,2003,100,de399d8cfa7353f3e1f115c43948ad59da652cee108c6576183434c7664b7441,2026-08-18
NAMPA,1022,TOYOTA,PICKUP,1993,66,a03b1d4dfbf2da4d317de06f8ffa19396262f13dd4b9a8ee967831dc6f85b7fd,2026-08-06
NAMPA,1022,TOYOTA,PRIUS,2005,78,c1919da56049050f3777d2b7ae13bfb401eab8265d3406cc95e6481243b8801f,2026-04-09
NAMPA,1022,TOYOTA,PRIUS,2007,80,76a765bdd5e7c1f489ee3d8aac2a165ca4a4e521ac45e0885b2629ce1ba5d6fb,2026-04-18
NAMPA,1022,TOYOTA,PRIUS,2007,80,76a765bdd5e7c1f489ee3d8aac2a165ca4a4e521ac45e0885b2629ce1ba5d6fb,2026-04-18
NAMPA,1022,TOYOTA,PRIUS,2012,80,5d6a3a8ad59068195e03eb8a11442e531eb2df0bea2e96a4a3f88216cb84e661,2026-04-21
NAMPA,1022,TOYOTA,PRIUS,2005,83,c9efb5d4dbccbdc4b8f473d8d62d72e9d704987983aab9df3ef1c6e403538e31,2026-05-09
NAMPA,1022,TOYOTA,PRIUS,2015,86,af1b46ee232e85141e6574f95268d22ec925c0e08c83b440802eebf85a16e36a,2026-05-30
NAMPA,1022,TOYOTA,PRIUS,2010,90,cb926b87ec42ec20ee6340a8b70913316f498908bfb8ddb856b2a64a956908b6,2026-06-26
NAMPA,1022,TOYOTA,PRIUS,2005,88,34dfa2b34640e94e77a4c381f02583779778120be81d5910c62c6da5fa6b339d,2026-06-12
NAMPA,1022,TOYOTA,PRIUS,2007,93,17f5c1f5f44c679eddf9830913fd8fe4d9447043e25e506fdfaac5d779f981f8,2026-07-10
NAMPA,1022,TOYOTA,PRIUS,2013,94,87761076d061fc409cc913e058fb90ed1a6ca4c49ad73a786487ede8a5ed80b2,2026-07-17
NAMPA,1022,TOYOTA,PRIUS,2008,75,45e98cd3bac0d7cad61fbc43de6ae0688ec150db57c37b707f156f424c25d122,2026-09-02
NAMPA,1022,TOYOTA,PRIUS C,2012,95,99cf3260c40fda3d856c8dcfd075b745f3c029d4e13856f4567a0d7e3d6f9f4d,2026-07-22
NAMPA,1022,TOYOTA,RAV4,1996,70,af44aff99a7aa20ce729c60bf4440e4b3f7cae3d66934cb714746296335fa352,2026-05-28
NAMPA,1022,TOYOTA,RAV4,2007,72,49da76f5714112d5ab2c7ea7a7c35b530fbfc645d6816019df33fa054023163a,2026-06-19
NAMPA,1022,TOYOTA,RAV4,2004,72,f02caf57720d832ef0a1871aa54bb8330dedb0e92429fe1972a295e9fa0f0c43,2026-06-24
NAMPA,1022,TOYOTA,RAV4,2008,69,5b962aceb727eb5dccb31095ace5b909a856faf2ecf0951e60f45d2691c4c707,2026-09-04
NAMPA,1022,TOYOTA,RAV4,2006,68,1872308482819d1c3eba5291084c25f2b644e907645c2abe6fcf45c06b83f7ce,2026-08-27
NAMPA,1022,TOYOTA,SEQUOIA,2003,64,cb82eed45c337f9ce0be99e65fc50ac457c3c6a011c552bde0de40bc58994778,2026-07-16
NAMPA,1022,TOYOTA,SEQUOIA,2002,70,122e0c5c1193d18b8dea89402b5e9a94be44b65f2e9fd6cfb62597a0cca003ec,2026-05-26
NAMPA,1022,TOYOTA,SEQUOIA,2003,72,26c632c21d7523b5ac888aae8f8167d9077ed68c87ee857a59f8a7e272ac14a4,2026-06-19
NAMPA,1022,TOYOTA,SEQUOIA,2003,64,cb82eed45c337f9ce0be99e65fc50ac457c3c6a011c552bde0de40bc58994778,2026-07-16
NAMPA,1022,TOYOTA,SEQUOIA,2002,66,7d9e97382eb19b77dd48aa1101fe2eeffbfab59cf1808508c2c6c8a9f26bb46e,2026-08-04
NAMPA,1022,TOYOTA,SIENNA,2006,70,bcc7dacd180358f385d52cede28072287030cca16eaec226affcd6c66dc5cb6d,2026-05-26
NAMPA,1022,TOYOTA,SIENNA,2004,70,4dc6d5b9a6f52fb78281695e1052bb78b64ba0d9cebdf3634ac5a78d6cf00fbb,2026-05-26
NAMPA,1022,TOYOTA,SIENNA,2009,70,4b823afb2f815a48f37ea82ebdd097ebd197f370d4ae425ba62508c480cb56dc,2026-05-28
NAMPA,1022,TOYOTA,SIENNA,2013,73,13e3e1ac00a2f0b43b3c7dc8a883702373e3b4c2e84b65b7ce53c051001860c5,2026-07-07
NAMPA,1022,TOYOTA,SIENNA,2004,64,92199384fd9035e41a41ce8cd8709d6357a040cf36728f57bc66b72056749096,2026-07-11
NAMPA,1022,TOYOTA,SIENNA,2004,64,92199384fd9035e41a41ce8cd8709d6357a040cf36728f57bc66b72056749096,2026-07-11
NAMPA,1022,TOYOTA,SIENNA,2007,68,43f1c35f0f61a5352dce8c377ec43094486f05b60963cc31144f979b1f961935,2026-08-18
NAMPA,1022,TOYOTA,SIENNA,2004,67,51311c531da32a326a2af3c6f89d7b5d1af4251cd1474a8cd132c327eddeef28,2026-08-15
NAMPA,1022,TOYOTA,SIENNA,2007,69,ea83d525393d94cde3a8854e6517d902659667b750a76f3e9c48fc6d98088fd3,2026-09-05
NAMPA,1022,TOYOTA,TACOMA,1998,67,02cb783a1a0e5bb4d299fc62f35f74358b8bcc4a9d4cefb37755639fcfaf7260,2026-08-15
NAMPA,1022,TOYOTA,TERCEL,1993,83,e079aa7a01e91d59ed8f2a8b2580a466be3fe0173f5e3b4e378aec936949fe8d,2026-05-09
NAMPA,1022,TOYOTA,TUNDRA,2001,66,118e8ab95c1f3c169073fa9eb9579935a63794755d956686c24d801f21459a0a,2026-08-04
NAMPA,1022,TOYOTA,TUNDRA,2004,68,06b76d6438d5dba1b8b2d6643dd589f4887feabd5dc25eb3e7208710860c3e69,2026-09-03
NAMPA,1022,TOYOTA,YARIS,2018,98,4cab4a716c24a4a60efa89bbb6d8c3bde99c1fabd5bf7db933208c39fa59c964,2026-08-07
NAMPA,1022,VOLKSWAGEN,BUG,1973,102,c3f29a035e50a5d67b75be97f1c85c84dfc17d592665815912df11af1e3c40ca,
NAMPA,1022,VOLKSWAGEN,BUG,1970,102,2847dc24d7fc1a91b54a652289b763022eedf8fb09cfbfa31e26d25d5531e786,2025-05-27
NAMPA,1022,VOLKSWAGEN,CABRIO,2000,89,f378de6172ca4d5ba05dfdac1c2eac1f36c0549681195af2dd9e80de55bcb900,2026-06-19
NAMPA,1022,VOLKSWAGEN,CABRIO,1997,99,7bc540e9a3f5c9a19ca4a28a07ac8ab0c68f10d05e05fc43ca06c512096a041b,2026-08-13
NAMPA,1022,VOLKSWAGEN,CC,2010,81,0f6c58275a5e8f335b67c6c2767424f5e902b9dee078ec3b53192f1311781c79,2026-04-29
NAMPA,1022,VOLKSWAGEN,CC,2010,100,35a0e859002c5a12dca8304d512b556a7ff763359235726822f045b314da693e,2026-08-19
NAMPA,1022,VOLKSWAGEN,GOLF,2002,101,10826041d07d043d14c0b664d3fb4c49ded3661b2dee24005a2afb626ebaeafc,2026-08-21
NAMPA,1022,VOLKSWAGEN,GTI,2007,74,3d3f7f396f0157f5fed76e4011816d990ba5076bf8c5290ea6a4e0b62af16138,2026-08-27
NAMPA,1022,VOLKSWAGEN,GTI,2007,75,5f0e1ff89127d735d0355030b64efcbe00af6ba4602df6de4b47fe2de6ed121d,2026-08-29
NAMPA,1022,VOLKSWAGEN,JETTA,2006,79,8d7197ab1ac1d527b784ee3e4230531c0c58d175f303da6bbd21cadea3cb4200,2026-04-16
NAMPA,1022,VOLKSWAGEN,JETTA,2000,80,ecfb4aa8411200a2e5caa85527fbf7c56b8308e67cc80f8bb0f3bbe2374b52a3,2026-04-18
NAMPA,1022,VOLKSWAGEN,JETTA,2012,80,534e9138368c6a352577381b130af90c168ec6316aca47686de4a927c6986888,2026-04-18
NAMPA,1022,VOLKSWAGEN,JETTA,2008,81,b9eda8a7f8fad8bdcba5636f7efb7d31b366529aca61c3636d05758dd021d639,2026-04-30
NAMPA,1022,VOLKSWAGEN,JETTA,2003,82,70ea2b0e7241b7d209572fd1f136d098708a0e84d997d25dc0a348c061c185ea,2026-05-06
NAMPA,1022,VOLKSWAGEN,JETTA,2011,82,95792f91c37bab4c10fb36f1c0be585e7ed6864934755f0d6b89210c3a6b5f39,2026-05-06
NAMPA,1022,VOLKSWAGEN,JETTA,2015,84,fc98e21fa02fb9bd1ca4f9f9fb8bbf8a3a974067f318ae029c546f67b12fd2ff,2026-05-13
NAMPA,1022,VOLKSWAGEN,JETTA,2002,87,c556882772d1ab4b3a36507c66de5bd2b680129b7b5447c9b096327883fac2b5,2026-06-05
NAMPA,1022,VOLKSWAGEN,JETTA,2006,87,80707523ceb20402b55cf48b8e5cbb7c06bdc1bdeb6c5150db193f4950ba113b,2026-06-03
NAMPA,1022,VOLKSWAGEN,JETTA,2001,87,6bc87c2465e7f56e453973a9396a0b82453b0a851c114cc7f7723995819d1441,2026-06-05
NAMPA,1022,VOLKSWAGEN,JETTA,2010,89,f3f7987a638e310a4c28837c33d666a654b6cd790b698be344c37e7cc066559e,2026-06-19
NAMPA,1022,VOLKSWAGEN,JETTA,2007,93,89962c7c99cb5cad369ae300e56524d35fef1cd2d0ab2a3ead2e0bda815eea76,2026-07-11
NAMPA,1022,VOLKSWAGEN,JETTA,2002,94,6944d46e6fe245b86380e3ceb5a2c5c829cec62ce7a20bd90e82584757c94505,2026-07-18
NAMPA,1022,VOLKSWAGEN,JETTA,2002,95,bdf0a6df9c8149f84b1c3e63f4f2ef7ca02e090f20eb6cf187724e58a9813174,2026-07-22
NAMPA,1022,VOLKSWAGEN,JETTA,1997,95,d87ff470ff2067152b22f55693d886e1fc6dc88a480169af802f056625820ba0,2026-07-22
NAMPA,1022,VOLKSWAGEN,JETTA,2008,96,c98e2ac8816232e05809ad0ae5df3eb7417ae9b341cd7c0497a617d275b152ac,2026-07-30
NAMPA,1022,VOLKSWAGEN,JETTA,2004,98,3e910bc1c10f0515294084841c23da8f8e7a7a0891947333242435e21c5320e7,2026-08-08
NAMPA,1022,VOLKSWAGEN,JETTA,2009,97,1123ce118a9152c5b7b410aff0ffa65ef6c3e4a8eb5d6508a9068ef44c957231,2026-08-04
NAMPA,1022,VOLKSWAGEN,JETTA,2006,97,c99a257c24efd27ac558690f5366f890de0193457e2ee5ab12235d949844129e,2026-08-04
NAMPA,1022,VOLKSWAGEN,JETTA,1999,98,06bb4d148193b7953bd4b89dd57e8e0a677ffb7e289a16c40dbf6239994e98ce,2026-08-07
NAMPA,1022,VOLKSWAGEN,JETTA,2004,99,78289c86bbcb65a6b5d0c51c479fdb3df76c97080251fc8cc5090fc84c4547de,2026-08-13
NAMPA,1022,VOLKSWAGEN,NEW BEETLE,2004,80,d65de07b3cc85a3fd6fd0b570743ad881c5131f0003de9930945f6bdb9714129,2026-04-18
NAMPA,1022,VOLKSWAGEN,NEW BEETLE,1998,78,d3a01ae34dfe67ac0ce9d4b68072850df2339a8128a3a094bdb5f44b9243910b,2026-04-08
NAMPA,1022,VOLKSWAGEN,NEW BEETLE,2007,80,a9e98d3be53d259c41f5278eaab09e1724f737554faf08d19fb45d101737de25,2026-04-18
NAMPA,1022,VOLKSWAGEN,NEW BEETLE,2003,81,36e0a6562a05bb8d2e5db95db394d0973324cac2b9aeb7bbef03cf313ab20e12,2026-04-29
NAMPA,1022,VOLKSWAGEN,NEW BEETLE,2007,87,ac1d99c354d4d1df6aa65ef3812b33850fcf4d93928f2a2c06608835677e11f0,2026-06-03
NAMPA,1022,VOLKSWAGEN,NEW BEETLE,2000,87,6c0fd438cbdc989294f98c756638fbf96c3d56059c1b89c958a5305c18eb5759,2026-06-03
NAMPA,1022,VOLKSWAGEN,NEW BEETLE,2003,88,720561a4708e9dea904ad8bf81fc5f9387d2c278db6f3a597b12bd9b7843c4d0,2026-06-12
NAMPA,1022,VOLKSWAGEN,NEW BEETLE,1998,88,8278a43b7f60865ce46f0ffb59d7c68ad20e2ac8c73047e0953d116d26b3056c,2026-06-12
NAMPA,1022,VOLKSWAGEN,NEW BEETLE,2001,92,fd8ef16a5fd8c7e2ae250b1e902388e3e77294975cb47a04619fcb571840c50f,2026-07-08
NAMPA,1022,VOLKSWAGEN,NEW BEETLE,2000,93,b6b30442d5e29a78b5aed346371fa80c32b747050ad540af16cb9efe0c7a7885,2026-07-10
NAMPA,1022,VOLKSWAGEN,NEW BEETLE,1991,97,6719bef39416bb8d654be7ab0ed11b3f1f50dcb901e5c8ed7db5ae0e69513a06,2026-08-04
NAMPA,1022,VOLKSWAGEN,NEW BEETLE,1998,101,bfddb59da641dcfab2b08631b8866e9294526d1d11918aa170af70366d0035b3,2026-08-21
NAMPA,1022,VOLKSWAGEN,NEW BEETLE,2003,99,0cce331534b44c16c2a253f12f1e9be0eb18cfd59b68bf2dacfe8c993ffb3092,2026-08-13
NAMPA,1022,VOLKSWAGEN,PASSAT,2002,78,5ff366f3fc449f60f1302e2eae29002b265bcb2d89abad05cc22df36324c5a22,2026-04-18
NAMPA,1022,VOLKSWAGEN,PASSAT,1999,78,67251dd600359a5054321889f2c131d08129d1d3796b02f56647765e617c537d,2026-04-08
NAMPA,1022,VOLKSWAGEN,PASSAT,1999,84,f983e5e8f09bedd844cc5a9fdf70f3b7f5e183b15e1b687ffadf4251f06f60f3,2026-05-14
NAMPA,1022,VOLKSWAGEN,PASSAT,2003,84,b0ac90f3f8f6c5e8fe43f2ecfdea52b03720caae1aa2e84380505020763632c6,2026-05-13
NAMPA,1022,VOLKSWAGEN,PASSAT,2005,86,47d8520fc4e2d93c219d0612ca2407190a4c919b257b6cd264978ae982c19ed3,2026-06-03
NAMPA,1022,VOLKSWAGEN,PASSAT,2012,86,c59f3f2bc9cbce2ab393ad1099c3e203dadfd3ecefed9f36a0ae39a2b64ee748,2026-05-30
NAMPA,1022,VOLKSWAGEN,PASSAT,2002,87,c79718a9d69f94f1f2ac0cdf8f7a1a49ce3892c51558f76a6293bb38794b361d,2026-06-03
NAMPA,1022,VOLKSWAGEN,PASSAT,2003,90,fd066fd276327e40c3daa237f8ae3378af3b1571645b988aa7f0809128668006,2026-06-26
NAMPA,1022,VOLKSWAGEN,PASSAT,2002,91,351ac1cef3c65b497a2d24cf376347e8c831cdc6182c87ffc14a9cf6036660f8,2026-06-30
NAMPA,1022,VOLKSWAGEN,PASSAT,2001,92,d3d6fb8ab68e9ca831b94c7a27e35c90915578183ebc6de4a93bc13826c461ee,2026-07-04
NAMPA,1022,VOLKSWAGEN,PASSAT,2017,91,ade9e5caeb2a966586816b9d19968a25471a340a7c4b41118a30b99d9a6a1af8,2026-06-30
NAMPA,1022,VOLKSWAGEN,PASSAT,2003,97,ff65616e2f93c6edd4e50a754b9ce00f9ac70257c0b1a004128f5ce48ca67d31,2026-08-08
NAMPA,1022,VOLKSWAGEN,PASSAT,2007,101,6f115978dc24ba5e87e2de6d6365013cf79ee4b1e77b082a510484e7f068191f,2026-08-21
NAMPA,1022,VOLKSWAGEN,PASSAT,1999,74,79a9723f8a71fc5ac60537758c20936c5b786852b0777d6f1972af805ddb4c65,2026-08-27
NAMPA,1022,VOLKSWAGEN,PASSAT,2007,76,61a50781d384c39f4b3cf784f2472f096611068ead74511876eb2c087e8e5282,2026-09-08
NAMPA,1022,VOLKSWAGEN,QUANTUM,1983,79,ec9a55d7355c1c6572b2acad676b6ff65777977cf9a0d41621a6732320ad120d,2026-04-16
NAMPA,1022,VOLKSWAGEN,SQUARE BACK,1968,102,7e1db77de32a7f7b4bed042dd3d218b0a77ff74b072177a3249f850c11a2044f,2025-12-19
NAMPA,1022,VOLKSWAGEN,TOUAREG,2006,65,f896854428339fda369fdd42369b68100df4e187ec67f6615b4c8d67c1adcdf0,2026-07-31
NAMPA,1022,VOLKSWAGEN,VANAGON,1985,64,a586cc5b296c22d88fb4fac27ccb7939778a42548d3c629f9db738551a948436,2026-07-14
NAMPA,1022,VOLVO,122,1967,102,7ab976b6652b28abd3b5b7d1fb538c7fcd01d31112f8555bc2e2e16122c0e90b,2025-05-01
NAMPA,1022,VOLVO,240,1988,74,99f4e872c7901d1cddd72e9b957fc49d4edf4ba58a161815997b15fc179bee1f,2026-08-27
NAMPA,1022,VOLVO,240,1984,76,2bfab64e11f47cdbbae4949cb7e9ff347f235082be73a959270d06de2a048d21,2026-09-04
NAMPA,1022,VOLVO,740,1990,82,27e81086d4ea14a14b1eebdd716b4b829b9cf6510bc9d01de693070935424b82,2026-05-06
NAMPA,1022,VOLVO,740,1991,96,09989d8b67b17fe88b61cfaa21572cb5ebea1eda724d6fb0467b6aacb788ad45,2026-07-30
NAMPA,1022,VOLVO,S40,2001,80,97a5920f9c565b8802a7dc893b2d9edda81ec8154a616bb3efcb84867332dc7d,2026-04-18
NAMPA,1022,VOLVO,S40,2004,85,59f798b394a9203c5dc829b0a9f1c5102c8ae3720b898b0837c129bda1fa987d,2026-05-23
NAMPA,1022,VOLVO,S40,2002,97,f5d6bb0d3d7a14694aa7f7d22d0a62cb29becdfbcaf0f2c73320427154736020,2026-08-11
NAMPA,1022,VOLVO,S60,2004,88,a259774dae6675b7109cbf99b45361f817fef781996f6e111a96b44d4d91b24a,2026-06-12
NAMPA,1022,VOLVO,S60,2002,74,f9e5f079d27b68f0300f5f4324e4195a59d853fa6e998d558a86432252190b1d,2026-08-27
NAMPA,1022,VOLVO,S60,2004,75,53cfc7bb0bd379ee5f222ede0c52ec5fd9c6e9fc0198151473b1dce75dccc76a,2026-08-29
NAMPA,1022,VOLVO,S60,2004,75,53cfc7bb0bd379ee5f222ede0c52ec5fd9c6e9fc0198151473b1dce75dccc76a,2026-08-29
NAMPA,1022,VOLVO,S70,2000,76,5a067eddaa743e34a018af949691cd63055e3cbb47c155419ba8ceb530cc49c0,2026-09-05
NAMPA,1022,VOLVO,S80,1999,89,bb16ab503b4e062cc009f3f476a647c0551b75b8eb3f5c232a122c34793816c0,2026-06-19
NAMPA,1022,VOLVO,V70,1999,81,fb36b61cdcd7193151d0722a0706743e30216b8ea7cf870b5b99408da0e2fd9d,2026-04-25
NAMPA,1022,VOLVO,V70,2000,84,07d6ceac1d33e9180fd62ca808c38dba7f35cae2e0c9e6fba89378fe36e47068,2026-05-13
NAMPA,1022,VOLVO,V70,2002,90,744c031c4c778429b4c8ed0fd014572978f1500e28d67a780bf11abb72577fc7,2026-06-26
NAMPA,1022,VOLVO,V70,2001,92,3a711d5c9f24b05f49b74a5c2b51539057731ba7ea13bfe83b4d38248167a83b,2026-07-04
NAMPA,1022,VOLVO,XC60,2010,70,0d34f515dcaa5a070885ef405b78dd9119704f968f612183647131fcdda0c6a1,2026-05-30
NAMPA,1022,VOLVO,XC60,2013,64,ead166c24536d8c7750c3fb2ceff3c5e02ca83f6d092ddbec4649ef8d9a7f6e1,2026-07-22
NAMPA,1022,VOLVO,XC70,2002,84,47b9b1d1027cd765b680c668af63a57a75b1aa919551a8bd396e9379de598123,2026-05-15
NAMPA,1022,VOLVO,XC70,2010,101,7e0884742c2cf168755b1e424de0dce304c618239fe198c009145658eb047044,2026-08-22
NAMPA,1022,VOLVO,XC70,2007,75,2000f6be8c66b9b2ac804a9cb5bd31bc98d9d826844ed2f924d0e0113c3931b2,2026-09-01
NAMPA,1022,VOLVO,XC90,2007,70,11ee9ccff2a44404f611fa4275f5c47bd746b264a2826eed22a73f6642d6a281,2026-05-30
NAMPA,1022,VOLVO,XC90,2007,64,6c91578d103d4a5cd53ddc7e6d7aa23305ff93e48416906fafcaf587e62141d5,2026-07-11
NAMPA,1022,VOLVO,XC90,2007,64,6c91578d103d4a5cd53ddc7e6d7aa23305ff93e48416906fafcaf587e62141d5,2026-07-11
NAMPA,1022,VOLVO,XC90,2013,67,baae446cb252b3df492061b185aeb9fd42259c172db3369ddf6bac06d69c4bd4,2026-08-15
TWIN FALLS,1099,ACURA,CL,2001,21,220836d5ddcb678fe136629d36813a5e0eed60178464cd96609dec8a96c5cd62,2026-06-10
TWIN FALLS,1099,ACURA,INTEGRA,1994,13,33d32af30a581579360adb4106ebeffdaa36fd788ec6d09486c2a5d429aaa8b0,2026-07-16
TWIN FALLS,1099,ACURA,MDX,2005,1,c1d910daafab161afe158a3ecb6ac72eee18780de127996325c5ded738d426a7,2026-07-04
TWIN FALLS,1099,ACURA,MDX,2004,21,0980387aab372bcb7fbb7291eb5c9249657e8645c34839d748749367d1618371,2026-06-10
TWIN FALLS,1099,ACURA,TL,2000,21,1a8dca5f97f92be51c3df4907e805b382977e6c3c890ffc78a8d6211176a8a4b,2026-06-10
TWIN FALLS,1099,ACURA,TL,2003,1,500184a3d9b238b8ee44e297aa9caffc9b4f0b0ae1da9d64beeec1c9b9d62a05,2026-07-04
TWIN FALLS,1099,AMC,CHEROKEE,1987,65,03c2ca3d9fcb10b2f092de93aff6dc8ac574633288b7c8e365046d8811c3030e,2026-08-07
TWIN FALLS,1099,AUDI,A4,2003,8,8891b1ae4f46d29d3cc72e2895ab493c3062c3845bcb94de21c71e6982d31b57,2026-09-03
TWIN FALLS,1099,AUDI,A4,1996,25,3bf7ef5cd5224cc9c304f4ab06e42d04af97c498ceac71ee979b8873c499fc8c,2026-09-01
TWIN FALLS,1099,AUDI,A4,2005,8,f0dc15390211caaf32e71d8094c1a9dea199cc10f2fa88fa66f1500f14e0f626,2026-09-03
TWIN FALLS,1099,AUDI,A4,2011,1,7508bba846d138f51e343a41116ca14b025fa7d2a162b5e5f9d56293aa3700ab,2026-07-04
TWIN FALLS,1099,AUDI,A6,2006,11,633788dde72ddb4a42e686a500b59521336432d881309b118a8b501bc507266c,2026-09-04
TWIN FALLS,1099,AUDI,A6,2003,24,18c9c966fbaccda8eb03dc9be8e1dfaef5cf2b0f77a58196d1e23f0089b41df8,2026-06-20
TWIN FALLS,1099,BMW,3 SERIES,2001,11,3123ed3c5e446515b964a7e58b5670d80bc0062d481d3b7b84a96e1c9642f71d,2026-09-05
TWIN FALLS,1099,BMW,3 SERIES,2003,1,6239e4e7b250a96175952017bc5555b3f28d4d2ac3fb0de488fb422a82d45fb9,2026-07-04
TWIN FALLS,1099,BMW,3 SERIES,2000,26,73de39786d30f89dedc77b5f937d1b4ee849a0d8c5a8bb74dc2f765d16f11a07,2026-05-24
TWIN FALLS,1099,BMW,5 SERIES,1998,18,1d01f911cabfc5b211478dbda52545b4aae4b474a70db1ddf7079b6794d098b0,2026-06-20
TWIN FALLS,1099,BMW,X5,2006,24,a4523adb5545a899fe91f07bfb44fa0b6a124066fc29849258308df6d5e654da,2026-07-01
TWIN FALLS,1099,BUICK,CENTURY,1990,74,db9dafe08d02722e5811de5e21ab6558a85fea8f489a32932c69f66b0c6d0058,2026-05-12
TWIN FALLS,1099,BUICK,CENTURY,1998,74,e7a9709a163a7211d71fe3d5b649cc12848c27d06a27049d17a1c829a498502d,2026-05-20
TWIN FALLS,1099,BUICK,CENTURY,2001,71,c00ec85479c40fd61604b554a188f787d0df8a26bada1acff92b624e6e451de9,2026-06-20
TWIN FALLS,1099,BUICK,CENTURY,2001,71,c00ec85479c40fd61604b554a188f787d0df8a26bada1acff92b624e6e451de9,2026-06-20
TWIN FALLS,1099,BUICK,ENCLAVE,2012,51,435e43685a040f4219f24c97714d95695bfa5e7d5ec2c8cf97e8e1f7eb744f14,2026-07-14
TWIN FALLS,1099,BUICK,ENCLAVE,2008,49,428e411ae36bc2ee29bfcde2b4df3d47a6e617b0788264cbefaf5b2c0a6ee0f9,2026-07-08
TWIN FALLS,1099,BUICK,ENCLAVE,2012,45,104f465e1f5439ba04c1c0b766d9ffbca5641276e9ace9c6ecc172678e5cb964,2026-08-15
TWIN FALLS,1099,BUICK,ENCLAVE,2008,45,bc1e2663d378f4eb3660bb22668f5df9aaca878b28085cce64745ea93c0d266f,2026-08-15
TWIN FALLS,1099,BUICK,ENCLAVE,2016,55,6c792e7a6c996b341c01d24621eae2627d9018d570d05f0ef979d5d3335bc582,2026-09-03
TWIN FALLS,1099,BUICK,ENCLAVE,2008,55,940990bb0e60d7492f112c1e278ecda0903f08578b40e6086232eba770995cf5,2026-09-03
TWIN FALLS,1099,BUICK,ENCORE,2016,70,73ddd512bdb62436390f62e286b10a2fcc1eb11be1a8db916ed058410343b12f,2026-04-24
TWIN FALLS,1099,BUICK,LACROSSE,2011,78,6228174a438aa87a2ad0dd0d3fa2fad417b4eb55c37e962a2d3be91d13bc4e40,2026-05-22
TWIN FALLS,1099,BUICK,LACROSSE,2010,70,8a91dce899a535dc29e97a0f606bd3863c5e0b5292c969393baa45f289721302,2026-04-24
TWIN FALLS,1099,BUICK,LACROSSE,2006,78,20b916976b6ab310895e85860a4787399a54ba7cbe4178bf5d4bdbc35fd59b76,2026-05-22
TWIN FALLS,1099,BUICK,LACROSSE,2007,77,fdf3b9c62df7764bcafe39d6bb888ced3faa7f440e84d8c2e28ef8b7ec8f010e,2026-07-07
TWIN FALLS,1099,BUICK,LACROSSE,2011,77,2eec46e0af8b2d3fa798b6b7349aad59169fea0ebfd4d432cbe49253b84dcaa4,2026-07-14
TWIN FALLS,1099,BUICK,LACROSSE,2008,79,61c036b9445f8e9dc2f0c0ca100baf4312aac6ca73ba22e662be6b42a76209e0,2026-08-29
TWIN FALLS,1099,BUICK,LESABRE,1999,78,99c69bea1945e2e2938a45a096d60f0fa530a82119af43e50c6b4f00e76efd8f,2026-05-22
TWIN FALLS,1099,BUICK,LESABRE,2003,76,627b9e91a44e17ded2b170eabd3ff22d5429f1f3897f87ff22f9787bb25ae931,2026-06-06
TWIN FALLS,1099,BUICK,LESABRE,2002,71,d604256b58ccf08ccda569c145da819537ee2fb016da5577ae5efdcff6d891d4,2026-06-20
TWIN FALLS,1099,BUICK,LESABRE,2000,73,3faa2e1f7a3dbbc5076d9f11c5f936e2bf59d6a6f5a40c7049ff270dd3d61677,2026-06-30
TWIN FALLS,1099,BUICK,LESABRE,2002,79,f3176007a93296eb445bc040454b66323eece7f541ee09c912d689fe736b4d0b,2026-08-29
TWIN FALLS,1099,BUICK,LESABRE,1994,69,e443c7575b3ca9d28bbb5d95d26e67f78e692a8f62d31e66f2cd2654f2144edf,2026-07-21
TWIN FALLS,1099,BUICK,LESABRE,1999,79,19a66a12fe386861c98136b7c4f6c57e78608c2d20f091ba190b6117e3f64732,2026-08-29
TWIN FALLS,1099,BUICK,LESABRE,1996,79,99067ed829bac09ddd7c8f23e6743a2a942c53defc3c8a2b60e74f249c5c3543,2026-08-29
TWIN FALLS,1099,BUICK,LUCERNE,2008,78,61e138826dbd82bc7d3d8ef44a7fe77f704d02efc5110eece3f8478105ff5d93,2026-05-26
TWIN FALLS,1099,BUICK,LUCERNE,2008,71,3b632914d5ee6bf8357729279e6b077d61bf9bd53c61cd791b5927a104d02d0f,2026-06-20
TWIN FALLS,1099,BUICK,LUCERNE,2010,69,07d763417d6864ac6df56e03cfbbfe489fac0e9ff8a59b7cfe942034467bcce4,2026-07-21
TWIN FALLS,1099,BUICK,LUCERNE,2007,79,9fb07efb69f6e971f31d25b0034c2ab64fa59c84db1c4fb77771a5f0674ac9fe,2026-08-29
TWIN FALLS,1099,BUICK,PARK AVENUE,2001,70,cef751f9aae2faaf2da13c0075899db521146b9fba2d69b188bb0fa61c4d77eb,2026-04-24
TWIN FALLS,1099,BUICK,PARK AVENUE,2000,78,baccd76f1f6810b1892c8904ee7ce0bda8e9fdaeafc1074512932e2bacbc8823,2026-05-22
TWIN FALLS,1099,BUICK,PARK AVENUE,1996,71,7143fdcdcdd18f9ab5f19d0ab171cc5c3a55776c5eee9aff4dfe9180ae861a25,2026-06-23
TWIN FALLS,1099,BUICK,PARK AVENUE,2000,79,b798670ae55b2d8f1a905e3a1bc89482dcdb57fa2247b0f70c0f798e1931d4dc,2026-08-29
TWIN FALLS,1099,BUICK,RAINIER,2006,53,0b486bea0102aa7e9f88ec5823d5dd19d2153679b4e506bcaf1f116504d4ad74,2026-08-21
TWIN FALLS,1099,BUICK,RAINIER,2006,45,84e89af692f397769cc1a7bf75f7448b91564cf53d9403a831d4b15f07c30438,2026-08-15
TWIN FALLS,1099,BUICK,REGAL,1998,74,0c0cd064440e6ef65407b61ae6ff81c34a3e25c3d0d3736705561145e2bbe537,2026-05-10
TWIN FALLS,1099,BUICK,REGAL,1998,78,fff26dbb205f296d8164fc449645dd1fa18ed8d4279098a844f293f3dd7e65b8,2026-05-22
TWIN FALLS,1099,BUICK,REGAL,1989,76,ffa203a631de6b028a88edb8c28e54bc83be1746e690e8930ed65069138409c1,2026-06-12
TWIN FALLS,1099,BUICK,RENDEZVOUS,2003,52,5cb307faf7e6daefe1a946d99a39b68788c9809511799cb8732d6e5672c1e3a3,2026-05-30
TWIN FALLS,1099,BUICK,RENDEZVOUS,2005,50,a072c71e48504c2b2a05023a1a8f0ebcbf3199eebb3282afb285f46c80285ea1,2026-05-15
TWIN FALLS,1099,BUICK,RENDEZVOUS,2002,47,72f58c6b07b14e2eccf51135ec1f7c56e20f164476549a118c8fa3c8747ed4ee,2026-06-25
TWIN FALLS,1099,CADILLAC,CATERA,1998,73,67f38df3d77d0ed10238ee7a13835fba03dcd3cf2fa4e779c5a12c75c20363dd,2026-06-30
TWIN FALLS,1099,CADILLAC,CTS,2008,76,f4e1bc0e77bc1507425077135c309cc436a8709e53fd3548ca474aa976cfd3d7,2026-06-10
TWIN FALLS,1099,CADILLAC,CTS,2007,71,ec95ee57604ef7859e9036f13942462ed202e29defc466f30a232c82b7109ca0,2026-06-20
TWIN FALLS,1099,CADILLAC,CTS,2009,69,4b239a63fae75c82cd67462e01e8a597b339c15a4e06baedc4ce81ed143ba949,2026-07-23
TWIN FALLS,1099,CADILLAC,CTS,2008,79,5e31a1251f9ef56ee3c13b870fb429d1f303a1e38b1bbaa58c5485499c02c628,2026-08-29
TWIN FALLS,1099,CADILLAC,DEVILLE,1992,74,87044e8a47487d0877bd1de3250869a5b76914bfc7bdb3fa312c1c9b096d7162,2026-05-12
TWIN FALLS,1099,CADILLAC,DEVILLE,2001,71,7cfa064e8e54b8cf7530fb30a5af9af6ab6283cd90d1f4d1b3706837f3e6d318,2026-06-20
TWIN FALLS,1099,CADILLAC,DEVILLE,1987,75,701d3e874c5c06cc2095589a95e040af59c259af496f3e9110528617882d11c0,2026-08-18
TWIN FALLS,1099,CADILLAC,DEVILLE,2001,79,61c02ce117022a92656ef9c9671c700a8832bcb53b82ae1d9131dc857701d5ee,2026-08-29
TWIN FALLS,1099,CADILLAC,DTS,2006,78,37b84c161379ac31bdb0f1bbd59f1f14a37db128964bde5cacf9fbea18cabfdf,2026-05-28
TWIN FALLS,1099,CADILLAC,DTS,2007,69,4d9f831e976f23b8575fc9c37d9af38de1b5d0a6af78cb633ec3f927726a5679,2026-07-28
TWIN FALLS,1099,CADILLAC,ELDORADO,2000,70,7dd9ff287bd0f107435df27deb1e2f7df206a8a8f68c4c6cf652cf533174de0d,2026-04-24
TWIN FALLS,1099,CADILLAC,ESCALADE,2003,55,89f4d586972b36aed111db107dab116fcf20bbd3b926287dfc2e1c5518324a89,2026-09-03
TWIN FALLS,1099,CADILLAC,FLEETWOOD,1989,72,b32e72755c7a8fd88794a5a35da624420cbbb78d3a6cb67e83b0b69e4ebf3ef4,2026-05-02
TWIN FALLS,1099,CADILLAC,SEVILLE,2002,73,204e5f0bf99b98fc33f9adb515195b11c41b86f0211492e114d8eba6f8a7971c,2026-06-30
TWIN FALLS,1099,CHEVROLET,ASTRO,1997,52,464058404304ec5f6abe98e9c95db52b138dc879f0e6ab7babc42cbd1f3a5d8b,2026-05-30
TWIN FALLS,1099,CHEVROLET,ASTRO,1992,49,cf12c620cb20bb0e32b9ee2419ae35a6728da36c6d7e6d67066427432928daa3,2026-07-07
TWIN FALLS,1099,CHEVROLET,ASTRO,1993,51,58b10ff8a2ecc506420bd55006f6380afeb71a56ba909f00706716eb7de280bf,2026-07-30
TWIN FALLS,1099,CHEVROLET,ASTRO,1994,55,77174b8c518adf0ad7a295975c1ee7a67e6557c237ee14722f59bb5bf82cd0d2,2026-09-03
TWIN FALLS,1099,CHEVROLET,AVALANCHE,2004,49,84474a63406d60b80c262d63d49dbd383fec55628c970802dccf8189dc485a28,2026-07-07
TWIN FALLS,1099,CHEVROLET,AVALANCHE,2007,55,ef67ed20e090d0c758e904239e900f07e0972d84384fecadc4ae6695ccbae1a5,2026-09-03
TWIN FALLS,1099,CHEVROLET,AVALANCHE,2004,55,90c624ad869bf0ed2fa44fe8b18beec8d27a060aac07b2f6276cf0bf30e51815,2026-09-04
TWIN FALLS,1099,CHEVROLET,AVEO,2008,70,eb43b60b6ed24fb836d2178a77fca724ac70d8c02d7fa4b81ef5dac4b7dfb66b,2026-04-18
TWIN FALLS,1099,CHEVROLET,AVEO,2010,70,d4bb91181a9ce2c839518e589ef0263e331798f7a3674c0b3e56c6315b07bbcc,2026-04-18
TWIN FALLS,1099,CHEVROLET,AVEO,2011,74,40254f2e5de645eb9ab6ae04465468d998968d81a9a1e8773117872797a7b6f7,2026-05-20
TWIN FALLS,1099,CHEVROLET,AVEO,2008,78,8da8c1cc11f1dddb93ea3a25d7d259870837ff63a4f57e345903528f6b8b2e28,2026-05-22
TWIN FALLS,1099,CHEVROLET,AVEO,2007,76,3eecdb805f8a984251428d20f45387bd34fa80c7dd7a325071cb5d2a4a551baa,2026-06-06
TWIN FALLS,1099,CHEVROLET,AVEO,2007,73,8949c4d469cbdca34f83717f78b59b84baefa74a70eb5ddd107db634fca129b3,2026-06-30
TWIN FALLS,1099,CHEVROLET,AVEO,2004,77,b8c5c82ef56feffa433a01d5279eb85e19d226fd2b9afcd93ff10ab3730bf01d,2026-07-07
TWIN FALLS,1099,CHEVROLET,AVEO5,2009,70,9a8b04f021ba84343244b37eef17d47bdcacfb710fc1bac4be019dec3cc19cc5,2026-04-18
TWIN FALLS,1099,CHEVROLET,BLAZER,1989,44,b4c5056aaaa31fb67d33e37634bc3d95e12a7bc0199a5dcf8ced45fa75b0fe33,2026-04-15
TWIN FALLS,1099,CHEVROLET,BLAZER,1998,46,5b6cc772e5175f5f2ea708f9dc7e49a10557575bee2905cb2a5bb6cdb2836c85,2026-04-23
TWIN FALLS,1099,CHEVROLET,BLAZER,1997,48,529137a1569af9ab208eddcd02012d2b7f98f618069627fee60c2ba837714525,2026-05-02
TWIN FALLS,1099,CHEVROLET,BLAZER,2000,48,6d06194fbf374366f1fee5ac088c9a7c824872bdcbdf34b7460580b7159826d2,2026-05-02
TWIN FALLS,1099,CHEVROLET,BLAZER,1997,54,0a685f8b5dde7205528e4cbaf9dca469aadc5300d431d076a1a719752ff2cfd9,2026-06-16
TWIN FALLS,1099,CHEVROLET,BLAZER,2000,47,1ffb55108ef4c7de5c61b7ea120c950abad084bdd0044cc6cd56b99275478156,2026-06-25
TWIN FALLS,1099,CHEVROLET,BLAZER,1994,47,c96453f23350b1b197d34c7b0876d1a37b196face13d7ffce52b33091ee4c0bc,2026-06-28
TWIN FALLS,1099,CHEVROLET,BLAZER,1986,51,e2853c5638b2eba2c80b8c969b0b734e66319a2dfec1c1646e6b82c4dec79cc4,2026-08-05
TWIN FALLS,1099,CHEVROLET,BLAZER,2001,55,332cbe35355380793abd962d0cb3e216180520ed54ddb47a1980f14808f5fc12,2026-09-03
TWIN FALLS,1099,CHEVROLET,BLAZER,2003,45,7b26f52d55e1fc0c5f57135cf5d5b67ee7a2ef0eaba6aa84647350c0bcde398a,2026-08-15
TWIN FALLS,1099,CHEVROLET,BLAZER,1995,53,9eef1f084f8024b6378c0c576bb1e2cf6b08feca82c60b2357338780377182ff,2026-08-21
TWIN FALLS,1099,CHEVROLET,BLAZER,1996,53,583ddcf9a2f15bff4aad9991ab460b49a0df1562c16ef76728fec22791542536,2026-08-21
TWIN FALLS,1099,CHEVROLET,C10,1983,47,0310c7364172f9e72406dc1f33d3245e8c5ead038ff1083591dda746cae2961a,2026-06-28
TWIN FALLS,1099,CHEVROLET,C10,1974,55,ec90217dc29240f8090672ca3a600b0949cf62fc7ca3834d1fc34c586b20f54e,2026-09-03
TWIN FALLS,1099,CHEVROLET,C1500,1996,46,f77f32e5f79f98b1272053b9807338e376f308e39f0a77f0e784e19fd9d87db1,2026-04-24
TWIN FALLS,1099,CHEVROLET,C1500,1993,51,7e411179ca9a62b175e157d6585f5665eaf7c97d86d0d5514e3a26835f9c5ec5,2026-07-14
TWIN FALLS,1099,CHEVROLET,CAMARO,1998,72,78857a443829daa58b348c691a3b3cb35037dd748c80574a7a2a4b050c91e06b,2026-05-02
TWIN FALLS,1099,CHEVROLET,CAMARO,1997,78,d0c8a0aed875b22c6733380af5323ed916e49b6bf8357b739d0744f4fb14b37e,2026-05-28
TWIN FALLS,1099,CHEVROLET,CAMARO,1998,76,4443b7c2d8935fca0d2b5400c468dacc2692bea64804f3b8427bc78780e7bf91,2026-06-06
TWIN FALLS,1099,CHEVROLET,CAMARO,1996,73,b05208d93fa0092007102db2af7d0ee925cafccd9e27d4d0f91179691330be6e,2026-06-30
TWIN FALLS,1099,CHEVROLET,CAMARO,1993,75,b1f953ecf5d5996864ecd6056e17d6bd474c330f7ac8d62568b351bc1a3c18bc,2026-08-04
TWIN FALLS,1099,CHEVROLET,CAMARO,1996,79,7da22e851048e5676f01fa3d6012e2a3f484a874e34f2cf1b3abaa1d937fd11c,2026-08-29
TWIN FALLS,1099,CHEVROLET,CAPRICE,2014,77,e48de31884cf4373991739d1c2e262ec86b642891bbb3b9798af7f313d704ba5,2026-07-07
TWIN FALLS,1099,CHEVROLET,CAPTIVA SPORT,2014,54,d95346f69a6f784a6a979410ef9c051a752a0e35347c269ea7326fbfcc7a1b3e,2026-06-15
TWIN FALLS,1099,CHEVROLET,CAPTIVA SPORT,2014,51,70cc96e2dd4530e303044e5ca820782b5d1bfa400ef19ffa3c7a5b083e4287b7,2026-07-30
TWIN FALLS,1099,CHEVROLET,CAPTIVA SPORT,2012,55,2e48d3af6ffe8f71f09e7a594daf5501fe04811193f1770f9c007f8f8a96689e,2026-09-03
TWIN FALLS,1099,CHEVROLET,CAVALIER,2005,78,9e4a7102e33172ec091da757eb4cd032d4550bdd5c8c6daec9124da0004a4811,2026-05-28
TWIN FALLS,1099,CHEVROLET,CAVALIER,2003,76,18db08c96101725faa651218732dc04f5407a5f6fdacf571b62317a03bf87531,2026-06-06
TWIN FALLS,1099,CHEVROLET,CAVALIER,2000,76,cdbb8ff2fc97f5daa49e61009de1570b29656251df8c527e66818465328471f7,2026-06-06
TWIN FALLS,1099,CHEVROLET,CAVALIER,2003,71,a0e0ad2206109f838f27d77882b8cfaece7bb00f7a087c65edec22e2333e9e88,2026-06-20
TWIN FALLS,1099,CHEVROLET,CAVALIER,2001,77,8e011db76adb9d74c28de698261bf2427f565b32c35b7a91e61068f05a5262ef,2026-07-07
TWIN FALLS,1099,CHEVROLET,CAVALIER,1998,77,1727677a756ede82b6b6aee9e3d9a96d957e1022d1ef44b3fe4415508a0e42ae,2026-07-14
TWIN FALLS,1099,CHEVROLET,CAVALIER,2003,75,b9f57ab55fc9c70b47e28fc27423166e575d0128ee60f59419acb6853aeda542,2026-08-06
TWIN FALLS,1099,CHEVROLET,CAVALIER,2003,79,34098250eea92375ef09fb986b068197c958bf4a00eded25fa2980eb566ad5b3,2026-09-01
TWIN FALLS,1099,CHEVROLET,CAVALIER,2001,75,15de4f484e8b97d1afd89a125728a261b3980299e8a5b64eeedadeeb6518fb97,2026-08-07
TWIN FALLS,1099,CHEVROLET,CAVALIER,2002,68,1b0da05a60c36df64c4469f0bdc520bbb0c7e38e339cee3739be2ab09a0bec8c,2026-09-08
TWIN FALLS,1099,CHEVROLET,CELEBRITY,1987,78,e45776759d5d66367ce78d170b86b5d2567d2e9484d17d0a056498ea107085a5,2026-05-28
TWIN FALLS,1099,CHEVROLET,CLASSIC,2005,77,8edbefb4cd9a8c2f6b5d1217291c18c98e4a7d42efd0aab8048accf1ed4ab126,2026-07-07
TWIN FALLS,1099,CHEVROLET,CLASSIC,2005,77,8edbefb4cd9a8c2f6b5d1217291c18c98e4a7d42efd0aab8048accf1ed4ab126,2026-07-07
TWIN FALLS,1099,CHEVROLET,CLASSIC,2005,69,fb96d685e3cb6fd110a1efb99ec52db661db591bd15305c8858966e587ce6814,2026-07-28
TWIN FALLS,1099,CHEVROLET,COBALT,2007,74,9937996383bf6b97e384df44a22e6dd587f96110751e888f4335fb9ed1641c6e,2026-05-10
TWIN FALLS,1099,CHEVROLET,COBALT,2006,71,5b05a52d5e16a0c3737ef76bac9081a42817d5cd392cf74c06693ccb1fd36176,2026-06-20
TWIN FALLS,1099,CHEVROLET,COBALT,2005,77,22ec19ecb580c2e0aaa42654c0694a97863d0201ee6de9db410b7e356a4d953c,2026-07-07
TWIN FALLS,1099,CHEVROLET,COBALT,2006,77,978d6f2bacd52bc1f7ae321d569be89f4fa4eba3d0c00d040df2b5262c934537,2026-07-07
TWIN FALLS,1099,CHEVROLET,COBALT,2008,69,669c2cf1eb0b3ff901aa9bd57ce9f83693aa3853d096feb07a6e85036128f53f,2026-07-30
TWIN FALLS,1099,CHEVROLET,COBALT,2008,75,01298ae448b2d8ab5e6bc8593dfb4ea16e6df03de1df3daad1c82691bd96d80f,2026-08-04
TWIN FALLS,1099,CHEVROLET,COBALT,2006,79,055ae5e1b04c3a68492a7810a69026173754aa8e236aed9810379d41631f0b90,2026-08-29
TWIN FALLS,1099,CHEVROLET,COBALT,2008,75,01298ae448b2d8ab5e6bc8593dfb4ea16e6df03de1df3daad1c82691bd96d80f,2026-08-04
TWIN FALLS,1099,CHEVROLET,COBALT,2008,68,47e813c25dc7e00f4ba5cfb4b514f7afa9ab80f3b03a4ff19dcd898a502dea5d,2026-09-08
TWIN FALLS,1099,CHEVROLET,COBALT,2006,68,f4a94f2639f920ce174f0e85a4e50c8bc5a6ff489b59ba3ee0a7c998101b7674,2026-09-08
TWIN FALLS,1099,CHEVROLET,COBALT,2006,68,f4a94f2639f920ce174f0e85a4e50c8bc5a6ff489b59ba3ee0a7c998101b7674,2026-09-08
TWIN FALLS,1099,CHEVROLET,COLORADO,2011,52,0055a28ea93769d411581a2d06976d8f2da7d80f42c4f5c0e17e742136257a68,2026-05-30
TWIN FALLS,1099,CHEVROLET,COLORADO,2004,53,e6055f3d1c8e3a321684ae260c78020131d533f32efe67772bbae2feeb34d81b,2026-08-21
TWIN FALLS,1099,CHEVROLET,CORSICA,1993,73,54dc73d0f7687dcf62272358604ba2e8c651afb3bdee8727e5761cb3530252d2,2026-06-30
TWIN FALLS,1099,CHEVROLET,CRUZE,2013,70,7ec030c4cbfda2ff4d1a83f95123b7d8d975806b01f6b27a7a5e4f889e19319d,2026-04-18
TWIN FALLS,1099,CHEVROLET,CRUZE,2012,72,80811c3079dee9d7659a2f20469757ea52c504b04597624759945ad2b6aae110,2026-05-02
TWIN FALLS,1099,CHEVROLET,CRUZE,2015,72,890ba338948beca7b5c277e85d60ab9e41c2a9d81dc7bb7b40e3fa3a983e4e07,2026-05-02
TWIN FALLS,1099,CHEVROLET,CRUZE,2014,71,ef0e0fdd979c09f48bc7241e6261b61e9bf0285ea20622b22965fad09554ff08,2026-06-23
TWIN FALLS,1099,CHEVROLET,CRUZE,2012,76,2ca86c4ff526ebf5bcba988df6cb0ee4e1f7367ee58d4d71a52f552afb04a331,2026-06-06
TWIN FALLS,1099,CHEVROLET,CRUZE,2016,71,3f3022a276dd61d16872166f06e8051297d1e159ed6d55dae1f8ea2a3ef5d300,2026-06-20
TWIN FALLS,1099,CHEVROLET,CRUZE,2017,71,2039d81bfb592932e72836ec23c61daa7cb9da47aef64b90d665ef36d562469a,2026-06-20
TWIN FALLS,1099,CHEVROLET,CRUZE,2014,77,d0de4220acb1934fcb99cedafafe99f2ed630cd9cc598b8db9a9fa1d82160800,2026-07-07
TWIN FALLS,1099,CHEVROLET,CRUZE,2019,75,07d2897130f3cadbd68ffbbe94f49cdb17594ae9f2678e464bcabbe94a1baf62,2026-08-06
TWIN FALLS,1099,CHEVROLET,CRUZE,2011,75,e95c139dd64cb009cc60aa4441dba13e18a4ff14713c903d98c7b76c3a78144b,2026-08-07
TWIN FALLS,1099,CHEVROLET,CRUZE,2012,68,b2dcaf14f51f463517fbc87ae04126b3740f8c73a4ab5d37b1bcd1bb78c506dc,2026-09-08
TWIN FALLS,1099,CHEVROLET,CRUZE,2014,68,193ec005aa2a4dadf0648744cff66b7b05a06e6e235d8ed73c14b7d988964237,2026-09-08
TWIN FALLS,1099,CHEVROLET,CRUZE,2011,68,0e031893afe4ba9940ed161f7604aac7c4c4006e362e73470281dff28d1fa3ff,2026-09-08
TWIN FALLS,1099,CHEVROLET,CRUZE,2011,68,0e031893afe4ba9940ed161f7604aac7c4c4006e362e73470281dff28d1fa3ff,2026-09-08
TWIN FALLS,1099,CHEVROLET,EQUINOX,2010,44,8a1f3277a82a573b025f5a47c1994e555ebfbaac26e6d41ca2dd5ccfb1e63972,2026-03-26
TWIN FALLS,1099,CHEVROLET,EQUINOX,2008,44,684e988b0514133e683a673610276ec1fae3677347171093d40532c235bccec7,2026-03-26
TWIN FALLS,1099,CHEVROLET,EQUINOX,2006,44,4b89e4458e4e90b517929e4f066c3bd194c3279e4e66f345cd463147e2efe06d,2026-04-03
TWIN FALLS,1099,CHEVROLET,EQUINOX,2013,48,fce188d9a5e97b55a0084a70652802ab549db52a7d83772942b6bd8b883c3d3a,2026-05-02
TWIN FALLS,1099,CHEVROLET,EQUINOX,2011,46,5a0ed071b97194debfd0984f588c693916d6d33121fcb4ae819dda737fc195d1,2026-04-23
TWIN FALLS,1099,CHEVROLET,EQUINOX,2013,50,aba3bfe05c2c2e1ea7908e26979caa257fdfc256de74d6f00c1e500a871661fd,2026-05-16
TWIN FALLS,1099,CHEVROLET,EQUINOX,2006,49,63f6586ee1b0a634ca280ac7d777cbba9f20666bd988baea824714fbbade283a,2026-07-07
TWIN FALLS,1099,CHEVROLET,EQUINOX,2015,47,fe52b6b65cb872d0a1da556f6eae421d38d030311b1c1b8f7edd5f1f1239d691,2026-06-25
TWIN FALLS,1099,CHEVROLET,EQUINOX,2008,54,54c7d0437b1b9a8c0c7083cd35541afadff3163b5f598f081d49aecd120cd5c0,2026-06-15
TWIN FALLS,1099,CHEVROLET,EQUINOX,2010,45,38c99ffb31c7fe46de46a4245a7ccb3f4519da3585638c0f0409b1b7d33f73bf,2026-08-15
TWIN FALLS,1099,CHEVROLET,EQUINOX,2014,45,ee35302e266a3f74fc9c1b989a3e856bb82b8d3d009c083d69b031c715c2d0f0,2026-08-15
TWIN FALLS,1099,CHEVROLET,EQUINOX,2013,45,3f6d92dc485df3251582ca6917642aa2c0cc1f2a52ba2f9232ac90cde0d9921c,2026-08-27
TWIN FALLS,1099,CHEVROLET,EQUINOX,2005,55,7dd7ef2ecaee82a967284ba20aa19fdb8827470bf541c53f87fc0cad015d0cfe,2026-09-03
TWIN FALLS,1099,CHEVROLET,EXPRESS,2005,46,1b378147933b844de462bd82b43978d43e16b1a89c4b7e5ee815e658205c1e9c,2026-04-23
TWIN FALLS,1099,CHEVROLET,EXPRESS,2017,47,5004fc97449774260d7372f3a0c0e1e244e54652a20560779b3f54568fd60e73,2026-06-25
TWIN FALLS,1099,CHEVROLET,G20,1989,47,2bb85bb26cb1362c0587e7f26ef166d5c52959b328d23815e7ee859fdbdb5142,2026-06-25
TWIN FALLS,1099,CHEVROLET,HHR,2008,72,73bc149ac6f433a36b01fdd6ea7b903f2ebc8214a779ba1ed05798090367df4c,2026-05-02
TWIN FALLS,1099,CHEVROLET,HHR,2010,73,71fe6c6f3394daffa21b6610063ee56d7effd536cc01536db28455740339fc05,2026-06-30
TWIN FALLS,1099,CHEVROLET,HHR,2006,76,07a6a64ad5e34d2163142235243dfc24ea6163db385295a366506afa81815a3a,2026-06-12
TWIN FALLS,1099,CHEVROLET,HHR,2009,71,fb62eff6f791c65afae2784a371b2c52ac5fa4620ca8e813e70ce1ff58fd0931,2026-06-20
TWIN FALLS,1099,CHEVROLET,HHR,2007,77,0824c12da7170e2a963baeb9395c1a9ac72d54ad9fc705be8c12391b0911d06f,2026-07-08
TWIN FALLS,1099,CHEVROLET,HHR,2009,75,f9ed1bc969e6e2638686098d833fee3c9182d833b5557741f98ea13ae03c696a,2026-08-18
TWIN FALLS,1099,CHEVROLET,IMPALA,2004,70,4254f51c14359e59729ca066601477b0b6141f1b1c6c7b692e8ca182adf1ceda,2026-04-18
TWIN FALLS,1099,CHEVROLET,IMPALA,2011,70,1c439a2ff32c8953caa3e609419ab9e7c70645f53593e54b1361f045fce32385,2026-04-24
TWIN FALLS,1099,CHEVROLET,IMPALA,2011,72,cb016ed63ec4130fa5a019685cf9def11d1a27ae03b8c1adede1d40f08f60784,2026-05-02
TWIN FALLS,1099,CHEVROLET,IMPALA,2008,72,22af1dc7b9d931248ae16536186d5f256965d62de7ec6b2e3e3c69525a03cf4f,2026-05-02
TWIN FALLS,1099,CHEVROLET,IMPALA,2004,72,b51b3bd8893695497a45cb1cf358ca0f86c5d8f1df9003b4cfe28fac345d9555,2026-05-02
TWIN FALLS,1099,CHEVROLET,IMPALA,2001,72,4fd4305d8e88dfcd0aa6c97af323538fc1b3bb7d0ef1851e3d4c5f820b1875de,2026-05-02
TWIN FALLS,1099,CHEVROLET,IMPALA,2013,78,9a876ef16beaa11d07f0e0738c441a756fe20379e90c860b68c006a0a8b46bfd,2026-05-22
TWIN FALLS,1099,CHEVROLET,IMPALA,2004,78,9aaeaafc6efba4f3d1e37526c14e5934a29d2b3caeb371f20a585fc850c0dfd9,2026-05-28
TWIN FALLS,1099,CHEVROLET,IMPALA,2007,76,1a0badac729c933d27a4ea1a925c8ddf7e12ea806d672d1e1fb69d3bb428a018,2026-06-06
TWIN FALLS,1099,CHEVROLET,IMPALA,2008,71,82ca173b1cf0e4eba9664bf161a7e013f931fd1c8b15b594054fc56145e1f55c,2026-06-23
TWIN FALLS,1099,CHEVROLET,IMPALA,2003,76,7b7da2e873fae13e4c22e0cb485746750be973ed47862673b205d95eb4e7e1d2,2026-06-12
TWIN FALLS,1099,CHEVROLET,IMPALA,2000,71,0449cc5f1f7681aee24a4617a00ff188a32b4e8322a9cb10c47ef8e0fd1d7019,2026-06-23
TWIN FALLS,1099,CHEVROLET,IMPALA,2005,71,2813c22495ecb410489ef317a527a845d475abb3616fe16665926a95440072f5,2026-06-20
TWIN FALLS,1099,CHEVROLET,IMPALA,2004,73,6b4f4d4e74fa736b581b7205c0c2c4775f75538c713c5d7feb95d3cf38170280,2026-06-30
TWIN FALLS,1099,CHEVROLET,IMPALA,2008,69,dfee4d880948838ef3a1b15824225421e889a9b75be8081d5cd7baf96a4b518b,2026-07-23
TWIN FALLS,1099,CHEVROLET,IMPALA,2006,69,9b28fe0d6b7ac180fcb914357dccc2bd7eee1d6816947a3722d81f4bb32e5fc4,2026-07-21
TWIN FALLS,1099,CHEVROLET,IMPALA,2004,69,5f42af57eb9f3557acba8b457ff8a5c9564886293f9a90c10e4fae8d74e1c4ca,2026-07-22
TWIN FALLS,1099,CHEVROLET,IMPALA,2004,69,5f42af57eb9f3557acba8b457ff8a5c9564886293f9a90c10e4fae8d74e1c4ca,2026-07-22
TWIN FALLS,1099,CHEVROLET,IMPALA,2004,69,5f42af57eb9f3557acba8b457ff8a5c9564886293f9a90c10e4fae8d74e1c4ca,2026-07-22
TWIN FALLS,1099,CHEVROLET,IMPALA,2009,69,1aa21cdf3287517e66c7f37427f9768fb8fef875e431ea038dab0584b4828a99,2026-07-30
TWIN FALLS,1099,CHEVROLET,IMPALA,2005,75,361ea3f2c36afeab6fb28481fe34ec1772b22555bcf6677d612c5ac5f6fd2fd8,2026-08-13
TWIN FALLS,1099,CHEVROLET,IMPALA,2007,79,ee3398ef051a8f1d572d98f8bad987ea7b6c7bb7c353b39b0d3ab118b11804fa,2026-08-29
TWIN FALLS,1099,CHEVROLET,IMPALA,2008,68,a4e5f6a7bd067b101efaa311362bb47207301be43b4b6ac871d71da606ed6434,2026-09-08
TWIN FALLS,1099,CHEVROLET,K10,1985,52,ac31e80014a885c69fd4adc5d4a4037571ff7ad5d05a786b539b230eeb9fbdf5,2026-05-30
TWIN FALLS,1099,CHEVROLET,K1500,1994,46,6cb85b1f22a595382a8f25027d262c292459daf38a94e6488b7ba52ca3c0f496,2026-04-23
TWIN FALLS,1099,CHEVROLET,K1500,1994,50,f188b4dd11b9309990bb0eeb167f35af1a9beee14bbe415bb6819786ef7911c4,2026-05-15
TWIN FALLS,1099,CHEVROLET,K1500,1996,50,d460fce2dc307b8235a3f615e3b10686a64f40a5c9c211036d15d3d539591500,2026-05-15
TWIN FALLS,1099,CHEVROLET,K1500,1995,50,ebf11f4cd4c87a82066d7187df400f504bc0579e275ee101ead200b0898a6643,2026-05-15
TWIN FALLS,1099,CHEVROLET,K1500,1990,52,9213fd2365b463b63df2a7621db0761af0e2c5a32940a7751526681205705369,2026-05-30
TWIN FALLS,1099,CHEVROLET,K1500,1992,47,f531cdf24febd4099da82c28beb0076e97b10a679a68cfbd4375af407ada2051,2026-06-28
TWIN FALLS,1099,CHEVROLET,K1500,1997,49,bb3483d123bb71daca4f69d1209851701a1d41e8cd8aeeb96b36f546b03e99e3,2026-07-08
TWIN FALLS,1099,CHEVROLET,K1500,1998,51,2976f8dd20c4397f9b8373120746047170d4f36bff30a2c41e0f32990ca8623a,2026-07-30
TWIN FALLS,1099,CHEVROLET,K1500,1992,51,e79849fcaf0842b88a4987b8762fe50048a900b14e84b1791d8e3f460260fdc6,2026-07-23
TWIN FALLS,1099,CHEVROLET,K1500,1995,53,10ca32e0de966f7b1aa1fbdb4200cd1f7713f6fddacc9e76e1e19a2ec2d3507e,2026-08-21
TWIN FALLS,1099,CHEVROLET,K2500,1990,46,805e43082e7f2214fea1a9210fe7225a97795f3dba0de5c3f8529ddb06fce504,2026-04-23
TWIN FALLS,1099,CHEVROLET,K3500,1989,46,25624fc6f9d39fdbfac349e019f127b9d97537b3413adfa47de40d560cda437a,2026-04-23
TWIN FALLS,1099,CHEVROLET,LUMINA,1995,72,42157278324372a98cdbeef88c645b4dd82bb46e60e326569018c7f0d6a33f16,2026-05-02
TWIN FALLS,1099,CHEVROLET,LUV,1978,51,43951c6164790933685b76e4d3840859c4bd0f64ad34a9811dae1a053fa27d86,2026-07-23
TWIN FALLS,1099,CHEVROLET,MALIBU,2003,70,926406d219d82d648bf0b2c8cf3ec8cdcf7f1e4f85bdd5e416a603e1d75d693c,2026-04-18
TWIN FALLS,1099,CHEVROLET,MALIBU,2009,72,55ea1717d5fb4a2724473f90d57c57b20f1cc54b08f5a5c6a42c699181b2c654,2026-05-02
TWIN FALLS,1099,CHEVROLET,MALIBU,1999,72,036e18ba530656afa3d02c8c6ef3b2318f5f0bfdb36008f6033d521a8b086fd3,2026-05-02
TWIN FALLS,1099,CHEVROLET,MALIBU,2006,74,9b288a89574df6e6a5853a7e4ede4621aec1cba049ceb034a966f60f03bd3af5,2026-05-08
TWIN FALLS,1099,CHEVROLET,MALIBU,2010,74,7d3deeeb611cd89d4afba31326d86d791e9166278ba7eb66dda60b2e620ac543,2026-05-10
TWIN FALLS,1099,CHEVROLET,MALIBU,2011,78,22472a3fb68e88cadf1b1641d60a9e9ee364d4031baea49384e89a9d5d7c0a57,2026-05-22
TWIN FALLS,1099,CHEVROLET,MALIBU,2006,78,91fdb076848c7fe4030be31bd52e234b4d98466e64164565b582b3425788617f,2026-05-22
TWIN FALLS,1099,CHEVROLET,MALIBU,2011,73,21bcbd35724a7bbf706ff35c708008f676d5bdeff64a6d1bf804b767dd591535,2026-06-30
TWIN FALLS,1099,CHEVROLET,MALIBU,2014,71,c2074b69415ee06508a27582cbc2e3730cd38349effd748c7d907eee446da72d,2026-06-20
TWIN FALLS,1099,CHEVROLET,MALIBU,2001,73,14949f581bda7574211ba10ed68cacfc06f05cfc2a35c07163f2be620abf85cb,2026-06-30
TWIN FALLS,1099,CHEVROLET,MALIBU,2009,77,464d1e3dfd76381eb0bbae4c6a40f5f39f60f9e2886f70fc01525e7db2f7c6f4,2026-07-07
TWIN FALLS,1099,CHEVROLET,MALIBU,2007,77,39eff52b2ec7aba8ce5f66bc2c192865b174ead01afccadd19b5a17af9aba3de,2026-07-14
TWIN FALLS,1099,CHEVROLET,MALIBU MAXX,2005,77,4b22ebbba10650975c4ce99c2c4356ff734070aa7b2386bc86da1c44e374bd40,2026-07-07
TWIN FALLS,1099,CHEVROLET,MALIBU MAXX,2005,75,ce98cd7bb2017bc155225cd2e16089b79b1c4a602ce3106a5542c55ba101ce6b,2026-08-06
TWIN FALLS,1099,CHEVROLET,METRO,1999,71,eb1dc8ff083c358d232ba85bd81f2fe2efcf7edcd127ee9e0e896c43d4998ec4,2026-06-20
TWIN FALLS,1099,CHEVROLET,METRO,2001,79,3cf80bf160405c39bddfc937e6318eeac60959bd3026ca620a357412fc31cf29,2026-08-29
TWIN FALLS,1099,CHEVROLET,MONTE CARLO,1998,68,074194bcbcf23342506e1cc2667199a77ac6f1dbe624d3e98e0dd477961f1ed1,2026-09-08
TWIN FALLS,1099,CHEVROLET,NOVA,1978,69,0de5626ebbde8cf5128e9403ef04a4b136d04b791ae4dc8ace8e4cb3b32d3bde,2026-07-28
TWIN FALLS,1099,CHEVROLET,PICKUP,1984,47,f6f8f4dc1af6157942ff64b71b2b3fedb1b550aadc8f79a388a556412a4ef968,2026-06-25
TWIN FALLS,1099,CHEVROLET,PRIZM,2001,75,5169a5b4abe78d94f65fba9c8370d2710bf1f61d6a3d9d5b640fe6d7f45a9e9e,2026-08-06
TWIN FALLS,1099,CHEVROLET,S10,1993,48,df06a23b328f2ecd97f9680b913c287b97df622ff29af2c58a21f7c9a0506c9a,2026-05-02
TWIN FALLS,1099,CHEVROLET,S10,1992,46,184ac1a70041c41a67a3cc2bff90fe09894e057e726ad4a67496f07bb4a9f7b9,2026-04-24
TWIN FALLS,1099,CHEVROLET,S10,1996,50,070addb45c39e9cebc24bce5792982dc4334ca5ebda72fd083f68b2c0221ede6,2026-05-16
TWIN FALLS,1099,CHEVROLET,S10,1989,52,2bf375451f498df2cd28fa06b8e912678d01ecb874612d1fe2c0eeb10ef03d22,2026-05-30
TWIN FALLS,1099,CHEVROLET,S10,1985,52,b9a1be3b50b13e8e0fc754ccd845c40c3e545e08fdd4ebf1817a2015be69c444,2026-06-02
TWIN FALLS,1099,CHEVROLET,S10,2001,49,8edb1e63f4c8e1d9a0a74f3f3e6a87e46dbcb2ead04c90dbb29b4d0539170cb5,2026-07-14
TWIN FALLS,1099,CHEVROLET,S10,1994,51,4d9b4d7b01f354e7c2d568ed7a356783358ac0d22f0beee4fb2efe225909dd39,2026-07-30
TWIN FALLS,1099,CHEVROLET,S10,1985,51,df4a3fb89eddd1c859e80ba632b5d9632336c1eb84ef6d792fbe0e3cac59b6fa,2026-07-30
TWIN FALLS,1099,CHEVROLET,S10,1988,53,01bc4039d3d74cebc683e8e9d00e8627b416b78d9ea2a2b9ccb8ff09812b531c,2026-08-21
TWIN FALLS,1099,CHEVROLET,S10,1999,53,9550029524cf033c22af032e98be424d7d50578dabb10da551b965a8fc94e987,2026-08-21
TWIN FALLS,1099,CHEVROLET,S10 BLAZER,2001,49,1a9545ba082e81f177c3be113dd5028b9a29b794ce9c438936eae50f0dfe20fb,2026-07-07
TWIN FALLS,1099,CHEVROLET,SILVERADO,2000,48,4103321603cce081ea54e49b6a346d6efab4fcbfca55d18095a6d0389b058ebe,2026-05-02
TWIN FALLS,1099,CHEVROLET,SILVERADO,2002,46,39d2a8290d43ae805475f649c582babee346fe5887d81dd87b4fb6a9efa21b75,2026-04-23
TWIN FALLS,1099,CHEVROLET,SILVERADO,2001,48,f244a425f21aba62748a7362dc0b1a4428c0ec72699c4e22a6b9c5d044f7ff03,2026-05-02
TWIN FALLS,1099,CHEVROLET,SILVERADO,2008,52,6f5c3e9065c0978b15d49f2dd2e7243df5d132fef31d744ad2fa62b5b8a1c713,2026-05-30
TWIN FALLS,1099,CHEVROLET,SILVERADO,2000,51,eb82f419f6f671cecd30ee340c12faa45b728f8ce3f267d438001a167959c408,2026-07-15
TWIN FALLS,1099,CHEVROLET,SILVERADO,2000,51,eb82f419f6f671cecd30ee340c12faa45b728f8ce3f267d438001a167959c408,2026-07-15
TWIN FALLS,1099,CHEVROLET,SILVERADO,2015,53,404178c8ee3aa04882222609f97b225b309ae1bc7268413262030798823be92a,2026-08-21
TWIN FALLS,1099,CHEVROLET,SILVERADO,2000,53,7c25b1eac4bf6bcfb18358d36e0a89e6004b0111702eae3386cc2b99f7019f52,2026-08-21
TWIN FALLS,1099,CHEVROLET,SILVERADO,2007,53,79f76dc679557d0be27c15eeb25ab42ea8514fddd5fadbbb13315bbeee620805,2026-08-21
TWIN FALLS,1099,CHEVROLET,SONIC,2013,70,f10accff1d7cd12a58d8c0f10c0562d0e570eddfe9ea7e95fe09969aef3e459a,2026-05-06
TWIN FALLS,1099,CHEVROLET,SONIC,2014,73,ad5da7a70afaa3e48734126c5bf81d193dae662eca9b83131a166f408a880217,2026-06-30
TWIN FALLS,1099,CHEVROLET,SPARK,2014,75,95bb4f6dbe621e18528122b1343d737da2a110d6c1a7e3d2421ba70cf5a1bc22,2026-08-21
TWIN FALLS,1099,CHEVROLET,SUBURBAN,2005,48,7bc00b5f4c969b56c52521c033439a6234c94435140ee41863928f3f88bf034c,2026-05-02
TWIN FALLS,1099,CHEVROLET,SUBURBAN,2005,46,537dba0d66e41199157d8c8fbb4ce6f5d9c2cd5ca806fab33174ab9799c2ef8b,2026-04-23
TWIN FALLS,1099,CHEVROLET,SUBURBAN,2004,52,32eaee7043a68d7dd206471f37ed6f2ac956ce5ab4fe4ab6960c8504035168f1,2026-05-30
TWIN FALLS,1099,CHEVROLET,SUBURBAN,2009,52,c59b5f1dc43397b9de19c5c6ef83a92905ef25137d7fe83e9d7c9616299a538a,2026-05-30
TWIN FALLS,1099,CHEVROLET,SUBURBAN,2003,47,07c22dd7915ddd4d242c168d04cb509a1126588d3854b9e8f82bf04dfe5cf642,2026-06-25
TWIN FALLS,1099,CHEVROLET,SUBURBAN,1995,51,743ca403f439007d8d2710b7823ee66aa5556e53eb95aabc0148c5e08de02638,2026-07-23
TWIN FALLS,1099,CHEVROLET,SUBURBAN,2004,45,9716119d26d330d3075780504eb4a4a229f31962dcc302bb822e2aea1f9c3b80,2026-08-15
TWIN FALLS,1099,CHEVROLET,SUBURBAN,1999,45,d6860376f5042f3ffd87cbbf30055901e9cf6d00a4cbc52a1bd2aae7352ad413,2026-08-15
TWIN FALLS,1099,CHEVROLET,SUBURBAN,2005,55,598dd0d514e0f06cc815f33bea277e286a290cdd65620a7c475e9ca9a6f31d29,2026-09-03
TWIN FALLS,1099,CHEVROLET,SUBURBAN,1994,55,249024bb1fb03c33a8ec74418fee4d0a001ac385591b7f10b17584026bc0a0dc,2026-09-03
TWIN FALLS,1099,CHEVROLET,SUBURBAN,1999,55,cf9e7e558cde509e3168bfd44118f74d343daff9f4f1ab48ff5fe68582fcce46,2026-09-03
TWIN FALLS,1099,CHEVROLET,SUBURBAN,1999,55,cf9e7e558cde509e3168bfd44118f74d343daff9f4f1ab48ff5fe68582fcce46,2026-09-03
TWIN FALLS,1099,CHEVROLET,TAHOE,2002,44,1ce58897ba6ce0a0a9410ea821d27ff087df77878f2bb5daa23c155e8dc07031,2026-04-14
TWIN FALLS,1099,CHEVROLET,TAHOE,1996,44,fe3d3e24d46ad99341168b541d5c6ec70c32664cec6405351f75383801922f22,2026-03-26
TWIN FALLS,1099,CHEVROLET,TAHOE,2003,44,42cae9de109e5421aabb366c93518a324d779e437d238b320e4aa4c402b1eb39,2026-04-04
TWIN FALLS,1099,CHEVROLET,TAHOE,1999,47,5fe01524926e2389ad504fe2bf99f6667efaed97554a7ec71659b17b739fe54d,2026-06-25
TWIN FALLS,1099,CHEVROLET,TAHOE,2001,53,57289ae5e77ce6472dba8392643b0c021ef23a1c835e1885841ed536c8a544b5,2026-08-21
TWIN FALLS,1099,CHEVROLET,TAHOE,2003,53,51f0d2cbefc75e7f1d2bea3f13864e2ccb6407bbacef31854f2cda55d0cbce2c,2026-09-01
TWIN FALLS,1099,CHEVROLET,TRAILBLAZER,2003,48,f5a2ab688a501f2bc6e62de1ebeefa0cead2bf93e8a3dedc1f7662a25e7999fc,2026-05-02
TWIN FALLS,1099,CHEVROLET,TRAILBLAZER,2004,48,e1f9276a835b5d4745469dca329f211affd34de9b2f8081a05b14cc09e1f5c1b,2026-05-02
TWIN FALLS,1099,CHEVROLET,TRAILBLAZER,2006,50,473cf181ed0b2a29297bc4a2771147e1bff3cd1f7d1f9c1b5fb374baf5ceb8ee,2026-05-15
TWIN FALLS,1099,CHEVROLET,TRAILBLAZER,2007,48,374994f9994855a1386840876a4c60ca4de74e8e859c60511ec4b630f3e5556b,2026-05-02
TWIN FALLS,1099,CHEVROLET,TRAILBLAZER,2002,48,d99b86cd6dc2147112bc62419eed438cf57f538540b1a025ca8f557680b21efe,2026-05-02
TWIN FALLS,1099,CHEVROLET,TRAILBLAZER,2004,54,bfe0db465cc6c16d53c7169376e81fd712c6da95fe4e8f9b5da2b22b059abc25,2026-06-15
TWIN FALLS,1099,CHEVROLET,TRAILBLAZER,2008,49,d4c0f3852722f847169216f00bb18c893bd50dd65e6a2d8cb8b7e0c978a780a5,2026-07-14
TWIN FALLS,1099,CHEVROLET,TRAILBLAZER,2003,45,c7adc2443415ae409192a374950df7874e38c22522c99612f6d3a28722da2e3d,2026-08-15
TWIN FALLS,1099,CHEVROLET,TRAILBLAZER EXT,2005,46,d0bba83b88976818d9b744a6e08c97421446e0e2b7a58f5152c75622352a4d03,2026-04-23
TWIN FALLS,1099,CHEVROLET,TRAILBLAZER EXT,2006,50,eeb3c0a412dbe46ea1cbf8b0e7df7683cc394fe83b86ae5aa6238d61b6160f5b,2026-05-15
TWIN FALLS,1099,CHEVROLET,TRAILBLAZER EXT,2003,45,c8cbfba7281e0589ce3fbaa4fa17322fbc95266a4220fbca524783fde34d4d01,2026-08-15
TWIN FALLS,1099,CHEVROLET,TRAILBLAZER EXT,2004,53,d6f963171674c12b616bf398b251b57ba78761ad07277e642de372b5e15647ad,2026-08-21
TWIN FALLS,1099,CHEVROLET,TRAVERSE,2009,44,20a17b4a44a134747e73e28db70f159d538d70694d539ce18c1ead88762faa81,2026-03-26
TWIN FALLS,1099,CHEVROLET,TRAVERSE,2012,48,593e35fbe027fbf0cbce450ea5ba570d2129a95162fb3506c1839d0fcdba83e4,2026-05-13
TWIN FALLS,1099,CHEVROLET,TRAVERSE,2013,54,fe592f8fec0b28496daaa3ed5957d61d7830bc0133ee06439e9148651d742208,2026-06-16
TWIN FALLS,1099,CHEVROLET,TRAVERSE,2015,54,ee5bbec6aa7234646cf909ff0e61767eb15be8f3948f600a10b0ed8343907021,2026-06-16
TWIN FALLS,1099,CHEVROLET,TRAVERSE,2011,54,c72e010a9e562f2feea9dd26edc6c072617d5fc4f5582c8e15d5c59d9064aaa8,2026-06-16
TWIN FALLS,1099,CHEVROLET,TRAVERSE,2010,51,886a407bfbd5381db5a4103a26fb15b59cc88cecf5320efca15eec4f61f5ad08,2026-07-18
TWIN FALLS,1099,CHEVROLET,TRAX,2015,48,7a2739e3545635e51328744fb611dddeb535f5ceef779ee2e56577e0f85f6b36,2026-05-02
TWIN FALLS,1099,CHEVROLET,UPLANDER,2008,44,e2457e904594591108391d32d4534b42c01dbfeaba9952ed233e93c0eed607b7,2026-04-01
TWIN FALLS,1099,CHEVROLET,UPLANDER,2008,46,7b44d17b8ae22418705ad8d161305cf963c9c09d7ffe4ee74b8a33966c5fea59,2026-04-23
TWIN FALLS,1099,CHEVROLET,UPLANDER,2005,44,d295ddbc3665e60bb2d1d9e5666f2ae117cae225f62698fdd18fbc35365b402e,2026-04-15
TWIN FALLS,1099,CHEVROLET,UPLANDER,2007,54,9407aecfe9e8952f31d0d4cd621ad39b611aa6db560c7b1540fa57ec60dddd72,2026-06-15
TWIN FALLS,1099,CHEVROLET,UPLANDER,2005,49,305667cce6862b129dbdd2b884064deff0c6141d6688de96a9c1f8eb6b7f8197,2026-07-14
TWIN FALLS,1099,CHEVROLET,UPLANDER,2005,55,2e9b399c80b0f0b48e3948043c1d642b36336dcead6b21d37bf9f3a416b217f6,2026-09-03
TWIN FALLS,1099,CHEVROLET,VENTURE,2001,46,9652c2aaaef6dd2bad5af94df4d9534431408c0b145a9967b8d4b2cc8ea25904,2026-04-23
TWIN FALLS,1099,CHEVROLET,VENTURE,2003,47,0d3fa4ae9556a757bd5174237067a4abb1eb32456397504796491768edef7f5d,2026-06-26
TWIN FALLS,1099,CHRYSLER,200,2014,88,9843522db13e3840755284ce0e0ab074016fcda4ed1ad35b697ca545612e767a,2026-06-10
TWIN FALLS,1099,CHRYSLER,200,2013,94,c5f9bed062c22c2994c189052ccf13073ba91739fb1e0a6cc22f02726de423d7,2026-07-28
TWIN FALLS,1099,CHRYSLER,200,2017,90,c53bdf0385d9275a8517799409d336423f720db0333a3606102365c26e81cbcb,2026-09-08
TWIN FALLS,1099,CHRYSLER,300,2016,92,028e87b5af42c6ca0859ca66be56535d28832c368282a04090ad225628f9be03,2026-07-01
TWIN FALLS,1099,CHRYSLER,300,2008,90,5f69d250fb7725b50499bf2be0dc0954077ff79729810733bd13b043976b4c08,2026-09-08
TWIN FALLS,1099,CHRYSLER,CIRRUS,2000,90,7b4010c6cc2f0bedc35fe63efba6bebb5ffb177f94f39e0dee149dd0f25e2ff3,2026-09-08
TWIN FALLS,1099,CHRYSLER,CONCORDE,1995,90,58b3941fa7214cb4483393f02f4c5a5fce4adce3965cb518d115549a11ae4c00,2026-08-22
TWIN FALLS,1099,CHRYSLER,LHS,1999,88,1f72c7436967d8c1eca3005c50c34399a0a3bf5336a11c0ea4ef38679dfeb335,2026-06-06
TWIN FALLS,1099,CHRYSLER,NEW YORKER,1994,92,933d3dc9438e90878cbfab3a4836532f66c9d2a052590b60537a9fabb22c283d,2026-05-28
TWIN FALLS,1099,CHRYSLER,NEW YORKER,1989,88,c1f6d165853468deab8fc61619bba75621577bcf79e518fd2d608b571599493e,2026-07-04
TWIN FALLS,1099,CHRYSLER,PACIFICA,2005,67,4a46f1661e588808ca301eb7109a6b2a7e45089bbf90527ae30ef416b2fd1587,2026-02-03
TWIN FALLS,1099,CHRYSLER,PACIFICA,2005,67,4a46f1661e588808ca301eb7109a6b2a7e45089bbf90527ae30ef416b2fd1587,2026-02-03
TWIN FALLS,1099,CHRYSLER,PACIFICA,2004,60,c102f2ad0619867c842778b040c37da8299c0d3fc3a930bd1a3b3979f43678d0,2026-03-19
TWIN FALLS,1099,CHRYSLER,PACIFICA,2005,60,244b42546322c4ca7c4304b95cf6630c309b00621925248b8f04608a5e40e5db,2026-03-19
TWIN FALLS,1099,CHRYSLER,PACIFICA,2004,60,c102f2ad0619867c842778b040c37da8299c0d3fc3a930bd1a3b3979f43678d0,2026-03-19
TWIN FALLS,1099,CHRYSLER,PACIFICA,2004,60,c102f2ad0619867c842778b040c37da8299c0d3fc3a930bd1a3b3979f43678d0,2026-03-19
TWIN FALLS,1099,CHRYSLER,PACIFICA,2005,66,c96a6d80af47d6c26354f075fbc050b807d33ea633213924d1edb4964766f60f,2026-05-07
TWIN FALLS,1099,CHRYSLER,PACIFICA,2007,57,4c3c2bff8cf08d6acef3db29d11aa74e74edbcb394e1eefb500f5bdcebc9626e,2026-06-03
TWIN FALLS,1099,CHRYSLER,PACIFICA,2006,63,84d6af99ffb0605933cb02f07b067e0d522aa2529acc0f0feac84e415607a00c,2026-08-22
TWIN FALLS,1099,CHRYSLER,PT CRUISER,2004,92,c0fabd248ed6dd2a2b394a9fc4ff3eaca9a9136c4bba4db5678a9b025314fb99,2026-05-28
TWIN FALLS,1099,CHRYSLER,PT CRUISER,2007,88,81635a311c2b1be53c4922035b940ba6cb16af3d79ba88add5856896e71c6b53,2026-06-12
TWIN FALLS,1099,CHRYSLER,PT CRUISER,2002,88,4cfff1a619044db14d73a783d265e759f266ce09efa9cc815ebc75429143960c,2026-06-16
TWIN FALLS,1099,CHRYSLER,PT CRUISER,2004,94,a37d76d9ffe92fbf9d3683db4329b8d509a9218da1efd1d25fff0f1682122d39,2026-07-07
TWIN FALLS,1099,CHRYSLER,PT CRUISER,2001,94,6818a5c05c39294eebf22371dcbadc3796d928f0c2cfe1772af15ce326bdbd38,2026-07-14
TWIN FALLS,1099,CHRYSLER,PT CRUISER,2008,94,88b5affbf171085fe2768d03d3d442549a743b9d5bda57867ba63917d9d63ee9,2026-07-23
TWIN FALLS,1099,CHRYSLER,PT CRUISER,2002,94,fe05247f1dafb2a8640dae00d2003961d1678a96cb71d2dcbc9d436518a0134a,2026-07-18
TWIN FALLS,1099,CHRYSLER,PT CRUISER,2008,94,88b5affbf171085fe2768d03d3d442549a743b9d5bda57867ba63917d9d63ee9,2026-07-23
TWIN FALLS,1099,CHRYSLER,PT CRUISER,2002,90,18c9129d31babaf36cb13c2552c1cf87ade3aa23f9986412cc744caf9c475871,2026-08-19
TWIN FALLS,1099,CHRYSLER,PT CRUISER,2005,90,735aa95701287fc44ed0cc90fa3ec107c033a0df1830c7b1b47615d1152781aa,2026-08-19
TWIN FALLS,1099,CHRYSLER,PT CRUISER,2004,90,ce8cbb2e999122fdeec04d77d05f3d8dfc26f8cfd19e298717500cef9ef8152a,2026-09-08
TWIN FALLS,1099,CHRYSLER,SEBRING,1997,92,3a4df8cf0bd50a8abd516781f646b577557fbcec1f7c3e34b6368baf46d0635a,2026-05-28
TWIN FALLS,1099,CHRYSLER,SEBRING,2007,88,de80d9d3906efd90409d41c60e66ee6ffe253a9ccc5890ac0fd671cb368e61a7,2026-06-16
TWIN FALLS,1099,CHRYSLER,SEBRING,2010,88,6f30af7c278b918da2099d92bf7460c76af91c3683a2762cd3ae30dd1e66bc7d,2026-07-04
TWIN FALLS,1099,CHRYSLER,SEBRING,2007,94,dc970bd240f7abf55bfcc338817d77338df63a099373b9166de74a6b73197159,2026-07-14
TWIN FALLS,1099,CHRYSLER,SEBRING,2003,94,8bc59d0d26e7e98b4b4e2e51882326b28699ee8e0afcda5e436ebb6915d8afc8,2026-07-18
TWIN FALLS,1099,CHRYSLER,SEBRING,2001,90,28880d8a35e7dc70da6765280b7e8755ce76041b2ed3ba2784fda106c8637d84,2026-08-19
TWIN FALLS,1099,CHRYSLER,SEBRING,2002,90,f8d8ecef20620d7f25c99e966ef9967bc13beacf7f0226f313febf61336167fc,2026-08-27
TWIN FALLS,1099,CHRYSLER,SEBRING,1997,90,079e9f5032d5b4f52eb865fa139a1b3ce0f03fee2b56ca85ae26b36d79b33b2c,2026-08-29
TWIN FALLS,1099,CHRYSLER,TOWN & COUNTRY,2016,60,14e28f814103f8fa375f17f036556d2679e31f4ee90edf46727eea718cfad88c,2026-03-19
TWIN FALLS,1099,CHRYSLER,TOWN & COUNTRY,2002,67,708a269b1af5160514d9b99f1b79fc5b6b7d5c981bba8dc9a94c290f88bf92f4,2026-02-03
TWIN FALLS,1099,CHRYSLER,TOWN & COUNTRY,2016,67,fafe8bc4545ff5ad06febfd606a77f2dadfa9b9cf40454e6ff94d04394236daf,2026-02-03
TWIN FALLS,1099,CHRYSLER,TOWN & COUNTRY,2007,58,b426a5d66a00444297a97e1a934f633e94d509abd0790c63a708080f250f1314,2026-03-13
TWIN FALLS,1099,CHRYSLER,TOWN & COUNTRY,2015,44,eaeb8a506c4ae4a3357b5499955b7a72589563ae630e03c574b85ab247db25e1,2026-03-26
TWIN FALLS,1099,CHRYSLER,TOWN & COUNTRY,2010,64,95eed63443fb220ceb7fec8523b1dc64eb99f0cc3d0e0665efbce8189b6cbd7e,2026-04-28
TWIN FALLS,1099,CHRYSLER,TOWN & COUNTRY,2003,64,67b2492208ca3941d257bb4bd03b43e58df7f818e8a9339a8ed92f7197bbb6e8,2026-04-28
TWIN FALLS,1099,CHRYSLER,TOWN & COUNTRY,2001,57,6c3f744784372de25e4bb08defe44b286271763dbfe74bbfe86bfceb1f7568dd,2026-06-03
TWIN FALLS,1099,CHRYSLER,TOWN & COUNTRY,2004,57,4ecd00c840b04fe962c525035ce2ab9ce488d0e2542dab0fdbce82b379f4b9e5,2026-06-03
TWIN FALLS,1099,CHRYSLER,TOWN & COUNTRY,2008,59,433bd4c4b9aed515bd8d14ff1a7a905429f0a39cae2bb02272b8419a53d0d237,2026-07-07
TWIN FALLS,1099,CHRYSLER,TOWN & COUNTRY,2000,57,baebafb27baf68847396806fa355386518c23785a3bf7f3e8bc337a9028399a7,2026-06-03
TWIN FALLS,1099,CHRYSLER,TOWN & COUNTRY,2002,57,528f72f2cc59b68892c9d4dd0d2bdaf954234c35de19319ed22e3040fcc8001a,2026-06-03
TWIN FALLS,1099,CHRYSLER,TOWN & COUNTRY,2011,57,b5be8d7790e8b3c03ca85548675fe7583b398e026b63c5e787c029ec8a8a88ea,2026-06-16
TWIN FALLS,1099,CHRYSLER,TOWN & COUNTRY,2007,61,f2ee914df03dd1445fe2d00f289f08117a0af1d314d89e616abfb0bddd273cfd,2026-06-26
TWIN FALLS,1099,CHRYSLER,TOWN & COUNTRY,2013,65,fbeb1de55610d9ecc3221590c764ce62f709bf86c73882e024eac9df982f43b8,2026-08-06
TWIN FALLS,1099,CHRYSLER,TOWN & COUNTRY,2009,63,5f5733bc79b415ad74812589374f2ec3f540909e929089829f6d790b698ce31a,2026-09-04
TWIN FALLS,1099,DAEWOO,LEGANZA,2001,5,1a248588e426a1ad0e182959749451421913626fb815c2c893250cd0bf5cdd9f,2026-08-12
TWIN FALLS,1099,DAEWOO,NUBIRA,2000,1,290ee64377de8a75ced0d33c8e4f9a10fe2f1af92629d09bbeb20173a7b94308,2026-07-04
TWIN FALLS,1099,DODGE,AVENGER,2008,92,2129a9a2ba1d6ea9205d8b873cc5731226f4c000b782498601f837eac37a4627,2026-05-28
TWIN FALLS,1099,DODGE,AVENGER,2009,92,63407a94d83fd4fa48281411e35faebfe7ddc196dc2676c32ff3ba365c31ad69,2026-05-28
TWIN FALLS,1099,DODGE,AVENGER,2010,92,f92a2ede25e1bff704da097c08e47ffc4ba957ff7d562364e999930815730b01,2026-06-03
TWIN FALLS,1099,DODGE,AVENGER,2010,88,2c76c8b6020e8e2af7221d77fe6594238f11aa4c475edcb338616d2ed540e390,2026-06-06
TWIN FALLS,1099,DODGE,AVENGER,2014,88,f6186617cf413ea12b56e86cc48a03ae49f7c00f24cca4a112d4de54558e1e30,2026-06-30
TWIN FALLS,1099,DODGE,AVENGER,2011,94,461ea0257269088fcffe3198782b1027f00162a98eef979b0a5e5dc19535b1f6,2026-07-07
TWIN FALLS,1099,DODGE,CALIBER,2009,88,97fa11776ef3e537625c6b1d839d6f3012cd6f965b011b609d36a650d22be607,2026-07-01
TWIN FALLS,1099,DODGE,CALIBER,2008,88,e03f4d5cd9eabaaee60a63c1c2a987468674718dd013a14ce5936732299e3e01,2026-06-06
TWIN FALLS,1099,DODGE,CALIBER,2007,90,40b3dd99bbde5013173b80b4f3f52c2a6543ee4cc0d0eb0db73502d15402c694,2026-08-19
TWIN FALLS,1099,DODGE,CALIBER,2007,90,40b3dd99bbde5013173b80b4f3f52c2a6543ee4cc0d0eb0db73502d15402c694,2026-08-19
TWIN FALLS,1099,DODGE,CARAVAN,2005,58,cafae3949d0470b27845d59783a8710e0f67362f6d754890f81e4963321085bd,2026-03-09
TWIN FALLS,1099,DODGE,CARAVAN,2006,58,7870e1eed69df67dea4e1a0910ee4d267cc0b4a42d2d21427e20813fc3d88991,2026-03-13
TWIN FALLS,1099,DODGE,CARAVAN,2000,62,49832aa588a3180b7d1c0a2a46db24dd425bac50567e23dfea4f7bf78c2366a0,2026-04-02
TWIN FALLS,1099,DODGE,CARAVAN,1996,66,1f34603b69be3153f0880d30c601071cb50bf4d62d4703d890108141f585417d,2026-05-06
TWIN FALLS,1099,DODGE,CARAVAN,2003,66,ca436a04a1a577b445c86f9c56936e5025f92354983fac43575efe50a82c014a,2026-05-12
TWIN FALLS,1099,DODGE,CARAVAN,2001,59,8b72f3613578453bb504a7031ae34afe7a33205d0bf73a0b11b6a46634304e78,2026-07-07
TWIN FALLS,1099,DODGE,CHARGER,2007,92,dce9fb3c2a196314a8a7da7069737573739987691a6c8ddff9bd8039db3e4a19,2026-05-28
TWIN FALLS,1099,DODGE,CHARGER,2012,88,95774dc181c4bf1347f67aaaf8516e63d0d9e39b709c953fd2e0f6c7e951829d,2026-06-30
TWIN FALLS,1099,DODGE,CHARGER,2009,94,02222abe674e320ea5548a2f4dffd96f7842aa2d8eec6e6012050bd0ba9b5fec,2026-07-08
TWIN FALLS,1099,DODGE,CHARGER,2010,90,35094057dd4163e614ca5fa493cb1ff9efd20694c04935c138c266f41ad168af,2026-08-19
TWIN FALLS,1099,DODGE,CHARGER,2010,90,35094057dd4163e614ca5fa493cb1ff9efd20694c04935c138c266f41ad168af,2026-08-19
TWIN FALLS,1099,DODGE,COLT,1989,94,5dec691ee7ed7db8aebbf33528f5e23cf68aa702e4935e29062031955a4512e2,2026-07-21
TWIN FALLS,1099,DODGE,D150 PICKUP,1981,60,4153dc5ccdab126d3c65949a76e564944561d7278bfbb26489bfbec5ba893427,2026-03-19
TWIN FALLS,1099,DODGE,D250 PICKUP,1977,66,5cc4810f74477d2e33afca15769c7f3ec8bc455c153359cdf8d301777f9cb7c8,2026-05-08
TWIN FALLS,1099,DODGE,DAKOTA,2001,67,6571beba89ae4f227c0e15564d87fdd863a64ac94321c09bc5bffd4224125832,2026-02-11
TWIN FALLS,1099,DODGE,DAKOTA,1997,67,84febac031fe938841ff0defa8dd61eeb59b9864a83fa6aa37b7683e0bf5c0e4,2026-02-03
TWIN FALLS,1099,DODGE,DAKOTA,1999,56,282d910913e2efe9c05271e7f1279d42a73d6de4136cbe8e0a12df6eab2c2a1c,2026-02-25
TWIN FALLS,1099,DODGE,DAKOTA,2009,56,c5d32baa1bef3342ce4b89e0b7b2784aca363ad822ac44efc86509be2e49d0cb,2026-02-25
TWIN FALLS,1099,DODGE,DAKOTA,2001,56,bc12e6999c94e9ec387bdd6cd55c8b8f324e1ca7dea0f9d9672b0523f7b2bdc0,2026-02-25
TWIN FALLS,1099,DODGE,DAKOTA,1994,58,27d669243ceea818b7ac46209a56491296f901baa42d6c9829a9dce8df4d6278,2026-03-11
TWIN FALLS,1099,DODGE,DAKOTA,2005,64,866f14ccb27365c6a0afa2b3642513d1cdec2eb996962beca03f96543d757a8a,2026-04-28
TWIN FALLS,1099,DODGE,DAKOTA,2001,64,121f32021accef7006e9430a93e44c26707e8b17d88248fc56e61a623d7403a6,2026-04-28
TWIN FALLS,1099,DODGE,DAKOTA,2008,66,4635462464d10a556ca87a6f957ba8bf738a19eb6a19e4ea6d355be6cce90ab8,2026-05-06
TWIN FALLS,1099,DODGE,DAKOTA,2000,57,9279c038f259987f6376dcf3ff0646c54141ce9c9648d7bcc7dcb8faf7c1ff56,2026-06-04
TWIN FALLS,1099,DODGE,DAKOTA,2001,57,899f0c62d2de5d7c0c02e72bf6a9a94da4237d98b7ddd79b05eaf3fdb9aa6f05,2026-06-04
TWIN FALLS,1099,DODGE,DAKOTA,1999,63,2baf0bef133963133decffc667d9abfa316bf1abad1c74ccd47903a51b8c977a,2026-08-22
TWIN FALLS,1099,DODGE,DAKOTA,1989,59,9a6101615aa931b4d6c38edffd36f52517023bb502e1bc543d013c8257fa7cb3,2026-07-08
TWIN FALLS,1099,DODGE,DAKOTA,1987,59,ed634242b6beb89cdc443e62d1d268d0a099cbe0f2790f0bf9d45aa95459e90e,2026-07-14
TWIN FALLS,1099,DODGE,DAKOTA,2006,65,961a3b300af0e2a6ed19c401ed92ea68c754b99904dd567a3796c9587359910c,2026-08-06
TWIN FALLS,1099,DODGE,DAKOTA,2002,65,a1a4c2f833727aebc121521eb972694df94f521bfea3939c772e4c9de0cface6,2026-08-06
TWIN FALLS,1099,DODGE,DAKOTA,1987,65,8d6e7922ad137a0899a6b32e2922942dca8607531fbff28d5d75441a05270fc0,2026-08-06
TWIN FALLS,1099,DODGE,DAKOTA,2002,63,4371cda27062ced80a2b6ce9935e9086ce2f6d5552ecbfc701754bce84d6f0f5,2026-08-22
TWIN FALLS,1099,DODGE,DAKOTA,2002,65,a1a4c2f833727aebc121521eb972694df94f521bfea3939c772e4c9de0cface6,2026-08-06
TWIN FALLS,1099,DODGE,DAKOTA,2000,63,947b9bd9a60d559285376fa1a3b2fbbca79f3230571496072aed201c40bdfbfc,2026-08-22
TWIN FALLS,1099,DODGE,DART,2015,92,b292a276c2c631794730c3b41f7c510e0807bf415256daf135a583a79ddf029b,2026-05-28
TWIN FALLS,1099,DODGE,DART,2015,88,01b146018519c1ad1b423c196e3932246f2af46ad77ca9498aaf2613bce66e8c,2026-06-12
TWIN FALLS,1099,DODGE,DART,2015,94,576eb4639620bd337e8a9badb96c0754c7276959dd9d8b151c158ac471bef545,2026-07-21
TWIN FALLS,1099,DODGE,DART,2013,90,40bfee3c224df83ac5eee97e5b97d8d498ac7d1ce0a619b57bda31c42a7006e4,2026-08-22
TWIN FALLS,1099,DODGE,DART,2013,90,40bfee3c224df83ac5eee97e5b97d8d498ac7d1ce0a619b57bda31c42a7006e4,2026-08-22
TWIN FALLS,1099,DODGE,DURANGO,2000,56,e6ecfc087bcda25f7e62ebb5f141e707e6e5dc9b476e239e9c059942d798f6f5,2026-02-25
TWIN FALLS,1099,DODGE,DURANGO,2007,67,6c69c6b7272444be6a926929b99ba8aea6efa1821823d3e16815268b657e10dc,2026-02-03
TWIN FALLS,1099,DODGE,DURANGO,1999,58,0535638bc67213dabeac2084990360a3d79b1ab2e4b84023f5f729f61ab9f509,2026-03-09
TWIN FALLS,1099,DODGE,DURANGO,2001,62,53c0f88737db85d0d59feb309aefdf31949eca7a6244e8cc2fc16c9e6dceb0f7,2026-04-04
TWIN FALLS,1099,DODGE,DURANGO,2003,58,968009c4ac2e56d451a3feeef03b7cae83ad579dff4a95c1afda7afc4c513d62,2026-03-13
TWIN FALLS,1099,DODGE,DURANGO,2006,60,75df95ce23ba22fee42d07a566ec7f11a0226b6e524546404bc9816a0bd640b8,2026-03-19
TWIN FALLS,1099,DODGE,DURANGO,2005,62,26e4419128a273dc7391c7d339828dcb9f12e47627c08e60f12c97f17402e265,2026-04-03
TWIN FALLS,1099,DODGE,DURANGO,2004,62,5955fbaa284f4864c12541e16a824e2d61aa931a3a2f4ff49f52a90e98cb47ea,2026-04-08
TWIN FALLS,1099,DODGE,DURANGO,2004,62,5955fbaa284f4864c12541e16a824e2d61aa931a3a2f4ff49f52a90e98cb47ea,2026-04-08
TWIN FALLS,1099,DODGE,DURANGO,2000,66,77fff9baa008ab1e90402729423c171de6eac457abebc0ebb511c82af942e93a,2026-05-12
TWIN FALLS,1099,DODGE,DURANGO,2004,66,38cf687c47a246ffb6b8c31e098354ac0f073cc13ea4eb35743a9e9d93ca63b1,2026-05-08
TWIN FALLS,1099,DODGE,DURANGO,2000,57,ad1ff3ce64308626d10b606d8f327a21a85a72eb4b4dca62bf2bab496d7a8d2f,2026-06-03
TWIN FALLS,1099,DODGE,DURANGO,2003,59,76773d09e98d1c756bf34ee53b66b7fd1cbec073626839888b86fe4285f0ff87,2026-07-07
TWIN FALLS,1099,DODGE,DURANGO,2001,61,380337eb91ea99eb9a6dfb5dcd509b5af8491d7ee553fe5deca56e4db891bf84,2026-06-26
TWIN FALLS,1099,DODGE,DURANGO,2005,61,a1db2057e9728ae5bc358f8756d2a1b16cbdd0f52ebbbc1c362bb1672e8ac32d,2026-06-26
TWIN FALLS,1099,DODGE,DURANGO,1999,61,2a9f4c77e9c1efa60e391112ad474b278c9740710f78b7408d5c1245ea5208cb,2026-06-26
TWIN FALLS,1099,DODGE,DURANGO,1999,59,4f72d625bb2783aca7496084f671384fc05ef64beff9cb6d6ec52e34c3a8bfd4,2026-07-23
TWIN FALLS,1099,DODGE,DURANGO,2013,63,da90ee405a0b1f0602cb5696157bb0f6bfaad7525402fa524573a600463e0dda,2026-08-29
TWIN FALLS,1099,DODGE,DURANGO,2003,65,32862bcf43d909aedb95a21c0bda86827b14cca228d1a245126700bc1357cf77,2026-08-06
TWIN FALLS,1099,DODGE,DURANGO,2003,65,32862bcf43d909aedb95a21c0bda86827b14cca228d1a245126700bc1357cf77,2026-08-06
TWIN FALLS,1099,DODGE,DURANGO,2006,63,944be787ca697b04f7c1d97ebd314f6cce1457ecda879b85ba420ec9352f9dc2,2026-08-29
TWIN FALLS,1099,DODGE,DURANGO,2001,65,902a599f7b7b96c4fe17559e24febad0682bd3b11a4bfbf1a4ada3e0fef0682c,2026-08-21
TWIN FALLS,1099,DODGE,GRAND CARAVAN,2016,56,f6119be73aa354556d96ff8d3e266c8474bde82a1713436e10fee7989d4136b2,2026-02-27
TWIN FALLS,1099,DODGE,GRAND CARAVAN,2005,56,572f21e45c0dd7991ef6aa95d58928e32b4c36e67105b66781d71d4c3e9418ef,2026-02-25
TWIN FALLS,1099,DODGE,GRAND CARAVAN,2005,67,f768ce0e8e322f2ed64f5c8418d8f382a0c02a1dab39e6b1075054394de5ca64,2026-02-04
TWIN FALLS,1099,DODGE,GRAND CARAVAN,2001,67,ddc020b9aead919a6eb5f9bf69422aa8f75e371e426cd71c01735a4b292ce6e5,2026-02-15
TWIN FALLS,1099,DODGE,GRAND CARAVAN,2007,56,991b4f99c58dcb34218ee8e76f707061f96f63d1cd9388485102f971d419800e,2026-02-25
TWIN FALLS,1099,DODGE,GRAND CARAVAN,2005,58,8882a7b4e8b1bc49ec2e20617faff19d016dc77d7c726b41f7c6ec51e50b1130,2026-03-11
TWIN FALLS,1099,DODGE,GRAND CARAVAN,2014,56,71d4a025c6a1b528be7b8c9196558276f2c439c509e5a640f39779efaae0bd7d,2026-02-25
TWIN FALLS,1099,DODGE,GRAND CARAVAN,2005,56,572f21e45c0dd7991ef6aa95d58928e32b4c36e67105b66781d71d4c3e9418ef,2026-02-25
TWIN FALLS,1099,DODGE,GRAND CARAVAN,1993,58,12093f1fd39ee3d78450aa98ab8006bb0584765ae61d6a3649728462f52ca956,2026-03-11
TWIN FALLS,1099,DODGE,GRAND CARAVAN,2011,58,dc17a1746fdec17a48eb0a4c3a7e51a3d3cb9bc3f54390171b2050f9a9ad9333,2026-03-13
TWIN FALLS,1099,DODGE,GRAND CARAVAN,2012,58,e0560683e19f7c481f770c02d60ea8b4680a6862e7cdd4d95662fd3ade7b83d0,2026-03-13
TWIN FALLS,1099,DODGE,GRAND CARAVAN,1997,60,fcfa5e584c8748eb7b408e5e7aae2941ea91914f0f48c53259687e69d31d2113,2026-04-01
TWIN FALLS,1099,DODGE,GRAND CARAVAN,2009,64,90e9622d8bbf73aa3bd999f994789db5f18038e7d9469c2d874a30b766b869e3,2026-04-28
TWIN FALLS,1099,DODGE,GRAND CARAVAN,2013,62,f5d626afe81eddf4dde4e032d6a48bd6cf8b9d3167bba3c10ecb38d37e69b7a7,2026-04-17
TWIN FALLS,1099,DODGE,GRAND CARAVAN,2000,64,7233b2cf83546d427514480cf2f3b94028c734312f3adc180a1640eda296490b,2026-04-28
TWIN FALLS,1099,DODGE,GRAND CARAVAN,2002,66,8daa417a7aa6535e84790114ae0c8d8679fcb96d5335a5bb22e7f61d352aedfb,2026-05-08
TWIN FALLS,1099,DODGE,GRAND CARAVAN,2000,66,0a56e0b88106f08f7b7ca2283a6afde3ada1b19e7f9d0734ed6318578526a092,2026-05-06
TWIN FALLS,1099,DODGE,GRAND CARAVAN,2007,61,157b5f7ea2806d29f253a44803298f71a1ebe3aa2c5f9f66e29178ff10e4c226,2026-06-26
TWIN FALLS,1099,DODGE,GRAND CARAVAN,2011,57,8cc58fa1fd84f017aeb4d0acbeee6255cd601e66dfca47df802f98f75b1c5dd5,2026-06-03
TWIN FALLS,1099,DODGE,GRAND CARAVAN,2014,61,775aa17a875f6cef77cf4fdbaafd645e614d885f8ada5696e31ca9b13b5d274f,2026-06-28
TWIN FALLS,1099,DODGE,GRAND CARAVAN,1995,59,2c575ecdcc4d33de0880679030a4c91326a34eb3ff8379af9eb6600852865c47,2026-07-07
TWIN FALLS,1099,DODGE,GRAND CARAVAN,2006,57,18457888c4eaecc8baa7dea0cfca4fccf51d9c47a14ba6117ab83c07ab5bd74e,2026-06-17
TWIN FALLS,1099,DODGE,GRAND CARAVAN,2005,57,748bd8cfe1ef984208cef273215bbddb2501525118e27c297682c3caabf6c007,2026-06-16
TWIN FALLS,1099,DODGE,GRAND CARAVAN,2006,61,c171cba31a5d58862271e38ec86bb31440808a6159430fe43bcb491aee463099,2026-06-26
TWIN FALLS,1099,DODGE,GRAND CARAVAN,2005,61,d6250eb920bec491f659d0c3bfeff16da15a911fccf3ce08a33febde61e9d731,2026-06-26
TWIN FALLS,1099,DODGE,GRAND CARAVAN,2005,63,d2811b9d8017476ba1b69ee86bd358a21a7ed45d8c3e386a95886f6c5f1a737d,2026-08-29
TWIN FALLS,1099,DODGE,GRAND CARAVAN,2007,61,157b5f7ea2806d29f253a44803298f71a1ebe3aa2c5f9f66e29178ff10e4c226,2026-06-26
TWIN FALLS,1099,DODGE,GRAND CARAVAN,1993,61,f5a17c42f4b88b4c71fc4fb09c74b90fb4840d45c076563b1f21ab75bc2664e4,2026-06-30
TWIN FALLS,1099,DODGE,GRAND CARAVAN,2014,65,ced4602fffd71c2b94601558d7abe9e266f97cb9df0d4516d5c1eff666f170be,2026-08-06
TWIN FALLS,1099,DODGE,GRAND CARAVAN,2008,63,3a11589c2b272c3e2dc5c80fb39f578d54b7f8c518a3345359604ff980551ac7,2026-08-22
TWIN FALLS,1099,DODGE,GRAND CARAVAN,2003,63,e142515cc12d548bf04861a1292dd6bfadaae110e7ba2c5a48948448117a1a9a,2026-08-29
TWIN FALLS,1099,DODGE,INTREPID,2004,92,4016a85a55298b1979b0e8fcf9067151d19e706b89f4286b13b937a54e3c8a9e,2026-05-28
TWIN FALLS,1099,DODGE,INTREPID,1999,92,f0a8d74c70db5f9d1f48145cb1e3c0f7be42ccc17936cc80d49d6516d943d1c9,2026-05-28
TWIN FALLS,1099,DODGE,INTREPID,1997,92,b5615e151fb2e418a0d2af9deb101b9248760431313bdec2fc25111c498cd24d,2026-05-29
TWIN FALLS,1099,DODGE,INTREPID,2000,94,f1064b85aee16a44df61dbf055ec4b32e141e13b108924be3404368fcd129b5d,2026-07-21
TWIN FALLS,1099,DODGE,INTREPID,2002,90,e449ab4973769bbabbc74e2af246a903f04b21466dd9fa6afc47695808e4ce50,2026-08-29
TWIN FALLS,1099,DODGE,JOURNEY,2017,67,0a919fbabc5e752d2dd08ed280460f89ff7da62e4096337ff8f9bdcf07d1209c,2026-02-11
TWIN FALLS,1099,DODGE,JOURNEY,2012,56,764a5e7b6dc1fc08613eaa652a968437017c68bc5f17ed006a79b08951776d8d,2026-02-25
TWIN FALLS,1099,DODGE,JOURNEY,2016,58,0e114128e9529fb7e72c13c3191579f00d187e43197ea82c67c89990d71641f1,2026-03-09
TWIN FALLS,1099,DODGE,JOURNEY,2009,60,11a504f521824ad43a53aeb864fb7504207a560e2d0bf1192cd0260d13d2b341,2026-03-19
TWIN FALLS,1099,DODGE,JOURNEY,2010,61,dd6cba835b406066292d9391be2bf8b2c7aa13746ea3fd917adf6e5ad704055b,2026-06-26
TWIN FALLS,1099,DODGE,MAGNUM,2008,88,4dbbff3c83ba629ba3b4d0eefd2e58a752e5456cfc557da6f56d629da93c3138,2026-06-16
TWIN FALLS,1099,DODGE,NEON,2004,92,535f846c9fbf77fa965bfc728c50ff0375d5ed812d5f278d6778556b3821008b,2026-05-28
TWIN FALLS,1099,DODGE,NEON,2005,88,d1ea851db2f6338f9743ffa8e94dd2985eea3f06d034241c2ee6a0f5bf78d883,2026-06-10
TWIN FALLS,1099,DODGE,NEON,2004,61,b3cde338abb63f930c49e03e43c0789737b8c279bb28e9d186a4214065f32b26,2026-07-01
TWIN FALLS,1099,DODGE,NEON,2002,88,07b23b3b9f3cff10bda8745e56a893675b13351b774eae790a69dab6db0b52a0,2026-06-30
TWIN FALLS,1099,DODGE,NEON,2005,88,d1ea851db2f6338f9743ffa8e94dd2985eea3f06d034241c2ee6a0f5bf78d883,2026-06-10
TWIN FALLS,1099,DODGE,NEON,2004,94,4e64071df356c4eb10bf2ac9bbce0d33bd8ca5c5ba52c893057bff38db6c749a,2026-07-07
TWIN FALLS,1099,DODGE,NEON,2004,94,4e64071df356c4eb10bf2ac9bbce0d33bd8ca5c5ba52c893057bff38db6c749a,2026-07-07
TWIN FALLS,1099,DODGE,NEON,2001,90,556506c3680116178c8e3760156d8e12dac1084eeb3e456e80cd29fd01faa121,2026-08-29
TWIN FALLS,1099,DODGE,NEON,2005,90,2190dbbfb06c649a9cc347f2e46b86601dcb73241e4df88baa6330ac910f094e,2026-08-19
TWIN FALLS,1099,DODGE,NITRO,2007,56,9ed4b34478b1e4ffda0d40285d1cc99b3f683caa3fcfe890b6990b66dce9ab37,2026-02-25
TWIN FALLS,1099,DODGE,NITRO,2007,60,7dfbfe2b7c9b475eb5ecc66655c4772a39939bdee1a93118fd895c251b071ba3,2026-03-27
TWIN FALLS,1099,DODGE,NITRO,2007,57,ef61f39f6afd382c8406ce20ed5c9f1ce06799ff968077aca9a744271e52a000,2026-06-03
TWIN FALLS,1099,DODGE,RAM PICKUP,2009,67,6888d7c2d9808b8ec5f9d87a16b74d1551cadcaaf13a9137c0f4da8cc55ccd13,2026-02-05
TWIN FALLS,1099,DODGE,RAM PICKUP,2005,67,b30c5160d5849944ad192969d979111f6085536270afda6c318aacb910cb092e,2026-02-11
TWIN FALLS,1099,DODGE,RAM PICKUP,1999,67,dadbaece3b584785008991ac3e7d84dd9115537df6465d9c46ea9ed8725f34a7,2026-02-15
TWIN FALLS,1099,DODGE,RAM PICKUP,2004,67,131e933637e7e1d55979d1edf77d893e06e987b5e9dc25d1c63f66bf389baf48,2026-02-11
TWIN FALLS,1099,DODGE,RAM PICKUP,1995,60,de1c2f50063b27a209601aad0060c09d06ea34d8279bb615359e83479afe2568,2026-03-19
TWIN FALLS,1099,DODGE,RAM PICKUP,1997,64,48954a669955c0903c568d427fb593b71023042e5846453a0f45dbce48726362,2026-04-28
TWIN FALLS,1099,DODGE,RAM PICKUP,2001,58,bd1d7f5abdba5e5d47b078476cd8d84ae8daf048c0ab5d30519626beb3bf4437,2026-03-09
TWIN FALLS,1099,DODGE,RAM PICKUP,2003,64,220d704fed3b7e76cf63370901e7e08d5f1d5fb2cf9543f67119963f104f9fbc,2026-04-28
TWIN FALLS,1099,DODGE,RAM PICKUP,2001,64,94e9bfabc5bec7a68e319fb1af3c1f64b5a3f21382d725b5a48b27e7ca2e31d0,2026-04-28
TWIN FALLS,1099,DODGE,RAM PICKUP,1995,62,d0628a299763cdf614d11d981b194d4e371062808f49515acbcb89f554276c7c,2026-04-16
TWIN FALLS,1099,DODGE,RAM PICKUP,1997,64,48954a669955c0903c568d427fb593b71023042e5846453a0f45dbce48726362,2026-04-28
TWIN FALLS,1099,DODGE,RAM PICKUP,2001,66,6497e752dadc9fb241b05fe7914533cb6403e31db35efc035863c8479d235ff8,2026-05-08
TWIN FALLS,1099,DODGE,RAM PICKUP,2006,66,f0dea73a21cc985fa2edb2490c14ac878ff070dc18956e49e3be99eec01a3db2,2026-05-06
TWIN FALLS,1099,DODGE,RAM PICKUP,2006,57,25b40320de9f97cccde3a853bccb36324851322bd6c0a973bbcde95611e9a613,2026-06-12
TWIN FALLS,1099,DODGE,RAM PICKUP,2011,59,13b9dd0399e5d8aaf87a428b9a64a61d556fd7d76e0a78127166872a6194d9ae,2026-07-07
TWIN FALLS,1099,DODGE,RAM PICKUP,1996,61,fd23e7e552f2706751efc700bb98f1383f4fb16141b794d2051b63860abcbe05,2026-06-26
TWIN FALLS,1099,DODGE,RAM PICKUP,1999,59,e7d2a98b778e76e710adb5c47ca54d518c94a3877446b8df208149852be91151,2026-07-07
TWIN FALLS,1099,DODGE,RAM PICKUP,2002,59,b54c775bad0def49272bde89d7752dbe3a6f59055dc0936c9e6e0f1719e7cc7d,2026-07-15
TWIN FALLS,1099,DODGE,RAM PICKUP,2001,59,45230e48ad2104010037ceb23d3436eff88fd4605d02eef2be23c2aa3e547971,2026-07-23
TWIN FALLS,1099,DODGE,RAM PICKUP,2004,65,1d69cd56c53c9cfa135cbbfdd682ae8df3076cf217ce779d5e2c29336b3f1be3,2026-08-06
TWIN FALLS,1099,DODGE,RAM PICKUP,2009,63,304ef95f29a9f19160853c442346ee9913d75d220f5d96d158d783fdad1ada74,2026-08-22
TWIN FALLS,1099,DODGE,RAM PICKUP,2002,63,706ab738666dd982eba52e8c8400a36583e311b90197dcf0b9b6e992b742c576,2026-08-22
TWIN FALLS,1099,DODGE,RAM PICKUP,2008,63,2c4d011a8e8f798ae525dd5ef2cd6893b3e5b50b522ae789c860426bd87f22c2,2026-08-22
TWIN FALLS,1099,DODGE,RAM PICKUP,2002,63,706ab738666dd982eba52e8c8400a36583e311b90197dcf0b9b6e992b742c576,2026-08-22
TWIN FALLS,1099,DODGE,RAM PICKUP,2008,63,2c4d011a8e8f798ae525dd5ef2cd6893b3e5b50b522ae789c860426bd87f22c2,2026-08-22
TWIN FALLS,1099,DODGE,RAM VAN,1997,60,0fca86e7b774b19b20f8b8ca4c4a98445e1ae67efe8bc6687177841cc67fde9e,2026-03-20
TWIN FALLS,1099,DODGE,RAM VAN,1985,64,818f86a9d9205751caaba3e99c10afdd9be876fc0df83f1818d750a7cb0e0489,2026-04-28
TWIN FALLS,1099,DODGE,RAM VAN,1981,59,81e256023565bacfe7531259aa757d6e5913ca0471087e012506b6fd3536ab14,2026-07-14
TWIN FALLS,1099,DODGE,RAM VAN,1988,59,14704100177726295db3aed589cec432d8206164fa3e818ccb8d123ff74296e1,2026-07-14
TWIN FALLS,1099,DODGE,STRATUS,1999,88,5f892916198ae46c06c2634c96de5e6e07101cfb3ce2c846139a692f4d4eaba1,2026-06-30
TWIN FALLS,1099,DODGE,STRATUS,2004,88,3221e3e062cc796c1aaf3dfca5f63f879533cedf5d2fe2df7f3791b7c44481bd,2026-06-12
TWIN FALLS,1099,DODGE,STRATUS,2005,90,4446793252c11b13edbd1a62e569aa45ababb2c0bc6809eb74c50531a23587fe,2026-09-04
TWIN FALLS,1099,DODGE,W150 PICKUP,1985,59,29e1e88acfdd3c3601bcf3abb856644284c2eb9da70ffc82ff1d6506f5cb8c13,2026-07-07
TWIN FALLS,1099,FIAT,500,2015,24,c0d1e7d5ec1e946354353fa74f859f9faa1cabe274b5050edb1be288527b1593,2026-06-20
TWIN FALLS,1099,FIAT,500L,2014,19,ed409134031bfa44f438184fec529b64bf4bfdeaa07ed2c2edb4f927f2a80d82,2026-08-18
TWIN FALLS,1099,FIAT,FIAT,1973,24,995638c0e7b9c29f9aee82e66486ae244184a5e32242709034a556e6bdfa00e4,2026-06-20
TWIN FALLS,1099,FIAT,SPYDER,1972,16,ef884c47c6a680cf7bbe72ea6ac2daf65b2146015ee68d739d346a6f9d92f0c7,2026-08-06
TWIN FALLS,1099,FORD,AEROSTAR,1989,28,b74fcb5e3722f01619920043116a33add214dbc2029b03a88fa217b2698b82b6,2026-04-29
TWIN FALLS,1099,FORD,AEROSTAR,1991,35,cf27c7e63cd7cde81cb55728f22370fd842db2d33ec664a6d379abd031a50742,2026-05-20
TWIN FALLS,1099,FORD,ASPIRE,1995,85,7c3f5c1a0ec573cf92a3b9e5de612de23e5405e3f6e7d968b7154b07ccc6da66,2026-05-28
TWIN FALLS,1099,FORD,ASPIRE,1997,80,bab451b5fbdcfa4ef43b6eb8952ab4f5d1029e09937f25680a186b2e151ecdc0,2026-06-28
TWIN FALLS,1099,FORD,BRONCO,1982,33,31d1b41dac4b19ad764a1fe6236c755ef54b7a8242694f3026add8ca0d8610da,2026-08-12
TWIN FALLS,1099,FORD,BRONCO II,1988,42,995830132b458103dad62a50df9700065acaf43b8dad086d76f44aef83cd8c71,2026-07-02
TWIN FALLS,1099,FORD,CONTOUR,1998,82,a6edcf8580f2b8d625fc528a93f71c012912cdbcb1223a61dc8067717540e356,2026-07-28
TWIN FALLS,1099,FORD,CROWN VICTORIA,1994,81,59a6769eb82e52b8d053b1007a7b1565665fa146a283f6bd86c6520d909035b8,2026-04-04
TWIN FALLS,1099,FORD,CROWN VICTORIA,2000,85,02059b4ce6947682debbe739568ea1e9f4cea083de379d207b222e6bc291fefa,2026-05-22
TWIN FALLS,1099,FORD,CROWN VICTORIA,1998,85,f8a8072c5876f6dd33c23531347a1947724eb9c8440a0ec7671d26b98e49f6e9,2026-05-22
TWIN FALLS,1099,FORD,E-350 WAGON,1997,38,ea3169cce69443cbdaf0be55acee9accc671d78b7b2f21211895d431de7916bf,2026-04-09
TWIN FALLS,1099,FORD,ECONOLINE,2011,31,7ff825341a2751263a9c7e31e8d06a3f402c607a7c8f373c38e8aa5f4f9fb982,2025-10-16
TWIN FALLS,1099,FORD,ECONOLINE,1996,37,e5bc3098039e0e18c6fd301b17570e8d0287cbd6a89045d5a1c98c4b646b4204,2025-10-31
TWIN FALLS,1099,FORD,ECONOLINE,2007,31,4af7a441b7a321e7b80f1081050e9fdd44a5945eeb7be5e7b7676649a743ecc0,2025-10-16
TWIN FALLS,1099,FORD,ECONOLINE,2005,39,f0364c925c9cb3f48205b7876ae435fc61408466c75a6639ddbb4b83fc8226d1,2026-02-15
TWIN FALLS,1099,FORD,ECONOLINE,2009,28,6c95bab226f7bbf1cf61f486b19952e7864a7cdb1d98fa7c7e6be64c094120e6,2026-04-15
TWIN FALLS,1099,FORD,ECONOLINE,2012,30,974c54102c09be8586d8f2770743dcc3aa829ab103b24743bbecae33ca3be425,2026-07-23
TWIN FALLS,1099,FORD,ECONOLINE,1987,42,326ab948ebcc1646169c075356ae6f75aacc43bcc95c47a25696df6285be4be9,2026-07-02
TWIN FALLS,1099,FORD,ECONOLINE WAGON,2007,28,4a1d5ddb7c57dd9ffbe609ba7a215a211475f34e02013438d837df048058b915,2026-04-15
TWIN FALLS,1099,FORD,ECONOLINE WAGON,2010,33,9e6c166b2054e1520f7494d54989cf774d6010f3b8c7343bc215791e12854853,2026-08-04
TWIN FALLS,1099,FORD,EDGE,2013,37,282742903160ba1a96377e93aec8f7d9ec0d28a8fe049c8e01109457e032042c,2025-10-30
TWIN FALLS,1099,FORD,ESCAPE,2003,34,59221733efc3a9177601393020897967ba41b381310f8793cfc23b931a5218d5,2025-10-23
TWIN FALLS,1099,FORD,ESCAPE,2001,31,a7d3a24a668fd5d81c0b77c38845cdb53792413036a900a27e1eb7342f32972d,2025-10-16
TWIN FALLS,1099,FORD,ESCAPE,2005,34,95e105e72db87aa0b969f2fa60348745ec4a4018cd00504f509f78c592241012,2025-10-23
TWIN FALLS,1099,FORD,ESCAPE,2003,34,59221733efc3a9177601393020897967ba41b381310f8793cfc23b931a5218d5,2025-10-23
TWIN FALLS,1099,FORD,ESCAPE,2008,34,7660d5e539102bcb53ec4fdb1763c0669fb20fe7b579e598bdfe9b3d4440ac9e,2025-10-23
TWIN FALLS,1099,FORD,ESCAPE,2010,31,0a00e42c34a50ac3aaeea22a8f32e195d9d4b46495bed3f8e83b55bcf77f91c3,2025-10-16
TWIN FALLS,1099,FORD,ESCAPE,2008,34,7660d5e539102bcb53ec4fdb1763c0669fb20fe7b579e598bdfe9b3d4440ac9e,2025-10-23
TWIN FALLS,1099,FORD,ESCAPE,2003,37,9f4abc3f60994255e798adf19d9e04d9161d4a6d1b7470b935c9bc51fe3503f8,2025-10-31
TWIN FALLS,1099,FORD,ESCAPE,2008,39,cee1580bfe29300ef51779a5407a1ed844a0b16bd0217aba68091bbc17c57a88,2026-02-15
TWIN FALLS,1099,FORD,ESCAPE,2005,29,8f3b9d1d24e0af12304118fc72c9da33192d6a23465939a8175083feeac96b95,2026-03-13
TWIN FALLS,1099,FORD,ESCAPE,2008,29,30084bbf00ac3b376472cfb18a98bf90c7e120720c6c144d846d66a4663cc29e,2026-02-25
TWIN FALLS,1099,FORD,ESCAPE,2008,30,7e1580609ff3aab07b25bc704274a092c4589c57ea28e574e9f6a936cd421d95,2026-07-15
TWIN FALLS,1099,FORD,ESCAPE,2013,42,a7365b5f4318d79d1d9704a88abe1e1b1df681c1be0371438be62573bfedc0eb,2026-06-26
TWIN FALLS,1099,FORD,ESCAPE,2011,36,503e290e4a0797384779754037aedc4bc83198a6263868ddac4db3c74c7210b5,2026-09-08
TWIN FALLS,1099,FORD,ESCORT,1999,81,c5d51828abbd8bf4f8f221d8628e46b0bae662fc3c66e7e69e7c594c41f5e725,2026-04-04
TWIN FALLS,1099,FORD,ESCORT,1998,83,0828891a75eae880ed57c798168d66c5b27821aea558183e1c6e19e387fb71b9,2026-05-12
TWIN FALLS,1099,FORD,ESCORT,1995,80,22ab28ecef944ab882edd2cfc66d306769c7d1907dde4df52842c7b5ae4f3304,2026-06-28
TWIN FALLS,1099,FORD,ESCORT,1993,80,c7e5bc0b418ec1de1c53497d51122092bf4aa6f03d8c67b3792dc45ffa33c63d,2026-06-30
TWIN FALLS,1099,FORD,ESCORT,2001,82,381b713656ee94c55d08b99f46c6abc837002c2f94049233e1c8a2252326a5f0,2026-07-15
TWIN FALLS,1099,FORD,ESCORT,1997,82,199f9c619950b38e2fe352fca743a0015d111e13cff54bf922d0170e6e1c3d35,2026-07-15
TWIN FALLS,1099,FORD,ESCORT,1999,86,6cf32bdfe1390642379abb1194263204e8f55845537f60c97192d6e889056f45,2026-08-29
TWIN FALLS,1099,FORD,ESCORT ZX2,2002,81,e44e1f7b8a066ffc4608223ddb114694c30314fb8f4ac35004f11172e246b7da,2026-04-04
TWIN FALLS,1099,FORD,EXCURSION,2000,39,bb34aca48c370fff3b5a51e584b50dfa76c3f72af301e3634c1293997dcd0a73,2026-02-15
TWIN FALLS,1099,FORD,EXCURSION,2004,29,932fa9dbfd527b0e47a9c5c9c38c9aa7e96316792ce0c4cc4eef2892ec20d943,2026-02-25
TWIN FALLS,1099,FORD,EXPEDITION,2011,31,c52047d277b61fd54834310397828949c09e4fd8a1efd6b783693e3ca981d222,2025-10-16
TWIN FALLS,1099,FORD,EXPEDITION,2003,39,ff11f54edce676da2ac27b200f33d828fd1dc8ba809c31c7c8f0c24bca24060f,2026-02-15
TWIN FALLS,1099,FORD,EXPEDITION,1998,39,655d162a30182766829113b4c871c0ddb72f2a4f8377fa3aab3b32f1f0463e64,2026-02-15
TWIN FALLS,1099,FORD,EXPEDITION,1998,39,655d162a30182766829113b4c871c0ddb72f2a4f8377fa3aab3b32f1f0463e64,2026-02-15
TWIN FALLS,1099,FORD,EXPEDITION,2000,39,32933b484bbe89fb0fe76a6f26b496cfe709f7f86847d23925d4ef2c4001af41,2026-02-18
TWIN FALLS,1099,FORD,EXPEDITION,2005,41,7d107452ccabfab15c8fb77c975cb0fa9ada51a5f2df58f67b872b5e029b7677,2026-03-18
TWIN FALLS,1099,FORD,EXPEDITION,2000,32,2cc6e27a73a2643d9fdba4798674ca6a238a8cf5b323932e739b9ecc143acad5,2026-03-25
TWIN FALLS,1099,FORD,EXPEDITION,1997,32,406f15a5ab0a38b54544dc5ad35f6617b417dbcd932b8302676e76144be4df6d,2026-03-09
TWIN FALLS,1099,FORD,EXPEDITION,1999,41,d1496c1d37a9ce6bcf75d6d96a4d0ad3aebd013592f4a04c1318c474dc1f2ab2,2026-03-18
TWIN FALLS,1099,FORD,EXPEDITION,1998,41,312fbc75dd34d114b15b425d8beecc05c81764348e15e0e3d059ebffebab5ede,2026-03-27
TWIN FALLS,1099,FORD,EXPEDITION,2012,43,e725d2245135b74d78f51f3f27bbb74c01fd8fd1bd357c7332d28c009613d1b2,2026-05-08
TWIN FALLS,1099,FORD,EXPEDITION,2006,38,d7ef420ce157d657792d76ecb621ace0999bc894f59c220791a23b6e89be0ae9,2026-04-08
TWIN FALLS,1099,FORD,EXPEDITION,2000,38,c530e0d5f1870f80418a78c724580c668ef6619d310bc976193c9f52d04970c0,2026-04-08
TWIN FALLS,1099,FORD,EXPEDITION,2001,28,6be21028cf0d50a307806a0134a045d1150755711cd26b2896476854c18f3868,2026-04-16
TWIN FALLS,1099,FORD,EXPEDITION,2002,28,3f2e4bd42f81dad6876db649308135bf9e1232ead5d65fe63ce4f4d755c7a92c,2026-04-15
TWIN FALLS,1099,FORD,EXPEDITION,2004,28,16c30a4b98f9dc2d91d453b0548bd31a4616a6b71cc786d2e021323e8567412b,2025-10-04
TWIN FALLS,1099,FORD,EXPEDITION,2001,38,b54f338884de086e2d28a6435fa325c49fb827a348f026d603bfb9cdad5da5b1,2026-04-24
TWIN FALLS,1099,FORD,EXPEDITION,2002,43,be93c30c4842fc3d09fcd171b5751687bb55cc0a8869604576451b125ccce018,2026-05-08
TWIN FALLS,1099,FORD,EXPEDITION,2000,35,50a481781ed71235d26e9d87ddddf7319a2c173418a100f2d18efc66f25cf965,2026-05-20
TWIN FALLS,1099,FORD,EXPEDITION,2006,35,44f954e3d5a40bd36c38764100de8672719e90f3333b3d910bf0648ba1e4a5e5,2026-05-22
TWIN FALLS,1099,FORD,EXPEDITION,2007,35,2e3eb22775072bf6047f52a9ab5933ded5cf226168adc6919a92f14ae57ed865,2026-05-20
TWIN FALLS,1099,FORD,EXPEDITION,2000,40,31a7bb915aca86b7d2e9e5f451143713e868c9f76965ce11ab9dc5be435ec61e,2026-06-13
TWIN FALLS,1099,FORD,EXPEDITION,2001,42,20b6298146d215defa5d3b079272c3c1605e4979d69591d4e0184e80c66f6a2a,2026-06-26
TWIN FALLS,1099,FORD,EXPEDITION,2001,30,e9f90803aa89ee4a3de2ce662832ffd5614fcc492bd411f9a3fb908224adad47,2026-07-15
TWIN FALLS,1099,FORD,EXPEDITION,2008,30,c3cf4e9087a944adeb5213c174f5dc6fc6d3f9452e7f9ad803ed5f76144cfb3b,2026-07-30
TWIN FALLS,1099,FORD,EXPEDITION,2004,33,1e4680a7e30654f599845dfb665f66717fecb43f23e224d7f5389dda568c7acd,2026-08-12
TWIN FALLS,1099,FORD,EXPEDITION,1998,33,dbc572e1c8b7e1c913395d5f128e56ff4c46f2d8fb6df94565da5541e35ce229,2026-08-07
TWIN FALLS,1099,FORD,EXPEDITION,2004,36,0b1ef153d101efdffb394bae057b65f41d06a839199f0e90bd14be8daba6aa94,2026-09-08
TWIN FALLS,1099,FORD,EXPEDITION,1998,36,7185f561323fc3512f165c35d6b5db5e6a1ca8c2e1406d2d3137fc5fe148ae13,2026-09-08
TWIN FALLS,1099,FORD,EXPEDITION,2005,33,28868ddacf268ef84509372c560a5c6122b4ddcc86839135675eaa87ca96d563,2026-08-21
TWIN FALLS,1099,FORD,EXPEDITION EL,2008,28,daa9d17a69ab2d113186bd02cde3e4861cf6cef6fefdb1344f5a4926b6f274f7,2026-04-29
TWIN FALLS,1099,FORD,EXPEDITION EL,2010,40,b50e4536415d6a3b35b9cfd2d4fa3c0c28f6349848148a7f14e00f361804781e,2026-06-13
TWIN FALLS,1099,FORD,EXPLORER,2013,39,7bacdd4528ef9a159f8eb37a10f99ef9b4066315dd4cfb2a390f1da2e06da8ff,2026-09-02
TWIN FALLS,1099,FORD,EXPLORER,2005,31,98bc15a4b5787c2049bcb97578fab6992c62e1f286828236c4657436cb6140c5,2025-10-17
TWIN FALLS,1099,FORD,EXPLORER,1997,37,5763a34a78a0aa96bb9070550b4a11203c408a4983587b0e6aea7879d3f5cd01,2025-10-30
TWIN FALLS,1099,FORD,EXPLORER,2003,37,8fa813ee5be80caa8c32f9870f31c165d2511f62b26df93bff60c1295a6c6243,2025-10-31
TWIN FALLS,1099,FORD,EXPLORER,1994,34,11f5e9f3eb6b042a94968365b389bdcb2397ac34d777cd7650ba1a008f43df6f,2025-10-26
TWIN FALLS,1099,FORD,EXPLORER,1996,37,471580c1e1c14ebd4dd6a53456cc7f169620c7009b2ffe55af412c5d5203a77f,2025-10-31
TWIN FALLS,1099,FORD,EXPLORER,2008,39,0f959bf6ffe93ba871d040ad362ca37cd2eaaca5c773b25f5a0f1ec1baf01137,2026-02-15
TWIN FALLS,1099,FORD,EXPLORER,2009,39,3a1957bd7db42c45bdf870f2046d379ed6bc874c064e59a97bc6fa426a982299,2026-02-15
TWIN FALLS,1099,FORD,EXPLORER,1996,39,93de08a019e7cebf96ef3cdd84276549a617df1a6c31925cfb7370d9f664cf34,2026-02-15
TWIN FALLS,1099,FORD,EXPLORER,2000,39,c8e081f986c17e4a86de58abf1d8684054864e2a5075952f2726ff1df83525d5,2026-02-18
TWIN FALLS,1099,FORD,EXPLORER,2013,29,1a33be731fe052ceafa311c1908af6126dd89e018ad4b4cfa378ef6037196c41,2026-02-25
TWIN FALLS,1099,FORD,EXPLORER,2001,29,5bd115b7df082bb24315bbba7f6b0c6023d4162b530c9386b376f6a69afda53f,2026-02-25
TWIN FALLS,1099,FORD,EXPLORER,2001,29,5bd115b7df082bb24315bbba7f6b0c6023d4162b530c9386b376f6a69afda53f,2026-02-25
TWIN FALLS,1099,FORD,EXPLORER,2008,29,8dc065b30c9bdb82d8d39ad2a2eb3625731668db5dcc80e3480b42f72efeb542,2026-02-25
TWIN FALLS,1099,FORD,EXPLORER,1995,32,bc811511275d9ead5c32a4a44ddd48b0297054234c894636658f66719f83a521,2026-03-11
TWIN FALLS,1099,FORD,EXPLORER,1996,41,64f65e3b04cbfd2882929e1097bec028f661887ed18113edffce75d59ebadd8a,2026-03-18
TWIN FALLS,1099,FORD,EXPLORER,2003,32,04e3be1db786036414684ab1577983a786f191c3515cbd4024316bfbaae680bc,2026-03-11
TWIN FALLS,1099,FORD,EXPLORER,2006,32,21f454dcffe621d600f2def7598f964d2153136a56e2726ef2e19e0a114b9356,2026-03-09
TWIN FALLS,1099,FORD,EXPLORER,2004,32,80efc1347740203b0ec02bc82cdc981b6a28b9f678d4dbfefb2e845813c60a93,2026-03-09
TWIN FALLS,1099,FORD,EXPLORER,2004,41,a8e808fe0ff98266642d1a61fda898a76e0c11bb26d716c3b23d25fed474d13a,2026-04-01
TWIN FALLS,1099,FORD,EXPLORER,2002,41,b0f81cdf68b9e5f464e1325736bb48191ae09fde39b090e88f10b8d9855965da,2026-03-31
TWIN FALLS,1099,FORD,EXPLORER,2010,28,dd980a4d4d23dae62bbd120cfeab67e2fc34c610f27e1355e343135e20658d37,2026-04-15
TWIN FALLS,1099,FORD,EXPLORER,1999,38,36b52558220495233b38a1fb084f22b82dda426b482ddde9ac47a069a1002318,2026-04-08
TWIN FALLS,1099,FORD,EXPLORER,1997,38,acae3e5024415fc4bab2a9827864a264943450481a77ea46511deb86b1901ded,2026-04-08
TWIN FALLS,1099,FORD,EXPLORER,1996,28,54619e59b459b0040790f8a0812150765ad850ea4b900e2566643504271b8f12,2025-10-02
TWIN FALLS,1099,FORD,EXPLORER,2002,38,bb31d6bcc760f90dae6e1eaece66a672d9164b25361f05065353629430e23ce7,2026-04-14
TWIN FALLS,1099,FORD,EXPLORER,2004,38,60a6dc9da9c6d5bbf39c6cec8625abbd3c4f872cdb3996f762302316e1afbdc2,2026-04-14
TWIN FALLS,1099,FORD,EXPLORER,2003,28,6c1920b7fd3c56459e7cdcb80f456bd4cf484e725d78360f2df939beec0d9f3f,2026-04-15
TWIN FALLS,1099,FORD,EXPLORER,2003,28,6c1920b7fd3c56459e7cdcb80f456bd4cf484e725d78360f2df939beec0d9f3f,2026-04-15
TWIN FALLS,1099,FORD,EXPLORER,1998,28,746f19ddea298a24048810b39cd5f6c0e7bcbd82bface3e6ab3118718f90f111,2026-04-16
TWIN FALLS,1099,FORD,EXPLORER,2004,43,381bc90a9518c5c645f53af78277e991bc9e56b833e79b01fe4db69c681bfd07,2026-05-10
TWIN FALLS,1099,FORD,EXPLORER,2002,43,c91a48f203f6730fbc8a8b9409f3dbc0788f65dcab8a4a55e3ed9d01dc26af96,2026-05-10
TWIN FALLS,1099,FORD,EXPLORER,2001,43,d1d2a66905acc95cc97e9355f233240552553f6458b71f56a8cdad04d3ca66df,2026-05-08
TWIN FALLS,1099,FORD,EXPLORER,2004,35,02a133ba4a4c93de29ee1379ee2c3695519cad1a9702648ba8d572a60098a160,2026-05-14
TWIN FALLS,1099,FORD,EXPLORER,1994,43,c909dcd0882f781f7e325287589b3bd04c39693c5be016e39b0174f579bb8078,2026-05-08
TWIN FALLS,1099,FORD,EXPLORER,1998,43,87852c3d3aad5734fb3fada584d4c805389f9a11389f6275c2a034232855ecaf,2026-05-08
TWIN FALLS,1099,FORD,EXPLORER,2007,43,91223996695673e972a85833572587e012b4bb659275276153171b76ca802b1a,2026-05-08
TWIN FALLS,1099,FORD,EXPLORER,2006,35,bade868000e03783eff16a1684c2984465fe3932b61a54cc1cc39460876972a5,2026-05-14
TWIN FALLS,1099,FORD,EXPLORER,1999,40,1d122dc8ea3777da79e7e2fe3eefc35151eaa61f309f7355ff87f9c98ac46e23,2026-06-13
TWIN FALLS,1099,FORD,EXPLORER,1991,40,03e47b1c6e38fa28e47e6e519023f3c0ed8b7d2977b34ff4ef5abadd2282c3a6,2026-06-13
TWIN FALLS,1099,FORD,EXPLORER,1995,40,d339756091fd75fdc71ce7f34d4dbc38c6997856f93be108459b8589209c88bf,2026-06-13
TWIN FALLS,1099,FORD,EXPLORER,2000,40,1dbda9dc3708c66bf914aca112f093271788a9fb426ec50d47395510b0bf1718,2026-06-13
TWIN FALLS,1099,FORD,EXPLORER,2003,40,a830835e0b83a86e50cccadac2d4c481439c994cb085e5fde69ff83f693efe33,2026-06-13
TWIN FALLS,1099,FORD,EXPLORER,1996,40,b3cac9bdc78b063348dd28210c7bb042b6bd9a1371966a4a02ce428352ec8439,2026-06-13
TWIN FALLS,1099,FORD,EXPLORER,1997,40,5172e0f8a978ec232330aa4ed0579a45b7ac58775a27325133f7cdecd2aad2ab,2026-06-13
TWIN FALLS,1099,FORD,EXPLORER,2003,40,a830835e0b83a86e50cccadac2d4c481439c994cb085e5fde69ff83f693efe33,2026-06-13
TWIN FALLS,1099,FORD,EXPLORER,1996,40,b3cac9bdc78b063348dd28210c7bb042b6bd9a1371966a4a02ce428352ec8439,2026-06-13
TWIN FALLS,1099,FORD,EXPLORER,2007,42,87ba583e1fcc21920f0df2f8d0b4bb5876cd06921a93de27d7e02a0bf35b624a,2026-06-26
TWIN FALLS,1099,FORD,EXPLORER,2002,30,e5b7e6e5b4b4d5f8fd52fb579cdf5ef4f95e22c218b36747dc7cb742b3ab6412,2026-07-15
TWIN FALLS,1099,FORD,EXPLORER,2002,30,e5b7e6e5b4b4d5f8fd52fb579cdf5ef4f95e22c218b36747dc7cb742b3ab6412,2026-07-15
TWIN FALLS,1099,FORD,EXPLORER,2005,30,7e23aa155c0ff164520023ec10eebc9ce3c7bb226a54e2ffac5bb4c251a8bf49,2026-07-15
TWIN FALLS,1099,FORD,EXPLORER,2002,30,e5b7e6e5b4b4d5f8fd52fb579cdf5ef4f95e22c218b36747dc7cb742b3ab6412,2026-07-15
TWIN FALLS,1099,FORD,EXPLORER,2003,30,5459ab2cb007833830cc12b6c12b4abf1df1166ecbfd5f50f10ba82812975644,2026-07-30
TWIN FALLS,1099,FORD,EXPLORER,2005,30,7e23aa155c0ff164520023ec10eebc9ce3c7bb226a54e2ffac5bb4c251a8bf49,2026-07-15
TWIN FALLS,1099,FORD,EXPLORER,2007,30,e4ba9eed9d0ce6d33592de0cd47f3bd3a9aff5a28d63fb690722c6b4191fdd98,2026-07-30
TWIN FALLS,1099,FORD,EXPLORER,2004,36,82f50697e521e3b53b8073c283643e3d69bd10de6254ee455a736dc851a96425,2026-09-08
TWIN FALLS,1099,FORD,EXPLORER,2005,33,cd01e7b20abe8ec69ff887b0cfa46f0c939ca09d8b9cd4eb5efcbd41bf4c152e,2026-08-06
TWIN FALLS,1099,FORD,EXPLORER,2005,33,cd01e7b20abe8ec69ff887b0cfa46f0c939ca09d8b9cd4eb5efcbd41bf4c152e,2026-08-06
TWIN FALLS,1099,FORD,EXPLORER,2005,36,ed57912a2a781b473fac483710fce3ddfcf7d77fc422196f5b83abd078e78f0b,2026-09-08
TWIN FALLS,1099,FORD,EXPLORER,2003,36,a87a0ff3bb5c020a8d73a4733621e332bafcab173d22fcc206044f1f366876bb,2026-09-08
TWIN FALLS,1099,FORD,EXPLORER,2003,36,a87a0ff3bb5c020a8d73a4733621e332bafcab173d22fcc206044f1f366876bb,2026-09-08
TWIN FALLS,1099,FORD,EXPLORER SPORT,2001,38,953f3bff2586607fa41eec43f48b150676e1b90f8cdc8c105a91f17115899843,2026-04-08
TWIN FALLS,1099,FORD,EXPLORER SPORT TRAC,2005,29,d8536a7d23a3e64758e648252055c7164531f93c0756eb2425f1dc7011757f16,2026-02-25
TWIN FALLS,1099,FORD,EXPLORER SPORT TRAC,2004,33,f67dada108729c84c825fa7c68a4c9eb24b2978f39d0924e282564823c3ff1ec,2026-08-08
TWIN FALLS,1099,FORD,EXPLORER SPORT TRAC,2004,33,f67dada108729c84c825fa7c68a4c9eb24b2978f39d0924e282564823c3ff1ec,2026-08-08
TWIN FALLS,1099,FORD,F-100,1982,33,66f8226593d19f820b10f0978d6d3bd2bb508acd4c552d976d911b9e11a70f49,2026-08-08
TWIN FALLS,1099,FORD,F-150,2006,34,4e4c0b11b2554e07fc4e1c1152ad1891af4b583aa7ca792445cd389d710b6a58,2025-10-28
TWIN FALLS,1099,FORD,F-150,2004,31,8834a84586c0365a4fa973fbde77855e98c72f07854e116248625cd49f032d7e,2025-10-16
TWIN FALLS,1099,FORD,F-150,1995,31,df1a4192d41e8badfae466f5619da9a490e557b3bb9bde985ed7a5ef7ee4b7db,2026-08-05
TWIN FALLS,1099,FORD,F-150,1989,31,22efcd7d1ba125910e99c7e069608bda6e52d1a9d75de092f2cfff78170da7d4,2025-10-16
TWIN FALLS,1099,FORD,F-150,2007,31,457c8c7822bc49bd42e79cdedd077f2831c6229e0725a98c0c7b2140a8a63bc4,2025-10-16
TWIN FALLS,1099,FORD,F-150,2007,31,457c8c7822bc49bd42e79cdedd077f2831c6229e0725a98c0c7b2140a8a63bc4,2025-10-16
TWIN FALLS,1099,FORD,F-150,2012,31,e1b52c9f4490e86622a162199f90f60081ec0cc4a8fd20eb242fc775d26794e0,2025-10-16
TWIN FALLS,1099,FORD,F-150,2003,31,6caa9893983ad95f3885f3107540f2520e461d0e243158ba9296525f7604b7df,2025-10-17
TWIN FALLS,1099,FORD,F-150,2004,34,3e6e8e71338d172715e867ef2f678f8e8c0807b53b922f4b19f724688807398d,2025-10-23
TWIN FALLS,1099,FORD,F-150,1999,37,57435dec0f062ddd22608d24c00b0000546e1d8acf92c3777173d1b529e1cf41,2025-10-31
TWIN FALLS,1099,FORD,F-150,1988,39,341d287556781970f66736353059f6c62a7bd80cbd3d1eca592179787125e271,2026-02-15
TWIN FALLS,1099,FORD,F-150,2001,39,c227f0fe7c2d2c6494f94acc1b87f1a44ed4a3607cda8ae2e43552f491026e8a,2026-02-15
TWIN FALLS,1099,FORD,F-150,2000,39,7e74111411627b38b6a45f05d4cf159cbace31854adea53adc9357b1c84ccee3,2026-02-15
TWIN FALLS,1099,FORD,F-150,1999,39,68f7a203c9359f7c41b2608ac5b32d69291fb73badb4eb5b9f106db7f21cfbc0,2026-02-15
TWIN FALLS,1099,FORD,F-150,1996,39,bf350245235bdaa46371ae1d193d95c897640530c0d793a326b94acb2429eeca,2026-02-18
TWIN FALLS,1099,FORD,F-150,2008,29,c3a73ef2e148e2672719d97044eeb2e6616fddfa3ba2e38acb84694176e3c060,2026-02-25
TWIN FALLS,1099,FORD,F-150,2012,29,5a655b8068bf44bea1ab0885bbc1ee36cf923d0dac65b1f61cf72639187d1771,2026-02-25
TWIN FALLS,1099,FORD,F-150,2007,41,20503cf37e567c198bf7f8dd6331fdac6049b7623461343c34e70eb25a32b6f6,2026-03-18
TWIN FALLS,1099,FORD,F-150,1994,32,c548d186c092a2691fdb378e65c202fb432231b0f557680ad91972c474673683,2026-03-11
TWIN FALLS,1099,FORD,F-150,2005,32,e6014b7d6520811d3c5b725c9915c9816afab0fd7235448af992dc03b473f907,2026-03-13
TWIN FALLS,1099,FORD,F-150,1988,32,f09bee4f9864543cc07286c6608e50e354b9ec89313588b2473ac4d5edad1d02,2026-03-09
TWIN FALLS,1099,FORD,F-150,1998,32,854b28cc6cd96005a13ba6727ad0f9aa2f4b0c5c4eab5fda3990d138ac43081b,2026-03-11
TWIN FALLS,1099,FORD,F-150,1997,41,b08a44cf52ad3aede07b3945eec924247fccc72a56d7c375b25930e383b32858,2026-03-18
TWIN FALLS,1099,FORD,F-150,1991,41,e75dbf19ccbdbdc65b413d6d8c4d74dbb21f3e8066783807ec3518f236ffd69e,2026-03-27
TWIN FALLS,1099,FORD,F-150,2001,32,2f0cd4fc68221169d53e908d0ce20e856109543358677a685ffa5676aa0e11f4,2026-03-11
TWIN FALLS,1099,FORD,F-150,2007,41,20503cf37e567c198bf7f8dd6331fdac6049b7623461343c34e70eb25a32b6f6,2026-03-18
TWIN FALLS,1099,FORD,F-150,2006,32,af85a53abe344bd26fad2bee11beff1f7dc54f12f58e0998490efd3e3d4aeb56,2026-03-11
TWIN FALLS,1099,FORD,F-150,2008,41,f061b3adab5517db357367122d8106ede8a78ddb7a1783520a89beda497f8d25,2026-03-18
TWIN FALLS,1099,FORD,F-150,2010,41,122c1eaea5cb4b5e5e7c5ab0e45d4771e7a5f508a17c949434440861c5329bdd,2026-03-18
TWIN FALLS,1099,FORD,F-150,1991,41,e75dbf19ccbdbdc65b413d6d8c4d74dbb21f3e8066783807ec3518f236ffd69e,2026-03-27
TWIN FALLS,1099,FORD,F-150,2004,41,6ef0e44b9969fce6176d5f039562a7d33ebd0962799738ee0392b750117b5852,2026-03-18
TWIN FALLS,1099,FORD,F-150,1988,35,55aea1543dc62c9f21ad5fb169b128eeafc83fbc2179a660e7f49048849f2036,2026-05-16
TWIN FALLS,1099,FORD,F-150,1999,41,1cf0dd193ab05f6cfcfd2d2868dc521b5c97cd7a0edfe438241274928ab5dc97,2026-03-18
TWIN FALLS,1099,FORD,F-150,2004,41,6ef0e44b9969fce6176d5f039562a7d33ebd0962799738ee0392b750117b5852,2026-03-18
TWIN FALLS,1099,FORD,F-150,2001,38,b424629620a5edf6aa2398e24a9b1bc36ed8decb7c389aa58b0cc678107c6e0f,2026-04-08
TWIN FALLS,1099,FORD,F-150,1997,38,b9b1af0bd9164d37b052bfebf219ac2dc2541f02b274fb190092f9a6b178abd8,2026-04-08
TWIN FALLS,1099,FORD,F-150,2006,38,f4bfabe060eeb7f182d6f8e0da511254d3d88b4d87679e668e8ff267f908431a,2026-04-08
TWIN FALLS,1099,FORD,F-150,1995,28,e85659db5e02c03668525eefdc9d78c24c27013db0f4252eebfdd215c74704c5,2026-04-16
TWIN FALLS,1099,FORD,F-150,1999,35,a8f633133bbc6b7e56d283915e1de33f58d3efcdd3bea1a066725133bc502790,2026-05-24
TWIN FALLS,1099,FORD,F-150,1991,40,76ef58759dfc040bf4a9c8605bfcb987e86139618c200c0c272c1136b9304ce4,2026-06-18
TWIN FALLS,1099,FORD,F-150,2000,38,b01001ce7f560c1ccffd2abb0533498f1dc47c7c45f1a899dad8c89f659989d7,2026-04-24
TWIN FALLS,1099,FORD,F-150,2002,43,24d36bf9f92ba083a414b37889915b8e235c66fade971dcd53b32174252297dd,2026-05-08
TWIN FALLS,1099,FORD,F-150,2004,43,4ca9d838bff439d83f3535d7abca89d44ce5f959a774c61e9de677e1793f040e,2026-05-08
TWIN FALLS,1099,FORD,F-150,2006,43,3b72e66b2ae6afe0ce6ea58819c7f7b64cb99c9b9e2e6118c9290af8fcee9973,2026-05-08
TWIN FALLS,1099,FORD,F-150,2001,35,a8b8f6c5b49ae842adc99fb56460be05f57c10c65ce4858efd22c7daf376b9c2,2026-05-14
TWIN FALLS,1099,FORD,F-150,1999,40,c982a5731376e70fe82d5078e8b83e3428689d49931c2cda6a8c7b64734bf321,2026-06-13
TWIN FALLS,1099,FORD,F-150,1997,30,d22c25b99cc84222890656b7396875f3ecb1d9f9101003e0832bdc022d6775d6,2026-07-15
TWIN FALLS,1099,FORD,F-150,2002,40,ad14bf1284e5918b14b31fff8ca9359568b79b0d6fab5ca114a8c3edbc381190,2026-06-13
TWIN FALLS,1099,FORD,F-150,1990,42,f10297f00143238a31821f831073d0d4205f5dcad716239f9ca6974e45d27c97,2026-06-30
TWIN FALLS,1099,FORD,F-150,2006,40,1f25c50b349989343946e8deb4f409487cb2e06104e3cbc4f5cc0396dee0b18e,2026-06-18
TWIN FALLS,1099,FORD,F-150,1995,42,6cdaa2eca8d931ceabffea038edd6225fbcca4d65912c716e833044cf347c76d,2026-07-02
TWIN FALLS,1099,FORD,F-150,2013,42,0f6ff3c83826af4567b0baa6da352d696c9abe53e388b870a0d086933f94f4e3,2026-06-26
TWIN FALLS,1099,FORD,F-150,1998,42,1f534ee85b2b9ff3fcb4d3694064fded54ec62ff1d2b7c75754a41e1b26e80be,2026-07-02
TWIN FALLS,1099,FORD,F-150,2013,42,0f6ff3c83826af4567b0baa6da352d696c9abe53e388b870a0d086933f94f4e3,2026-06-26
TWIN FALLS,1099,FORD,F-150,2009,30,3fd17375d87c437988f956e5e80e6b1bf7fad76df592ee0ac5e5fcc271acfc45,2026-07-23
TWIN FALLS,1099,FORD,F-150,1990,30,fde679edcd8a0a8a42dd326c1397ae4e08a7971636bb072f4e5e358320d075c7,2026-07-16
TWIN FALLS,1099,FORD,F-150,1999,30,8d2a5f75d7885d0af34bd57e52c234c8840c8b8b5e4be3831fdcf3ea2a4e5650,2026-07-15
TWIN FALLS,1099,FORD,F-150,2004,30,ffc78241376483f35861238a28c80d2134fab5ae7b6604ff59e442f19c2f775a,2026-07-15
TWIN FALLS,1099,FORD,F-150,2009,30,3fd17375d87c437988f956e5e80e6b1bf7fad76df592ee0ac5e5fcc271acfc45,2026-07-23
TWIN FALLS,1099,FORD,F-150,2004,30,ffc78241376483f35861238a28c80d2134fab5ae7b6604ff59e442f19c2f775a,2026-07-15
TWIN FALLS,1099,FORD,F-150,2007,33,99947a850565692a02ec7bf4ea77e3143db3074cd22910ec870b44078aca21d6,2026-08-07
TWIN FALLS,1099,FORD,F-150,2000,33,0deadeb90085b660eefd672cfefb60fb5124f1d2a4e3781f5b827c3315e374bc,2026-08-08
TWIN FALLS,1099,FORD,F-150,2003,33,5171eb6075ecd64579dbcbda07270fde61dd5cc5a3e9956a3d2f50cefb69d762,2026-08-06
TWIN FALLS,1099,FORD,F-150,1999,33,5a2bee584a80492da3b093afaac917133aafd6965e8c10b459debf1b8b397b9d,2026-08-15
TWIN FALLS,1099,FORD,F-150,1999,36,815e21c3df2a3a13851828b52f43c68f706f91c2b777c7c9fe4e42da4eef4742,2026-09-09
TWIN FALLS,1099,FORD,F-150,2008,33,542fce26a920a6b9365151d987808e60270d7cef7c98285461a3bef0e5f1bc55,2026-08-21
TWIN FALLS,1099,FORD,F-150,2006,33,db32244fc93dffd8822fd34724520b06173237dc0f309ed81213cd901e711949,2026-08-21
TWIN FALLS,1099,FORD,F-150,2007,33,99947a850565692a02ec7bf4ea77e3143db3074cd22910ec870b44078aca21d6,2026-08-07
TWIN FALLS,1099,FORD,F-150,1997,36,5a5ea97a1589532c38a35f689ff9096b76b8d0fbf1e68d560fe2c22d47d3c8e0,2026-09-08
TWIN FALLS,1099,FORD,F-150,2002,36,c817af277ac3470ff32a799284c38a8436716effe3e9bfaf9e75960e447c2d80,2026-09-08
TWIN FALLS,1099,FORD,F-150,2005,36,1e021da6e569891fb9943f967ccd8ea97a2851929a4d40e104311f8d95f45c18,2026-09-08
TWIN FALLS,1099,FORD,F-250,2008,29,da6e985976356dd21bc8406669ab6f04e6c02d665f2a1239af0402c9463051a5,2026-02-25
TWIN FALLS,1099,FORD,F-250,2009,39,ee108c72fb4f81fcc5fa115ff3283e0eeced57e1aefd77a5fc207d94127fb9fb,2026-02-15
TWIN FALLS,1099,FORD,F-250,1999,43,78dd4ae781db75fd031e9dc604b50271e7a1f3acd20d865cdab6346c90874ee5,2026-05-08
TWIN FALLS,1099,FORD,F-250,1985,35,ae7672b33eb3a90c17019f71893fc144808224baa8d034ece6581cd9eb2f2f46,2026-05-14
TWIN FALLS,1099,FORD,F-250,1991,33,06ef75cd3003298c69a8c55a46b4aa9014e5f6285921dd0f3cddcc4021db8577,2026-08-08
TWIN FALLS,1099,FORD,F-250,1997,36,d5c298c30bd10e9e2b4cb3c6807f60338c4acbbd34dc5a679afb5571988c3afc,2026-09-08
TWIN FALLS,1099,FORD,F-250,1988,36,7e190711dec05f05cc3c7e6eedef9f6ab4f93abbf9d45be2e1b2cfaaff052805,2026-09-08
TWIN FALLS,1099,FORD,F-350,1981,43,e28835a5364dc6c1c2d9af7e7e1ccda7f65460ef031edb1d9989d5e1fdcad223,2026-05-08
TWIN FALLS,1099,FORD,F-350,2009,36,671d6c68751a17b2bc16782465a2a337d680cf7c9beedabdb69ab687d9648d4e,2026-09-08
TWIN FALLS,1099,FORD,FIESTA,2015,81,26322672326ea24642ae675be57ec56789b08485ba29e7f32b5d920969b8f2e8,2026-04-16
TWIN FALLS,1099,FORD,FIESTA,2013,83,fb778affad9b9acba9082ce6d35f9f51bbff7af27c2dc658a444dbe6e694aee6,2026-05-02
TWIN FALLS,1099,FORD,FIESTA,2013,80,35ac111557f7fd33c55cbcd0c68924a5b9a3390477cde1a043acc5a38b77403e,2026-06-28
TWIN FALLS,1099,FORD,FIESTA,2011,80,67c498a9c730791cade8e5c0cb050c71dde28ae3e12e892f1140da41f2548e60,2026-06-28
TWIN FALLS,1099,FORD,FIESTA,2013,86,be52f5b5e8c94bb60f348d00670d123363b4965d1a8ccda63850ecde1003867b,2026-08-29
TWIN FALLS,1099,FORD,FIESTA,2011,84,5813adce1a44410233bbca57c3e82be6fc27b90019aa7f48d7b8ad1248471956,2026-08-13
TWIN FALLS,1099,FORD,FOCUS,2018,81,ed31c8f8e2dd9c1edddbf6ba3d4c2c67c84b3e37920628b2f604574878481097,2026-04-04
TWIN FALLS,1099,FORD,FOCUS,2008,81,7a89323b4eb2b22279626b164de713a70292540067438dfc353bd87b25795986,2026-04-08
TWIN FALLS,1099,FORD,FOCUS,2008,83,160f9c19a934d2867b65e2d75ccc485d6e2d95903d9499ba84b386565ee2180a,2026-05-12
TWIN FALLS,1099,FORD,FOCUS,2007,81,49754bda6abe9f0860c605889cbe872b959c34591d413e2b11550af507f54cc3,2026-04-16
TWIN FALLS,1099,FORD,FOCUS,2005,83,e245a9cb1e621f21869fba1cfecffff993d4bb58082aaee2f07857e1b54932f0,2026-05-02
TWIN FALLS,1099,FORD,FOCUS,2013,83,c20eacae605a725bc97d682736c5a35c8058cd5a2772435c1ca25b9fbcd54b25,2026-05-02
TWIN FALLS,1099,FORD,FOCUS,2005,83,e245a9cb1e621f21869fba1cfecffff993d4bb58082aaee2f07857e1b54932f0,2026-05-02
TWIN FALLS,1099,FORD,FOCUS,2005,83,e245a9cb1e621f21869fba1cfecffff993d4bb58082aaee2f07857e1b54932f0,2026-05-02
TWIN FALLS,1099,FORD,FOCUS,2002,85,d066df25b1b5361342d72668fe0894fd71d615e5333f69b44d8d88ea9bdedcef,2026-05-22
TWIN FALLS,1099,FORD,FOCUS,2000,85,dc0249b1ba089bb2dbbdc3c47969e0ba863e903608d7751b35547ebcce0ab16e,2026-05-22
TWIN FALLS,1099,FORD,FOCUS,2013,85,eb71e5979df38008b625156c7918117e1661f427776648045c3521644f5212ab,2026-05-24
TWIN FALLS,1099,FORD,FOCUS,2009,85,771109775628850ed75c4bf7a7774c41ddfed2d4c1a2d61190f531e1b8117d5a,2026-05-24
TWIN FALLS,1099,FORD,FOCUS,2009,85,771109775628850ed75c4bf7a7774c41ddfed2d4c1a2d61190f531e1b8117d5a,2026-05-24
TWIN FALLS,1099,FORD,FOCUS,2008,80,57d46d066e334887abbbef5486dbe9d33ca3d9e396818abaf4d4981c7612d7d2,2026-06-28
TWIN FALLS,1099,FORD,FOCUS,2012,80,bb7acdb3c8ae70713596e86096152801d54aecbed2b3150a4f96b5952959de1b,2026-06-28
TWIN FALLS,1099,FORD,FOCUS,2012,84,b84b00f6b569973b6b9c055dfba557429364122d6fe17013c97d46ec16218d2c,2026-08-04
TWIN FALLS,1099,FORD,FOCUS,2010,80,584238158161db84d750df474bc8981b358def33ac13b177efc4008f54a8549b,2026-06-28
TWIN FALLS,1099,FORD,FOCUS,2014,80,d1f25cbdee5eb2757861e4f830bc43ff8626cfb01e7cafda8c856e0db37f5c09,2026-06-28
TWIN FALLS,1099,FORD,FOCUS,2007,82,154db7af56536cefe26667af876c91442ddca88841e49d2c4e5e9f5827869f3f,2026-07-15
TWIN FALLS,1099,FORD,FOCUS,2018,80,833b08027adace1da270ee0445c7b3cfd5b17bf38594d2f091f17885daa645f1,2026-06-28
TWIN FALLS,1099,FORD,FOCUS,2006,80,a7bf3cc9d41705240c332ade7717a8343dbbea63490643e9d5b60963e8033867,2026-06-30
TWIN FALLS,1099,FORD,FOCUS,2004,80,6c3872c69825898e2ce825fccc033264f69071953c5ad891693c000a53a7e11c,2026-06-28
TWIN FALLS,1099,FORD,FOCUS,2003,80,dc81460355fa094e0492099cf0942180bd7a4009fc55e1a188ad666a12da3023,2026-06-28
TWIN FALLS,1099,FORD,FOCUS,2012,80,bb7acdb3c8ae70713596e86096152801d54aecbed2b3150a4f96b5952959de1b,2026-06-28
TWIN FALLS,1099,FORD,FOCUS,2015,82,badca24e9fd516123794ffa93d579bf502c9757d6b408b26eee40221aac794e6,2026-07-15
TWIN FALLS,1099,FORD,FOCUS,2012,84,b84b00f6b569973b6b9c055dfba557429364122d6fe17013c97d46ec16218d2c,2026-08-04
TWIN FALLS,1099,FORD,FOCUS,2015,82,badca24e9fd516123794ffa93d579bf502c9757d6b408b26eee40221aac794e6,2026-07-15
TWIN FALLS,1099,FORD,FOCUS,2011,82,e88c5551a71d45cf1491aa24ef230df4d52147441b61c1a9458baed95ca631bc,2026-07-23
TWIN FALLS,1099,FORD,FOCUS,2000,84,f9237ec6298fbf3ad970653df2120464b2da82bac1a32dca2cb76766936d336d,2026-08-04
TWIN FALLS,1099,FORD,FOCUS,2008,82,f85a3f6a73a41dacca11c5b72b971b41cb752098a93789f6f1381fc2a44d5f36,2026-07-28
TWIN FALLS,1099,FORD,FOCUS,2012,84,b84b00f6b569973b6b9c055dfba557429364122d6fe17013c97d46ec16218d2c,2026-08-04
TWIN FALLS,1099,FORD,FOCUS,2001,84,fd3c008f8682ef03e0d3a051099ed0e3f73f4e7dc1381a3efd901adae97bcb4c,2026-08-04
TWIN FALLS,1099,FORD,FOCUS,2009,84,abb646ff80ff38fbfea68a727c8c2d11789353ac8ba7de8e6903159d4ad607bb,2026-08-06
TWIN FALLS,1099,FORD,FOCUS,2008,86,b0533887b4e38ab8c117ecccb8ffa3c5737913f5e6e9f77d31abbfcc644c4d78,2026-08-29
TWIN FALLS,1099,FORD,FOCUS,2016,86,43bc21aa2dcdc68d2b17484178a649aac147fd049564b9a801324a9dbcf238f7,2026-09-03
TWIN FALLS,1099,FORD,FOCUS,2005,86,63b3423c30e374341742483c55a9425825bfe337590d6cbb3cc088458b087064,2026-09-08
TWIN FALLS,1099,FORD,FOCUS,2005,86,63b3423c30e374341742483c55a9425825bfe337590d6cbb3cc088458b087064,2026-09-08
TWIN FALLS,1099,FORD,FREESTAR,2004,41,517719f9296bd5c2f9deb2a1822036a13ee0ad52625057646677b0a95f530f5f,2026-03-18
TWIN FALLS,1099,FORD,FREESTAR,2004,35,c170470302e30e742b95b59cc56e4658d7484b904e6f3b1b67b6e699504a231d,2026-06-18
TWIN FALLS,1099,FORD,FREESTAR,2006,36,f12d13fc7a5c0b2b1e68264c62167cfe9be647b3820e26311121675a9801b584,2026-09-08
TWIN FALLS,1099,FORD,FREESTYLE,2005,43,91c9a209c1e3f81a3176e6ea66334617892e4f834c645b52e2e9d8482afb8ac0,2026-05-08
TWIN FALLS,1099,FORD,FREESTYLE,2007,40,f48c8b9e2be45dd47416bdcf80ff8e85e70105ec905bd7e366ae5d2fdcd35d87,2026-06-18
TWIN FALLS,1099,FORD,FREESTYLE,2006,42,237a4d79a922079bf31ec2c9ec14f806026169f406cac187edd833dadb87d3aa,2026-06-26
TWIN FALLS,1099,FORD,FUSION,2010,81,0ca6635f473abfca19939ae9e853ce178dbfe06c5ccdc7a9a8b9e6133aaae11a,2026-04-04
TWIN FALLS,1099,FORD,FUSION,2014,81,fcb4175d20b2c95290ac6ff48ad10e323dfcbd433f76bbd52547362f99d288e7,2026-04-17
TWIN FALLS,1099,FORD,FUSION,2011,81,10842e42bb8583b8ccac7244ce8576cbbb1bcdc3626aaa9496fa1a3d814e040f,2026-05-06
TWIN FALLS,1099,FORD,FUSION,2006,86,fa580249f9d3a985903d49a953abc01d763fca09afb5aefbbcc88545bae11751,2026-09-04
TWIN FALLS,1099,FORD,FUSION,2010,80,a4fee60807f0708da3ef931911867125f039a25a6de09119f44bb7b02c3474ef,2026-06-28
TWIN FALLS,1099,FORD,FUSION,2013,85,e112baa9805795a9595cb0c2bea57542e722093c759d44a8cfbc30d4ef6f3552,2026-05-24
TWIN FALLS,1099,FORD,FUSION,2011,86,847634abc1a8e4cf1ea1dbacc31cd97be0cdbc945fe1da9f25aac0e16ade18e1,2026-09-04
TWIN FALLS,1099,FORD,FUSION,2008,82,499aeb4cb677b6698fa47c01d7b2e9786cff304f531d4868711f63aed8358135,2026-07-15
TWIN FALLS,1099,FORD,FUSION,2010,86,a36d81c82573d32df6f4ec6cbb07a476e5477246ef32f132befeed0761cd51c6,2026-09-04
TWIN FALLS,1099,FORD,FUSION,2006,84,df05e0b421c96c9fbf8a5d30f0b30b3057288296ee7a4c3c202f34bb9678f475,2026-08-06
TWIN FALLS,1099,FORD,FUSION,2009,82,f485ab2aa4c63bcbd08820ca5ff9379a89a9e0f1276df3023382d49cd25fe751,2026-07-28
TWIN FALLS,1099,FORD,FUSION,2007,86,7b6721cb39a0e17d621d0fab58f37db0939886a367db6e05c6d495c91ad20bf3,2026-09-04
TWIN FALLS,1099,FORD,FUSION,2012,84,54a8cc5da8abe293a75165d6dae4c15b47ef9031b6c25881ba05a3f332c053d9,2026-08-18
TWIN FALLS,1099,FORD,FUSION,2015,86,20616d74bae1829151af019bdc927f125c4c2c8f9d880dfb16740f2d8c3acba1,2026-09-01
TWIN FALLS,1099,FORD,MUSTANG,2000,86,7c6808df9c9f78a661b52bda1d92f16b9f34acfca3bcc595e79495cf4e1715fa,2026-09-02
TWIN FALLS,1099,FORD,MUSTANG,1998,83,652d28023b720ae4acf0cda6c0478f9344e0ad3e7274268573faca44ef7ba5ac,2026-05-02
TWIN FALLS,1099,FORD,MUSTANG,1996,81,9e14d2d72afd0f4a7cb07582b4201827c6cbc2d0f7c80f4028fd35f3e2fef0f8,2026-04-10
TWIN FALLS,1099,FORD,MUSTANG,2003,85,66f796ba9f695ff95eeb87d24be2ed1a3ae50fab79d13e6ee53d63f785c959e6,2026-05-22
TWIN FALLS,1099,FORD,MUSTANG,1996,86,0e4757772a819eeaa5f1ed13b8db4c8ee92d25857da7e361e209291c69faf985,2026-08-29
TWIN FALLS,1099,FORD,MUSTANG,2003,84,3525fe82a4bcaa4bc0dc957f636d86f6e2b212598e3178c929125c2aeedef1f7,2026-08-04
TWIN FALLS,1099,FORD,MUSTANG,2001,84,64a7ae9f575e7da6e14d050332e8416125749aebb0eeff1079f59ccac25868bb,2026-08-06
TWIN FALLS,1099,FORD,MUSTANG,1997,84,239658cf8dea272db452ea6b0716b2825aef921c53db7b087ce662272bca2c73,2026-08-13
TWIN FALLS,1099,FORD,MUSTANG,2013,84,3aed471a1482e98bf41816cff72a1fc2b0114c7f349e0dd3e80ba1aca5c277f3,2026-08-19
TWIN FALLS,1099,FORD,MUSTANG,1998,86,dd4175751840cd118a5e71a4ca9fa88b4d7c54f2b3f225724c0c5c2f628b89e9,2026-09-08
TWIN FALLS,1099,FORD,PROBE,1998,81,f6635db44c3ef6027ed3eaaa2e48e51534d0ab3e9ef6294c22f9a60665c2f91f,2026-04-17
TWIN FALLS,1099,FORD,PROBE,1994,84,06aff08e115c39911eaea29b29b12270da0ebfbe6097c55274b666322f877c96,2026-08-13
TWIN FALLS,1099,FORD,RANGER,1990,39,15f62b42c02406eef747846a9d16cfc19eac7b10783c1ef2e72f05dafd32ae50,2026-02-15
TWIN FALLS,1099,FORD,RANGER,1993,39,3cb9ed7c2e219cca1ac6ad04c4ebe5017d4e77dda4cfb4cf8ab46c80f27db900,2026-02-15
TWIN FALLS,1099,FORD,RANGER,2007,32,a32747d12eb3ab72b28eb41ab906c818f89ea96cea6d102b24c68062420576f7,2026-03-09
TWIN FALLS,1099,FORD,RANGER,1997,41,6bcdc39ee0d431378f7657bf6b5b436d21efa416d981953a6d0300fa2c7f6287,2026-03-18
TWIN FALLS,1099,FORD,RANGER,2002,38,8929491613af78d17e7707048a1028fd95da6d6d6ee990322c1312d7ee9fec8d,2026-04-24
TWIN FALLS,1099,FORD,RANGER,2001,43,675edd89214a4246ee82e98983e5ff886787643616753caef61066613fb16449,2026-05-08
TWIN FALLS,1099,FORD,RANGER,1987,43,6e8b549e2c52b336cf86d676689c53ef05ab1cde1bc661e8dd0a848a2807a13e,2026-05-08
TWIN FALLS,1099,FORD,RANGER,1988,43,02815fd2e9763a760f930b931b4dae6b0487d56303ef27bf57cf3b85436cebb5,2026-05-08
TWIN FALLS,1099,FORD,RANGER,2004,40,e3be07119c8aa19c66ec34ffe4c1b7b998c9718bd7e278e0a403f9afd7e9762a,2026-06-13
TWIN FALLS,1099,FORD,RANGER,1986,42,45458af0ce10b98a78549617b87b8d8053af5a1789dfeab30ceafd3302fc19a2,2026-06-26
TWIN FALLS,1099,FORD,RANGER,2004,42,dd6ba0e72805c6a003e35b8cf8a97497d58f2ead6e0ef88217e216a39652616d,2026-06-26
TWIN FALLS,1099,FORD,RANGER,1988,42,f68a68ea222fcd08d86ee245fb30f9082edfd130591d57abdc4144f0bc44df9f,2026-07-02
TWIN FALLS,1099,FORD,RANGER,1990,30,08b2e2c64a240f02b768a42e8add884e18c1f27d5215bdeed9b2bca194da8bf8,2026-07-15
TWIN FALLS,1099,FORD,RANGER,1993,30,34b4592ca93bdda538c527a50870e1119462c7717c25e1027caef79bc7b646f9,2026-07-15
TWIN FALLS,1099,FORD,RANGER,1990,30,08b2e2c64a240f02b768a42e8add884e18c1f27d5215bdeed9b2bca194da8bf8,2026-07-15
TWIN FALLS,1099,FORD,RANGER,1998,30,5f1666a7e0e636199bffba89b36f277b300236561fb9fe94b90ba930dbab1bc5,2026-07-23
TWIN FALLS,1099,FORD,RANGER,2004,30,a4488635bb8382d9b39c906467772984a689ada662f52cdc31758047f60548fb,2026-07-23
TWIN FALLS,1099,FORD,RANGER,1992,33,b87e3b6b1e619aba4d3e985c8eaf5c881e67b2c44daa65e688cdb2312eeba583,2026-08-06
TWIN FALLS,1099,FORD,RANGER,1993,33,215411230c350621444945865bad49c85b34fd15d46d765570558f9f3f1ac370,2026-08-21
TWIN FALLS,1099,FORD,RANGER,1993,33,215411230c350621444945865bad49c85b34fd15d46d765570558f9f3f1ac370,2026-08-21
TWIN FALLS,1099,FORD,RANGER,2000,36,28473a3bd6163375f666b75b55fccd8e4297c9f181cde15f73a08c40cae8987f,2026-09-08
TWIN FALLS,1099,FORD,TAURUS,2013,80,daae71e3fcbf28aeedbb28e8081875701f3f2c4577771ed4b0a266598807ab05,2026-07-08
TWIN FALLS,1099,FORD,TAURUS,2001,81,5e6e91aa4ae42e5143d20c261d9df37b05eae3d4f80acd935a0d753e6979e5b6,2026-04-04
TWIN FALLS,1099,FORD,TAURUS,2000,81,af0cba8d2a11cc9078d44f9b01d077dc6cf76b7e97f56a3c5c168b2d7089dd6b,2026-04-04
TWIN FALLS,1099,FORD,TAURUS,2005,83,fe8a83050f570487d12cc2f2466205fa693442715ccb72b4805267fa29f01464,2026-05-10
TWIN FALLS,1099,FORD,TAURUS,2001,82,a020314bb88a3c97e7d250f7d04348a3eff1184b416a645c639f019a6d453e01,2026-07-15
TWIN FALLS,1099,FORD,TAURUS,2007,83,193804d1746c0054253046504bbd30726025ea12fc140c4cda5211451a3fd33e,2026-05-12
TWIN FALLS,1099,FORD,TAURUS,2000,83,93190440178fc99e8f9d0d77211967464ed58cb8eb73934774e866b1dc19410d,2026-05-02
TWIN FALLS,1099,FORD,TAURUS,1999,81,01f3bec63763bdbac2563ee441b7fdcba829b7e8176556718e6c812fdb3b4eb5,2026-04-17
TWIN FALLS,1099,FORD,TAURUS,1999,83,c0e739104cf2fd43c4f188634cc3bd32be79634d887533c226ef4736468ac2bf,2026-05-02
TWIN FALLS,1099,FORD,TAURUS,1998,83,4ec37aea45e5e5799eb886b5951b97c8594bed704f5f2afbcb53106f0d9f9a3f,2026-05-12
TWIN FALLS,1099,FORD,TAURUS,1998,85,d4453cb9928f3465487d21c62c7fdef1f87cb7b6a3756473e67ae27feb70fe91,2026-05-22
TWIN FALLS,1099,FORD,TAURUS,1987,85,71bb40605cc6755efe5ef64af204d559868a58b5f82abe5c53e1d9e0762a8b89,2026-05-28
TWIN FALLS,1099,FORD,TAURUS,2002,80,0640b0676a01a652550d1f562156f670ff8d03bccd14a5bfea384ef8c4b2fa7d,2026-06-28
TWIN FALLS,1099,FORD,TAURUS,2005,82,de71b07aa07b7e105d9ba5d98bb7c491bd333cae98b509eab472a48a407001de,2026-07-15
TWIN FALLS,1099,FORD,TAURUS,2008,82,75650cf010fde7a9beb1323df1889d256a95f10211c08bceb677e819a76e9c2b,2026-07-30
TWIN FALLS,1099,FORD,TAURUS,2001,82,a020314bb88a3c97e7d250f7d04348a3eff1184b416a645c639f019a6d453e01,2026-07-15
TWIN FALLS,1099,FORD,TAURUS,1994,82,991ac70d9bf6bfeefdad0be4a5278575ddfc52e655538a14e9d41b003f1ab515,2026-07-23
TWIN FALLS,1099,FORD,TAURUS,1997,82,f77834d4573dc1a20538f5e0bf0d71393ec5a41c4138fbe1ec3cc62c7204f420,2026-07-23
TWIN FALLS,1099,FORD,TAURUS,2000,84,492004aa423086a24d9fdd0c3ffbc9253fdb6999892b2458df588fcb8ff077c2,2026-08-04
TWIN FALLS,1099,FORD,TAURUS,1999,84,ce8fa1f94f19583becdb9b6e1039a4a22aa4c1875222a3549c154d5da1bcff89,2026-08-04
TWIN FALLS,1099,FORD,TAURUS,2002,84,6c0dc6817175eb2345af3de6d17a9ec192ac2680d04e81dcbd08dd3d2edfc82a,2026-08-04
TWIN FALLS,1099,FORD,TAURUS,2001,86,0a6182fe5b0a1485f5977b130fcf5bd265403c2da151a1e9f5058a97a7b83340,2026-08-29
TWIN FALLS,1099,FORD,TAURUS,1995,84,05fa7d7ef57a4113935359ad8b836de2cd0abbf9da3114913effb210061e6c00,2026-08-11
TWIN FALLS,1099,FORD,TAURUS,2003,86,4dd508f816ca6eda1977033c56b47f59174e8c14beb97e454b336a193961497c,2026-08-29
TWIN FALLS,1099,FORD,TAURUS,2008,86,fe8641c0dfc293b111ad8990453c769a4903234b5d29baa211c352d0288434ed,2026-09-03
TWIN FALLS,1099,FORD,TEMPO,1994,80,0abfa466636dbe35a97f19c20ae5e51ef0660298d87f2a7d875eca8c9ed31530,2026-06-28
TWIN FALLS,1099,FORD,THUNDERBIRD,1992,83,fefeb668eae707465bcb02b3ba82973f132ae297a8985db668f41c5c39b94f6f,2026-05-10
TWIN FALLS,1099,FORD,TRANSIT CONNECT,2010,34,1480ddef139f7e29c89f331a25d78c617ed599ac5f80f381ac1dfd2fad135923,2025-10-26
TWIN FALLS,1099,FORD,WINDSTAR,2000,34,8276c0cce7391dfd276d451b3cb7fcff32ed0caa40dd74902eabeea01b70d9e9,2025-10-23
TWIN FALLS,1099,FORD,WINDSTAR,1999,34,e9cc2353a263fa296182cf67cfd403d64f613493174a8389a32408258d9c8cae,2025-10-26
TWIN FALLS,1099,FORD,WINDSTAR,2002,29,bbb2621ba6d0f6013f4eb62fa437262b91b81f5928abf5db566386be203c5884,2026-02-25
TWIN FALLS,1099,FORD,WINDSTAR,1999,38,4efc7c00e6b31d188a543028fad052be51c5497cf7fb2af575035285c96ec4e6,2026-04-08
TWIN FALLS,1099,FORD,WINDSTAR,2001,28,dbabd5b459a44c9a88ba8a801d9b453b3628375ec00521d2a1ceebae5e3fba1e,2026-04-16
TWIN FALLS,1099,FORD,WINDSTAR,2000,28,508095376ceb6dce3b5d947719959394411c6b0c8b9f669a8c9bc09e87d238c9,2026-04-24
TWIN FALLS,1099,FORD,WINDSTAR,1998,35,98f2fcfb5b8d604b662afcc6d3a88ba7aafe62fe9ed069bef77b642d5129ee89,2026-05-16
TWIN FALLS,1099,FORD,WINDSTAR,1998,28,a3208b8d5ec06c3816ed6d9f0ad6facec751dcd275987c59f37e7f4da865f786,2026-04-29
TWIN FALLS,1099,FORD,WINDSTAR,1999,43,c26420a15f77b681abe51ed6fff4fba8eedb173e268d4b34a46da156ce5a635e,2026-05-08
TWIN FALLS,1099,FORD,WINDSTAR,2002,35,67416fa7f00cc61518be27847fdf92d0b4fd8af8e5e35d13ff3e0ac1ab4edc43,2026-06-03
TWIN FALLS,1099,FORD,WINDSTAR,2002,40,e0b2ba62e02fe60aca187260c662fc998acc406a10088f52b72098c089b2f661,2026-06-16
TWIN FALLS,1099,FORD,WINDSTAR,2000,33,0f4c40d17630b5e469665365679baed59455ac377c438b446fbc9f89e729a695,2026-08-12
TWIN FALLS,1099,FORD,WINDSTAR,2001,33,90bceb1fd5faa9c70a1ff309517f3b12c6b3526e6a5df2cce27415b311b97cf0,2026-08-22
TWIN FALLS,1099,GEO,METRO,1995,69,71227823156734fb606311c9f6e41b16d1874f8ffa9d2f5b9eec14107dbf6076,2026-07-30
TWIN FALLS,1099,GEO,PRIZM,1995,200,deb6c9afb98248dbe63fef1f50fa51f5e689c0c9ce203800e1e1855cf70811dd,2026-07-02
TWIN FALLS,1099,GEO,STORM,1992,79,1b5b9585fd16f3fb6409f2fb98348b3e3c2cb786c2faf4c226c4319d1bbeb55b,2026-08-29
TWIN FALLS,1099,GMC,ACADIA,2011,44,e78a1f65be4c7d2717365f746781fb063138dc0bed27b5d5b49a1a17987d8bf9,2026-03-26
TWIN FALLS,1099,GMC,ACADIA,2011,50,dc1787e6c117aeee6e27f7cc5b9d5aa92fe24e99e4df03d5007121e284110c43,2026-05-16
TWIN FALLS,1099,GMC,ACADIA,2010,54,a49bd33944711bd7b004a28b53b79f53f32b4d9e5dda9f74a776df2617ac22e5,2026-06-15
TWIN FALLS,1099,GMC,ACADIA,2010,47,8a475c6386452fac60d021fb562a5637dd09f1065943105adf16e175813e5c0e,2026-06-25
TWIN FALLS,1099,GMC,ACADIA,2012,54,1148f96c93ede824f38ee3ad4709b7168719e0812d826838c2c578766a7b7abe,2026-06-15
TWIN FALLS,1099,GMC,ACADIA,2008,47,1e43d4f6a83803582855657c698a33788209e5c6620ec5164a296e3a6fd88556,2026-06-25
TWIN FALLS,1099,GMC,ACADIA,2011,49,2410b2c9124fb43f0ea786104d1300b90cace48a8661f93a8a3f63aab53b5b59,2026-07-07
TWIN FALLS,1099,GMC,ACADIA,2009,51,76331b9d42f362c2b556a97993ffc372b47142d4a8dae97493ce6f4390e8ffb0,2026-07-23
TWIN FALLS,1099,GMC,ACADIA,2011,51,b95c9804ccdd08ffec368a6ab605eb5d41f8967930d56bdb18396413820c0c2f,2026-07-30
TWIN FALLS,1099,GMC,ACADIA,2009,45,2c9cbf2a3cbf921850fbd96bf22e9350d92e25f2cb738f770ea564229e296d22,2026-08-15
TWIN FALLS,1099,GMC,ACADIA,2012,45,17f2ee406d553edde40641b2b099dd699149854f104d73c8d666f16aa4cd95fc,2026-08-15
TWIN FALLS,1099,GMC,ACADIA,2011,55,1d522115c46ca564c9b962119dacab064ee52e39913fcfad3c1f94a24690a646,2026-09-03
TWIN FALLS,1099,GMC,C1500,1979,53,a4851b2258d5cbaa21f5ecd67a376b8b1eb9dec7a7065c052a858de574992051,2026-08-21
TWIN FALLS,1099,GMC,ENVOY,2003,48,10c83cc149f7ebd546c24e7644c8f2d52b51ab31c02f5978404f2522c4709500,2026-05-02
TWIN FALLS,1099,GMC,ENVOY,2005,47,b6aa1d63bc4e963a6dfa2d5b5121f576fcdf4d77a2915fe2a47bbdd987db44c8,2026-06-25
TWIN FALLS,1099,GMC,ENVOY,2005,49,539332040c89ff478fac3f497128df9176d6823c4c9a26ce419c1105b0806bee,2026-07-07
TWIN FALLS,1099,GMC,ENVOY,2004,55,03902e541670e04a41118b5e70e3232a37ecc0dc007e3320b6e8e929d6bdb071,2026-09-03
TWIN FALLS,1099,GMC,ENVOY,2006,49,2ce28cb66cb23667d1d97f13f49564694c3bb97cd476c59bc77f75f1396409f0,2026-07-07
TWIN FALLS,1099,GMC,ENVOY,2005,49,539332040c89ff478fac3f497128df9176d6823c4c9a26ce419c1105b0806bee,2026-07-07
TWIN FALLS,1099,GMC,ENVOY,2006,45,d77c9115f487da07640633c2904eadeec992d73c1f52ad4de2a1a8ce13428b98,2026-08-15
TWIN FALLS,1099,GMC,ENVOY,2005,45,077e4bb890f0991be1a07f3994cdbffd7c1dfec9868e2b6e9c114ed50f2d4392,2026-08-15
TWIN FALLS,1099,GMC,ENVOY XL,2002,45,913fae1f405bd8e675350564f95be17849f0feda81507a8381adfcbc8d4a7d5a,2026-08-15
TWIN FALLS,1099,GMC,G2500 VANDURA,1993,49,290faf337d7f8bac18722e1efcabbe86ad6764a7474f735eb1f2334125f3f856,2026-07-08
TWIN FALLS,1099,GMC,G2500 VANDURA,1991,45,2af99f48c9bb33dcb802bc1dd838c622d3144a83eecc1a3bcb28267ded8114cd,2026-08-15
TWIN FALLS,1099,GMC,JIMMY,2000,44,ead0e2499e32212fb085e08c395be897a7fcb7f097f2e097507c2256f2a9a7d6,2026-04-04
TWIN FALLS,1099,GMC,JIMMY,1994,46,2bd02eb65efde0d7b132bb493c1df24b5fff7590f007193d535818df9fb29b7f,2026-04-23
TWIN FALLS,1099,GMC,JIMMY,1998,50,49e0dc1d856a7e6783795d4e5d50c21710168e6a1b5dacee4473b16c01e5a89b,2026-05-16
TWIN FALLS,1099,GMC,JIMMY,1998,45,8997ff4705f618e1f408e07cc9ad51c7de1d273b94f7f95ad287c1556a2782cf,2026-08-15
TWIN FALLS,1099,GMC,JIMMY OR ENVOY,1999,47,1987f7ee487b38c2d4e101659887a94147345d6c5fe3e2b6e428a39ddced518b,2026-06-25
TWIN FALLS,1099,GMC,K1500,1988,48,a0c3501debc363741c1eae97333bc945efb4a899452cdcd50f742d2f90b47785,2026-05-02
TWIN FALLS,1099,GMC,SAFARI,1999,50,b4c08944a13667e6d353b2f9d98ad6336a44b567c9e1ad0f94be714d1b458deb,2026-05-28
TWIN FALLS,1099,GMC,SAFARI,1987,54,0382954e155e616bc847e5ba287c6c4ddf2e716f5782b7c83f64230b73db541d,2026-06-15
TWIN FALLS,1099,GMC,SAFARI,1995,49,d5763a38ed688ab8b19d1d09a084d0bddfee0804e344f525edeec6851d430ba0,2026-07-07
TWIN FALLS,1099,GMC,SAVANA,1999,45,a79d3b894ca383616624642a60c20b4cf85fb8da8e4f7d17a9dae37c533dcadb,2026-08-15
TWIN FALLS,1099,GMC,SIERRA,2000,50,f7339c10036736a7d41e1fa2c9f79cbdeb2ebdb3d1477bbb743fb6ed3c146b76,2026-05-15
TWIN FALLS,1099,GMC,SIERRA,1999,45,ec5e32ef557e6754930f6692b45c915ca61a3d4cf99d5017fee798d760855a68,2026-08-15
TWIN FALLS,1099,GMC,SIERRA,1994,50,a5afcd92067a2f2a1744fa8957bb8bd764e30541d554756a62a8a2ef6e09f708,2026-05-15
TWIN FALLS,1099,GMC,SIERRA,1995,48,8f5b316c7acb36cb60891240e63c5612c9f900a94ddd4201df5f38a2c1ba2287,2026-05-13
TWIN FALLS,1099,GMC,SIERRA,2001,44,4ee6e9c0b32e1a832b9f394f344ac10cc49b0a31f0768b45222a01eb3ff2b704,2026-04-04
TWIN FALLS,1099,GMC,SIERRA,1991,44,a950a0972bd98324f18ab5d68ccdf88dd933e8913411691b82ab9ea1b78b2827,2026-04-04
TWIN FALLS,1099,GMC,SIERRA,2001,52,0a2a3d810708c029e3c71874da4b3a9fbebbe87cb3ba8da8ecf21ecb7b4b47eb,2026-05-30
TWIN FALLS,1099,GMC,SIERRA,1991,50,5ff525d1e9f0f8231cf73522d551a8398916b07152f693699e9463d112c0b733,2026-05-15
TWIN FALLS,1099,GMC,SIERRA,1998,52,0d7aac7d4cab2687bc1af00c5fe712a9c75dc412577bf29b47b49c44739576c1,2026-05-30
TWIN FALLS,1099,GMC,SIERRA,2012,51,9f95ed33d421df9dd59cc0bbe3413d9e98b56922a2c954d873dcfdaed81b1974,2026-07-14
TWIN FALLS,1099,GMC,SIERRA,2001,47,e36e81f97ca693dff856b3b3e9f3fc80167c6a6b0f985ca982bf3b70e8d3f153,2026-06-26
TWIN FALLS,1099,GMC,SIERRA,1994,49,551f91edd3368fbd2133857155dad589814f10b9b154b3850d9154822d9acbca,2026-07-08
TWIN FALLS,1099,GMC,SIERRA,1993,51,13bd80069d15ed474357dff692126dc0528438f05c81a796c8030975fef49679,2026-07-18
TWIN FALLS,1099,GMC,SIERRA,2004,53,96e0c26c1537b00ba74bd1d4213d9496148f29e56fb9b5a864322ed6f3cea523,2026-08-21
TWIN FALLS,1099,GMC,SIERRA,2008,53,178d9076ed87f9652b117b36e42a95def6a0ae28bdffbfdd0a70a814974aa859,2026-08-21
TWIN FALLS,1099,GMC,SIERRA,1993,55,3f827287401f1572bb39034391b658f3b1aed82d4bc081a45b755e80685ec66f,2026-09-03
TWIN FALLS,1099,GMC,SONOMA,1994,50,c194677ad0cee57667976f22ba705f61055bb0bb09986b20f97fbd61a841723c,2026-05-15
TWIN FALLS,1099,GMC,SONOMA,1996,49,4a3cb089f249b48e2403295ae5b4f6a3efb83a26a4b186c2b0826a5b769e4469,2026-07-07
TWIN FALLS,1099,GMC,SUBURBAN,1997,52,dbebd5c769d84042d347091f63b331457f2be87f180cf1b9319c3e96efe2e091,2026-05-30
TWIN FALLS,1099,GMC,TERRAIN,2010,44,7d1179cc366c83b81c15867efbebae69dcbfcd11cc5c8be52053de5744b5aad8,2026-04-03
TWIN FALLS,1099,GMC,TERRAIN,2010,44,7d1179cc366c83b81c15867efbebae69dcbfcd11cc5c8be52053de5744b5aad8,2026-04-03
TWIN FALLS,1099,GMC,TERRAIN,2014,54,9b5ff91135b7056ec5da4731f2110495698d78cf9a2ccb3bf2b700d5ab41635f,2026-06-15
TWIN FALLS,1099,GMC,TERRAIN,2015,54,a987361303e6b08066b13765d3848d6e2a876a40cb9d19937a80b6544c83e0af,2026-06-15
TWIN FALLS,1099,GMC,TERRAIN,2012,49,36254826d3ac20e8041db33a784fa016d2f6f0449d117740bcb029c7a2a748c9,2026-07-07
TWIN FALLS,1099,GMC,TERRAIN,2012,45,e2684f598a5e809aa182e1f0db5678ee7900247cf431e9b61f1fc06b3c28f272,2026-08-15
TWIN FALLS,1099,GMC,TERRAIN,2012,55,e5d91aadfd94ce819be8911130d2c42e21050f7649b7ba7432b7e73cb7e11cb0,2026-09-03
TWIN FALLS,1099,GMC,YUKON,2007,51,79acad091bfb512687d60c6e3e2fbaf4c598232ebf412343d214959400ea85e0,2026-07-14
TWIN FALLS,1099,GMC,YUKON,2008,46,89266aac2d7c89c7613f980c0b08c2fde2e2e16a32bb229c5c53c1af2692d21a,2026-04-23
TWIN FALLS,1099,GMC,YUKON,1995,51,1a686b6dd97f8a9d1e728aa32ee3874b7c76f9861cf0f6227a5df89ca8fbf6b1,2026-07-18
TWIN FALLS,1099,GMC,YUKON,2000,53,dcd088589600b165701f74dcd88dc960d1cb4aa0f9395c6a88253419e7ad01b4,2026-08-21
TWIN FALLS,1099,GMC,YUKON XL,2004,46,088d58a71e6a06c65f4379acc4505b2bf05b8c59fc2af090bde209d4aae8c0f7,2026-04-23
TWIN FALLS,1099,GMC,YUKON XL,2003,46,6599bf1df8d9fff3cc90c74603781144119311a858d39f8c2531c61854f78b61,2026-04-23
TWIN FALLS,1099,GMC,YUKON XL,2010,49,833941b280a2976563f36d6db62a1be690c20d8558c3d0a0f22058ca6c273447,2026-07-08
TWIN FALLS,1099,GMC,YUKON XL,2000,52,46a8ee3363e9ced1c0b5841b41ff3a5c9a1863dc7c917b96919f7dd47a3d5534,2026-05-30
TWIN FALLS,1099,GMC,YUKON XL,2004,52,113bc5639c6b61837e64c81338e8a86a808264106c6a8c909febec166759fd91,2026-05-30
TWIN FALLS,1099,GMC,YUKON XL,2008,49,a6df9598c8d126bf2d6d10007fb8ec818bb43064be647da05395e6ff36e5644b,2026-07-10
TWIN FALLS,1099,GMC,YUKON XL,2003,53,beee148ff8d555203f182cdab3fa3007f0d01d311f438f63624ee591da5cee36,2026-08-21
TWIN FALLS,1099,GMC,YUKON XL,2009,55,d396c2ea7955a1b8ae0c4c444e12cbdf28d8ee2c4d1acd557e723e2e7c0d77e4,2026-09-03
TWIN FALLS,1099,HONDA,ACCORD,1999,9,9ec5c58a2b6611b5a9268770565c7cf219743a843d199cc86267e13c20032974,2026-05-29
TWIN FALLS,1099,HONDA,ACCORD,1999,26,d62b2a13edc26af0f242cabbaa30f98130d534828d7cff2e861237f4608f5b4e,2026-05-24
TWIN FALLS,1099,HONDA,ACCORD,1989,21,bafe3a0c046a8b1eebf5bf4ffccff72382af537c0831c63de8ab6cd1dd0016e7,2026-06-10
TWIN FALLS,1099,HONDA,ACCORD,2001,200,1a7f5aae4b98e2df30314e688039bef19d195587977470bfe55130c6bb19f4a7,2026-07-02
TWIN FALLS,1099,HONDA,ACCORD,2000,15,37495e20fd1fd3e27e3b0e2f731b714038904ac6243e51ec987a6da81d97413d,2026-06-04
TWIN FALLS,1099,HONDA,ACCORD,2008,200,8018309005c3a74a7442c8a7458fb16050eb9a5c4729811a457f2fd94f5ec473,2026-07-02
TWIN FALLS,1099,HONDA,ACCORD,1999,24,2e050801685893adb1d2c6a8a731248e27cc55bc30537b723f93bf30b14b9bc1,2026-06-20
TWIN FALLS,1099,HONDA,ACCORD,2000,200,4394efea006e723759be0164067b2187eff956e34bd2909d8895449970625cba,2026-07-02
TWIN FALLS,1099,HONDA,ACCORD,1998,1,c627b1764a6584432a236c7fc13f0dfef5208ea23f3823da1b6c99111a971d30,2026-07-04
TWIN FALLS,1099,HONDA,ACCORD,2002,200,d0e5b134b9af36fc20429b50215142faa266b553d56f7b825f3219f0bd1fa130,2026-07-02
TWIN FALLS,1099,HONDA,ACCORD,2006,200,f7d9ca09a2304fb900aab9dbd51230b28c468d23f5f034732906e2b6311650b5,2026-07-02
TWIN FALLS,1099,HONDA,ACCORD,2004,7,7b068241ae394e13166c26e09a06a6cf1c08878bc85c9bd1d698ebdf8340d3d3,2026-07-28
TWIN FALLS,1099,HONDA,ACCORD,1999,10,fb111f8123788fc7c9db9ec2aa6185346a612b1b8c6cc3175406589c0bac80f8,2026-08-04
TWIN FALLS,1099,HONDA,ACCORD,2001,7,ba54bacf60dea0ed3792050c98bdbe563c90ae118a6644adf29464980d24563d,2026-07-28
TWIN FALLS,1099,HONDA,ACCORD,1988,5,1b1e76cf0732ec57c2850ae98711ccf81803a4c58b2fb96f4bca23a7d3469797,2026-08-12
TWIN FALLS,1099,HONDA,ACCORD,2000,19,8f9deedb5af12e39981ef67dd7ed276d51096a86f4831015c613052de1349eb3,2026-08-18
TWIN FALLS,1099,HONDA,CIVIC,1996,12,cb7151ed62ab91793130b3686b34327267288e231aaa6933acbbe66d347a28f9,2026-06-02
TWIN FALLS,1099,HONDA,CIVIC,2006,6,98af4307add84e61fb30571227b980edadf209fc9bc0a2e66ac4a2bdf1180801,2026-05-28
TWIN FALLS,1099,HONDA,CIVIC,1995,3,a8f188555cd78531319667fbea6bb52863adeaf17e64513c9834346eea0bbb8c,2026-05-26
TWIN FALLS,1099,HONDA,CIVIC,2002,12,8330afdc02eed64c8dfd214030950dcee4d00c742ad76d4d897575aa29524a45,2026-06-02
TWIN FALLS,1099,HONDA,CIVIC,2001,12,8d45f672b5c26450e7c6f34747afe3989bb906832e70d53c95abf89f23f7fc39,2026-06-02
TWIN FALLS,1099,HONDA,CIVIC,2003,3,7e1074e5fbdf7050263464278ada0f0919e2b93aedfcc65e05a66819f454f330,2026-05-26
TWIN FALLS,1099,HONDA,CIVIC,2004,12,f3bff7bff058f468f0c26e8336dcd7ff542a0025d942af8c3a7755a57e50fb29,2026-06-02
TWIN FALLS,1099,HONDA,CIVIC,1997,200,d5b1554b0acd786402a94192f23fb646c05988d39c2d0bf023f90b3aad5b1b71,2026-07-02
TWIN FALLS,1099,HONDA,CIVIC,2001,21,8afaece8f99aa5ec2ac85c21def401a7b4bfdb527b25bfe07f10d70fdc2488e3,2026-06-10
TWIN FALLS,1099,HONDA,CIVIC,1992,24,b600873196405e002f2bf40fbb1b85bb8f66350265ef01d6019add2900b9db17,2026-06-20
TWIN FALLS,1099,HONDA,CIVIC,2002,4,f53d34cc423cefcb0553cecb63603f8d75dc8c05b8b7d87f480b0cb6a7093e13,2026-07-08
TWIN FALLS,1099,HONDA,CIVIC,2001,1,0a5c3e7292553c5cb64a6c8120147d79ef300b9b1533405b5e6e84e3050af996,2026-07-08
TWIN FALLS,1099,HONDA,CIVIC,1997,13,a96a7a349cef3ec36cdff7e54a0d4a59981cbf948d6195ac6c7b7ea35ee00da3,2026-07-16
TWIN FALLS,1099,HONDA,CIVIC,2004,13,7e689d96fc2236f08c47566e8cf7bc380417fd53a8e7af6c3195b0c10dc592e1,2026-08-12
TWIN FALLS,1099,HONDA,CIVIC,2006,10,092b5b0bde80c5c93755b6e7029d34e78c8b4f98cf9e57f763c88862cf2a3af6,2026-08-04
TWIN FALLS,1099,HONDA,CIVIC,1978,19,f3599463f41620203b25135077487c12661297315c723dcd1ddfa209509d5e21,2026-08-18
TWIN FALLS,1099,HONDA,CIVIC,2005,10,7fbb7db26c2199f626349bc0dd256e68bd77ff753d6cb6dcfc00c3ef05a769a3,2026-08-04
TWIN FALLS,1099,HONDA,CIVIC,1998,19,0ab6e3d7377932062b0f02f1c38c0fec04dfd7061fd9c0850c08d43c42a52216,2026-08-18
TWIN FALLS,1099,HONDA,CIVIC,2007,19,495afe130772e2c7e6e166ec0abbe2836efc3e2762db5614724f1396efcfd79b,2026-08-18
TWIN FALLS,1099,HONDA,CIVIC,2006,25,1303fe1f3cdcfc4408284c39ee9a119d76e1ca3f412f7664ad5fc6f272ea29b7,2026-08-29
TWIN FALLS,1099,HONDA,CIVIC,2000,22,cb023da57ef34d61eadaff738b5928a43cd16b012a51bf395d4cc605ef4ec563,2026-08-22
TWIN FALLS,1099,HONDA,CIVIC,2003,22,9e86dcc984f157e2c6d1f16998f4345ee3a9f8af88893d6b9e4347c2765a7c36,2026-08-21
TWIN FALLS,1099,HONDA,CIVIC,2000,25,1e6ce66ffe2bfd209e1bed92a194287e4eaba1d602429a04740e41cf21af2176,2026-08-29
TWIN FALLS,1099,HONDA,CR-V,2003,6,0bd0904b6ae11b0f38edee37be3bd7dc758a75dda5526d44c0093ac78f62edcb,2026-05-28
TWIN FALLS,1099,HONDA,CR-V,2004,25,cfd4593d9f99437a715194bce8121aa5dcfe8f89123f9f0e4ccc3c43903b0bbd,2026-08-29
TWIN FALLS,1099,HONDA,CR-V,2003,25,39f214b29689eb70a76ba3da46e955faafaadecf1ef93b9775d1785b56644e8c,2026-08-29
TWIN FALLS,1099,HONDA,ELEMENT,2006,6,95e49fb47dd13c4841853c4b4c5ddde8f10d2a283fdef910e267ce261a7046a1,2026-05-28
TWIN FALLS,1099,HONDA,ODYSSEY,2005,1,d4d8cfa8c4a7a3350f6982045f74b1c688bb35df646219f91739e3d60f3d8de6,2026-07-04
TWIN FALLS,1099,HONDA,ODYSSEY,2001,200,86d7e7193e7690831131c2864c6cc95e120b9b6af6c32e0bed2b6c134343f199,2026-07-02
TWIN FALLS,1099,HONDA,ODYSSEY,2001,200,86d7e7193e7690831131c2864c6cc95e120b9b6af6c32e0bed2b6c134343f199,2026-07-02
TWIN FALLS,1099,HONDA,ODYSSEY,2002,24,0950a8244da447334f9844ded529b16bcc638e556bffd2e210782cc484c9f0ee,2026-06-20
TWIN FALLS,1099,HONDA,ODYSSEY,2007,4,b7ce3a9d77df15b6dc3556da13605976916209cf9b23dd30817720e78bfb10b9,2026-07-10
TWIN FALLS,1099,HONDA,ODYSSEY,2002,25,e6c2365c6afd9313b135376d5e9d0d88d3e232d94aa9c5fdc114e1af3df26f18,2026-08-29
TWIN FALLS,1099,HONDA,ODYSSEY,2000,4,a410ef4e7d1afc90ac55195069e160de7afc66fa7160cd9efa4d65a610550d8d,2026-07-08
TWIN FALLS,1099,HONDA,ODYSSEY,2000,19,ceb9ee99be30934d589699681606af060fb1e1e7ec1513bec5aa22569725b68a,2026-08-18
TWIN FALLS,1099,HONDA,ODYSSEY,2000,19,ceb9ee99be30934d589699681606af060fb1e1e7ec1513bec5aa22569725b68a,2026-08-18
TWIN FALLS,1099,HONDA,PILOT,2003,4,ad479d65b17d0a34d5ba7077349c88be20cb7bee88a32d086346c3287b6328bd,2026-07-08
TWIN FALLS,1099,HYUNDAI,ACCENT,2013,26,d6f15cc443f793fbc6dc595ec93207d8f0a85b2dae73b693957c343d039621b5,2026-05-24
TWIN FALLS,1099,HYUNDAI,ACCENT,2009,200,f6464d18c682fc519a866454beb69c34ee938d810d30b0282929bf7a4a6881aa,2026-07-02
TWIN FALLS,1099,HYUNDAI,ACCENT,2001,13,747efc0ddc5e19d228b83f80fb92d74cd73799376016a4f43e6e394dd7cfa74c,2026-07-16
TWIN FALLS,1099,HYUNDAI,ACCENT,2010,13,e3b5ac81a1e4a882b0e7371ea8661c2f856888d78331fc923fd099b16bf90288,2026-07-16
TWIN FALLS,1099,HYUNDAI,ACCENT,2012,7,3ec9572012448cbee05516fe8ea08766a11d5c739f13bada977024408781aff3,2026-07-28
TWIN FALLS,1099,HYUNDAI,ACCENT,2015,19,d079c040910fd10383682f3e8d401af106d1bee018840fcae30f7f6cd2372804,2026-08-18
TWIN FALLS,1099,HYUNDAI,ELANTRA,2002,21,1ca4502a9423acad72b5729b2fb233880a03d7391a732ac8d348df59954bcf18,2026-06-10
TWIN FALLS,1099,HYUNDAI,ELANTRA,2006,13,0ee9edbf0b993bc8ae3f8af575ef2bff648d73388c7872ee7610579f4285032d,2026-07-16
TWIN FALLS,1099,HYUNDAI,ELANTRA,2004,16,209c29f7d2e8488b1462211682262272738de52e74bd0efb0765b7449ec70a88,2026-08-06
TWIN FALLS,1099,HYUNDAI,ELANTRA,1999,13,21483f2bfc5fa13d0150ed33f6f497c97788535fecf09a0699b8412937fcafb0,2026-07-16
TWIN FALLS,1099,HYUNDAI,ELANTRA,2002,10,2c43068914776b56c986ef715da4b460ed8163d0870cfb93c92df4592d3223a0,2026-08-04
TWIN FALLS,1099,HYUNDAI,ELANTRA,2013,8,0ae5a43bd1328b649eebc27ebe6aeab24fc50e0d370d85c1005d11bb9d59b169,2026-09-04
TWIN FALLS,1099,HYUNDAI,ENTOURAGE,2007,200,62faa86997cfb80cfdc4a72e7cf6cd56301382ead87b54056e3cc45e8ac62aac,2026-07-02
TWIN FALLS,1099,HYUNDAI,GENESIS COUPE,2013,7,7c5df7695ac4b882d44004f438e750776494d5d6a381786cd790d0b6005272e1,2026-07-28
TWIN FALLS,1099,HYUNDAI,SANTA FE,2007,1,1aadb2f7b4cd2434fd9974e10bf742a71d1a17f5ffde7f27e56b4570faa13ef1,2026-07-04
TWIN FALLS,1099,HYUNDAI,SANTA FE,2003,19,0ad30676d0fb388004ce09f59e3e33847c4d28f337c9ee1aaad8438bc4ecbc0d,2026-08-18
TWIN FALLS,1099,HYUNDAI,SONATA,2015,6,059fdd4f541f071462e6f009e993c80bbaf8220699d86ff1d37916e9232b3b38,2026-05-28
TWIN FALLS,1099,HYUNDAI,SONATA,2014,22,fb215b7f8ddf7abd42a144214f408031036db68cb18ebb09106fee1a1d35bd2e,2026-08-19
TWIN FALLS,1099,HYUNDAI,SONATA,2016,19,f6ab7e0a077de979695c0644c5680203b084725404a261f17de5fb18e8ab388e,2026-08-18
TWIN FALLS,1099,HYUNDAI,SONATA HYBRID,2015,7,26b69777116d40d38564d8fca8479fa870b3532832b007f9a4e9fbb48cad6459,2026-08-04
TWIN FALLS,1099,HYUNDAI,TIBURON,2005,21,e05d7d1cf48e505e516884e10fde10a18b1658058da5a37b02753a938309b048,2026-06-10
TWIN FALLS,1099,HYUNDAI,TIBURON,2003,22,b0a13739526d2b4e4d9dcf2c0012945bed8b554ca300e530ce33357ada55c868,2026-08-22
TWIN FALLS,1099,HYUNDAI,TUCSON,2015,8,a9fd3d6498444e08d993f4b2a6ae14c3ec0751d5d6e67d0180fe2745d33837ae,2026-09-03
TWIN FALLS,1099,INFINITI,G37,2010,24,45323cd1f89133d234ae3efee532bda8c2f043ca4c411eb99dc4305c424fb783,2026-06-20
TWIN FALLS,1099,INFINITI,M37X,2012,24,5f656709c8005d50acf597f809d8f003483f8249ba09b876acfb29c0687f9c1e,2026-06-20
TWIN FALLS,1099,ISUZU,AXIOM,2002,19,3bdecc8213060a4407096ad68650e7530716ddb57bb80459dca93183e3253d4e,2026-08-18
TWIN FALLS,1099,ISUZU,RODEO,1999,10,d3b0750e1a3418420a5b11cf2efe1105a409a83fe566011ae14ccc2f886a424d,2026-08-04
TWIN FALLS,1099,ISUZU,RODEO,1998,16,e45d43849b26afe014eed0cc888aa5e62b98ac6d13e906a8cd8865dca2f8ceda,2026-08-06
TWIN FALLS,1099,ISUZU,RODEO,1999,22,1b77565288d3b2709b32867895df7b553de5e31ce6ac334830e40c0f7c17a41b,2026-08-19
TWIN FALLS,1099,ISUZU,TROOPER,1998,4,c150ac7ce076d0517c7fee2193a9f6d16242d1910dd019e8f75594ca4695c7d1,2026-07-08
TWIN FALLS,1099,ISUZU,TROOPER,2001,16,03efa55a7e92e0e842d2e9919ec706cf553aa5609c87b78f6373a9007f080586,2026-08-06
TWIN FALLS,1099,JEEP,CHEROKEE,2016,60,e22de4d66a668f0c39541f08a3e8dcd3bce3adfee2d3eafa49ddf0027045dbdd,2026-03-27
TWIN FALLS,1099,JEEP,CHEROKEE,1993,64,4693b888c44e80c08f280c93e41ee651e546f87296e2c61784d61b7bc828cc7e,2026-04-28
TWIN FALLS,1099,JEEP,CHEROKEE,1996,58,ce7db5bb64a51df276a557078bbf919faf807850155f4ab044fb492bbc420266,2026-03-09
TWIN FALLS,1099,JEEP,CHEROKEE,1993,62,c22dc96b70ac0b2f974acd175cd2f8cfb0fce55745bf4710ebfab31ebe50d2e5,2026-04-10
TWIN FALLS,1099,JEEP,CHEROKEE,1996,64,e2b1139432dd071bbb46e6b89aeda75244b1909ce236b896336441f4a697fc14,2026-04-28
TWIN FALLS,1099,JEEP,CHEROKEE,1990,61,b7cc5cb1350e95b087e8e1deb0de91c46d3962757b13254988e8ae163f23ab1f,2026-06-28
TWIN FALLS,1099,JEEP,CHEROKEE,2016,61,fa41f876c93f0424b1d466ae4fbd6d72158d3444e9a2dc6348f001d7a86d2ca5,2026-06-30
TWIN FALLS,1099,JEEP,CHEROKEE,2000,65,ee63f5d8558d3f3b3c50b6d0088ddbcb083bcd9022a21e0356eef0292e1822d2,2026-08-06
TWIN FALLS,1099,JEEP,CHEROKEE,2015,63,1f6f10998c50a0e183b7e875098e75f734ae7f9238b7094cac403e7549c43565,2026-08-22
TWIN FALLS,1099,JEEP,COMMANDER,2008,56,b62eb9c710e284efc41d55a56ceeccbc0a714e7b9d46155d8dec3ddd18fb9e8d,2026-02-25
TWIN FALLS,1099,JEEP,COMMANDER,2006,58,46603fde05570505bf7e5e49a4a1adf0d19741d633ddf428fe34ee9628a49c89,2026-03-09
TWIN FALLS,1099,JEEP,COMMANDER,2008,64,caad6c9d766f32ca19f4722e52f4448cf956109434a1cb86f2133ed3aca92692,2026-04-28
TWIN FALLS,1099,JEEP,COMMANDER,2007,57,4b3a59809b31d3db14a889d8cae42516b18f1b43b5fc66f8332b1f7d360cd26f,2026-06-03
TWIN FALLS,1099,JEEP,COMMANDER,2008,59,e10d2dd31bfc15f57e91abdb0551bce91b90f44e21e746f5e34fbb681df8ee2d,2026-07-07
TWIN FALLS,1099,JEEP,COMMANDER,2008,63,e27fc197719c3e111fc250144ab9000c2c1bd92e3501ffe23662a9e24a63110b,2026-08-22
TWIN FALLS,1099,JEEP,COMPASS,2012,67,1682730f1070037821be80c1755b4358415246e25cb2f82a932eb5e56cbc2628,2026-02-03
TWIN FALLS,1099,JEEP,COMPASS,2011,58,12cae9d3d7f555572b9e31946e195387c8bad5caa4bf5b051d049dd41bf2c14e,2026-03-11
TWIN FALLS,1099,JEEP,COMPASS,2007,61,388ef086d243fcfeeabfc066c8e13a23f6b4049cb24a5d689265266376bca8aa,2026-06-26
TWIN FALLS,1099,JEEP,COMPASS,2007,65,dee031b9e5ec950c7ff050250836a8463b11cbfa58672697ba3efafbe5955ce8,2026-08-06
TWIN FALLS,1099,JEEP,COMPASS,2008,65,23ee90e7ee23194d793ea17be401427190ff433f701cd3059104ff8f3040d810,2026-08-06
TWIN FALLS,1099,JEEP,GRAND CHEROKEE,2005,67,85b3c230ad9f21eabab67698f9e5e9522a87ef6e7e0c0ee8993c6fd3426040e8,2026-02-03
TWIN FALLS,1099,JEEP,GRAND CHEROKEE,2004,67,9d7e6abaae3d8567612ea026a2f0c1156fd58c2355265859ad39a20078330bd7,2026-02-03
TWIN FALLS,1099,JEEP,GRAND CHEROKEE,1999,56,72d1c97df50c1341220d0194609e1e114cd17db9d367adb7df701749a9eb56aa,2026-02-25
TWIN FALLS,1099,JEEP,GRAND CHEROKEE,2001,67,aaddfb5a3c8e6ff779eb54c157a403aaea94885c477eea6ccc2577daefe7d2e1,2026-02-03
TWIN FALLS,1099,JEEP,GRAND CHEROKEE,2004,67,9d7e6abaae3d8567612ea026a2f0c1156fd58c2355265859ad39a20078330bd7,2026-02-03
TWIN FALLS,1099,JEEP,GRAND CHEROKEE,2002,58,750ce51f19f99362794e204e009b5b5b0cd6ff719b331818fbd524877d5e32bd,2026-03-09
TWIN FALLS,1099,JEEP,GRAND CHEROKEE,2004,62,006541313887c00b264563e3605794705ed6056a45170d766480f49af56f0984,2026-04-02
TWIN FALLS,1099,JEEP,GRAND CHEROKEE,2001,60,eb9820ae089d27b3f9ad960de11da5d0846d0597a382dfbbb62312b79eee7444,2026-03-19
TWIN FALLS,1099,JEEP,GRAND CHEROKEE,2005,60,77dd4b8facf8ad9d9ae140aa6fad2117ed1f78d02dde44d646faafee63d4838c,2026-03-27
TWIN FALLS,1099,JEEP,GRAND CHEROKEE,2008,60,ed6e194d31344ae210902d6fbaf56cc19a067111c30b629900849ffe08ef4fbe,2026-03-27
TWIN FALLS,1099,JEEP,GRAND CHEROKEE,1999,62,7fcd0ca12fca3507e30f4d43cedb2d6a6c16e9aae948e8cb77e6d3af04f57e04,2026-04-02
TWIN FALLS,1099,JEEP,GRAND CHEROKEE,2006,62,1351ceab496d914709a36f19b20f5a7ce174e7dface4cc8e9e5d5857384008e0,2026-04-02
TWIN FALLS,1099,JEEP,GRAND CHEROKEE,1996,62,6160c6bd6ff8273ca95101a9e86fa224f45aea7b9d6877e885332b10d4dec579,2026-04-16
TWIN FALLS,1099,JEEP,GRAND CHEROKEE,1999,62,7fcd0ca12fca3507e30f4d43cedb2d6a6c16e9aae948e8cb77e6d3af04f57e04,2026-04-02
TWIN FALLS,1099,JEEP,GRAND CHEROKEE,2003,62,8e1ae4269377e00d1a07d3284203d320d55144364968ec7cbf7d5817a973481d,2026-04-02
TWIN FALLS,1099,JEEP,GRAND CHEROKEE,1999,64,ec2a7970b973098a403e7cbaabdb10a1e4c0464717b3a0dae87b3211cdcfd2db,2026-04-28
TWIN FALLS,1099,JEEP,GRAND CHEROKEE,2007,66,b22f41b686110a95f168006479f4e535787eef3e28e2fb0e33e7b87906a14185,2026-05-06
TWIN FALLS,1099,JEEP,GRAND CHEROKEE,2011,66,b6e02270b96785987d6e0ff666d1f7beb221d06f229a87476645de75f8cdeada,2026-05-06
TWIN FALLS,1099,JEEP,GRAND CHEROKEE,2002,57,35a4e87ea05ee71428b4928c21633d911ad6703e9cfaf088c87296c507d2eed2,2026-06-06
TWIN FALLS,1099,JEEP,GRAND CHEROKEE,2000,57,a60b7e798d87cac30760ffdce6db5b30a41609568325d1c78c11003ea5634ec0,2026-06-04
TWIN FALLS,1099,JEEP,GRAND CHEROKEE,2001,61,6eb029ed1828e66bce0e81c8ee03d88b2c0c2cf4731c652d82322d4d8f7dc812,2026-07-01
TWIN FALLS,1099,JEEP,GRAND CHEROKEE,1999,61,7a04005008deeb0bbdebff0a4adcb03e20c39657c59b85d47066beb22888f32a,2026-06-26
TWIN FALLS,1099,JEEP,GRAND CHEROKEE,1995,59,b9c44603b46a32bac217fe4ca2e5594aa0efcf69adea83d7bfb4f6beb012d37b,2026-07-14
TWIN FALLS,1099,JEEP,GRAND CHEROKEE,1997,65,f4955eb846427097bbf18c170b55f46a4929566fe018b2bd93e60a546590d6c9,2026-08-06
TWIN FALLS,1099,JEEP,GRAND CHEROKEE,1996,59,61cb760e8bb754a7d2ee7e50582db3fb1f6291c2193d76c9be33043f067ccc09,2026-07-23
TWIN FALLS,1099,JEEP,GRAND CHEROKEE,2001,59,91c24978df07f94b9bc538212bb08832565485172b18d149cdc7ec9d04e3125c,2026-07-23
TWIN FALLS,1099,JEEP,GRAND CHEROKEE,2004,65,034fbc0ec620b16fc7985d19ffedd2094cfcb3bd9f9abb558f34ce8b0af634ec,2026-08-06
TWIN FALLS,1099,JEEP,GRAND CHEROKEE,2003,65,9b32923bbe63e5091354f6e3a29b0548d9bbf1751a29d37fcc7e1ec6184f139d,2026-08-06
TWIN FALLS,1099,JEEP,GRAND CHEROKEE,2008,65,49ba49437203d1fd14baff9fe40ab36330a9b61e23ebfac2bd95b1e6aa9065d0,2026-08-11
TWIN FALLS,1099,JEEP,GRAND CHEROKEE,2000,65,fc7de53be5243393544310425fcdcfb3a19142458e0f1ee3a3469b38dc041a12,2026-08-11
TWIN FALLS,1099,JEEP,LIBERTY,2002,67,90eee82be5bcf66caa73a4514cd854c3044d229d8b83c621056662226c9e4119,2026-02-15
TWIN FALLS,1099,JEEP,LIBERTY,2004,56,71f0363a019d360472bd77bc8b47bcf0102f824fb96a8144005fae7cb85d35f1,2026-02-25
TWIN FALLS,1099,JEEP,LIBERTY,2007,58,8debc56c88e391f3365030a5ec140c81640d92a9b863ed1dd0b986240fac7e78,2026-03-09
TWIN FALLS,1099,JEEP,LIBERTY,2003,60,f53e5bc699c8b16ca241f0cfad9b63b1dc73a80f85d3164c5eb90beb2ab48056,2026-03-27
TWIN FALLS,1099,JEEP,LIBERTY,2002,62,494ea6abcc3804a34f7b22139d19af068eb29334387a9df2dbedfa0d184d7a42,2026-04-16
TWIN FALLS,1099,JEEP,LIBERTY,2003,66,2e108be8f97786ecf0fc023b69c495e899b4c5d679105954400f7a952eb08423,2026-05-14
TWIN FALLS,1099,JEEP,LIBERTY,2004,57,163049f917516cf786ae7e55be5dd14d73a04111b2539e4ed1d42e98c0a08a17,2026-06-04
TWIN FALLS,1099,JEEP,LIBERTY,2004,57,163049f917516cf786ae7e55be5dd14d73a04111b2539e4ed1d42e98c0a08a17,2026-06-04
TWIN FALLS,1099,JEEP,LIBERTY,2004,63,7bfa54c2747f2165b2ecd2bd5f5b32be9765b3a5561a93c241d4ffa609f3411c,2026-08-22
TWIN FALLS,1099,JEEP,LIBERTY,2005,65,98cfc1590e19a06fefc696b9b4bf2e9f2241705743d58ef6e2c675c2f0c3fac3,2026-08-06
TWIN FALLS,1099,JEEP,LIBERTY,2004,63,7bfa54c2747f2165b2ecd2bd5f5b32be9765b3a5561a93c241d4ffa609f3411c,2026-08-22
TWIN FALLS,1099,JEEP,PATRIOT,2013,62,d0f70372703d63a04eab0aff90e341b07740f878de6e5d3c2e01a03f91173793,2026-04-10
TWIN FALLS,1099,JEEP,PATRIOT,2012,66,126678c80a0a0e82f32ea33f8f7ca57b586ba66cdcb720aac2a6b50689b13a16,2026-05-16
TWIN FALLS,1099,JEEP,PATRIOT,2010,59,0edb9e92b859b38a3fdfc9f3a5a2bb9c56462e641a9ac20202afd0247344c865,2026-07-14
TWIN FALLS,1099,KIA,FORTE,2011,15,99502faeb9268abb767fc9864374e40bd220079f8a40485f6e4f973fcbc8afd7,2026-06-04
TWIN FALLS,1099,KIA,FORTE,2010,10,9770814eff93cd87912b4aa85481e413c816f8ff7f486d1e4ec30197976e0711,2026-08-04
TWIN FALLS,1099,KIA,FORTE,2011,2,3188c12e9c944717f06bb522bee93bc7ce75560e1001219d02e780588654bd1b,2026-08-08
TWIN FALLS,1099,KIA,FORTE,2010,22,4d0e56b996c54b46c39e5798cdcb0b8d635963dcc6e9880697ffc6a2b9955405,2026-08-21
TWIN FALLS,1099,KIA,FORTE KOUP,2014,4,8f4f73db7b76842206871ac389c43777927e1b2835d00e9775a1e2c71e9a2b1c,2026-07-14
TWIN FALLS,1099,KIA,FORTE KOUP,2012,7,262dbe327fd8f63704dc5822dd0bdf941dc6c59652936a656e5c12bb346086fb,2026-07-28
TWIN FALLS,1099,KIA,OPTIMA,2015,26,790c42846083e2958a227e6f3391cb084265a7373d9ae73ed6033f691e85d350,2026-05-24
TWIN FALLS,1099,KIA,OPTIMA,2016,21,7d44e5b8facfdee4654aac1f9aa63346b34dbf1bd9f14f4716f0d888a7697fcc,2026-06-10
TWIN FALLS,1099,KIA,OPTIMA,2008,21,9719b7ce3394ea583ac60e45dc2bf5b4f464b619128715c7f4821ec968c215ce,2026-06-10
TWIN FALLS,1099,KIA,OPTIMA,2009,21,0671f4c675b16ed27cff32ebb9dc92cea93a48f88adb4f2e2954c03f0ef9a84f,2026-06-10
TWIN FALLS,1099,KIA,OPTIMA,2012,200,5f43dc1af13eda10b9cdd4e16a3a614a9f21f1d1af4465a8f46aec6882b0bbdb,2026-07-02
TWIN FALLS,1099,KIA,OPTIMA,2015,7,994d1bd51a1b95490d6cec7da8206a12009e6e812f9e1f3f590189422937ec75,2026-07-28
TWIN FALLS,1099,KIA,OPTIMA,2009,25,56c49b7eaeeafebbe54d77dd5e061083c65ae9101fe733727908aa70badd4479,2026-08-29
TWIN FALLS,1099,KIA,RIO,2014,10,6dbb446181c6f9dd1b74fe5e39d2e51429243d69b400d3f71592698cdd56214a,2026-08-05
TWIN FALLS,1099,KIA,SEDONA,2012,22,2560e5b3deb272a00c93b66c7f9a90e540508a85116ea78a93b5702cdde16b60,2026-08-19
TWIN FALLS,1099,KIA,SEDONA,2005,22,a304fe920093e91156c061c205656b4d42904aa18141dce8e74d306cf6b030c8,2026-08-19
TWIN FALLS,1099,KIA,SORENTO,2005,11,e90be1ff9465a4b0cd2df9f5d593b8522d5621fc6469a75ca0d984f90723fd02,2026-09-04
TWIN FALLS,1099,KIA,SOUL,2010,21,5c1e7904f998c0b8b84c3446514d21ca121504388d110c48353cb4f0b8c1d4a1,2026-06-10
TWIN FALLS,1099,KIA,SOUL,2012,16,665ae44933c6b9cb2c9191dd486b6e58aaa8fa762fbf19ca08977dcbf60279ee,2026-08-06
TWIN FALLS,1099,KIA,SOUL,2010,25,c6540d7b657413983aeba7c288d88e8f49984195c5ace5f3fb52c2a3d3512631,2026-08-29
TWIN FALLS,1099,KIA,SOUL,2013,14,a29ac6638272c389d1b5182df4ee86aecd8b0c0565acce3eae32843bed060ec9,2026-09-04
TWIN FALLS,1099,KIA,SPECTRA,2006,6,bbd0e698b3c13d72ec450f155b014e68ce318fc246338d9382e9d7839333b733,2026-05-28
TWIN FALLS,1099,KIA,SPECTRA,2009,21,f612792bad1b39ddc90eab7e51b1eaca021c5106b4764666e8d8ed2b3c541f27,2026-06-10
TWIN FALLS,1099,KIA,SPECTRA,2009,14,d063f464a07c24be6892c000897699b95c4bca12e183bf0864894f2cfebccfea,2026-09-04
TWIN FALLS,1099,LAND ROVER,DISCOVERY,2003,25,2b6a718ededc8a34673075cedec244a17c169690bfabf0f9405e8b9885e505a0,2026-09-04
TWIN FALLS,1099,LAND ROVER,LR3,2005,22,223c3868942357c5de688b67cf905e9928ad8ad64abe5cd2e09bad06e758839e,2026-08-19
TWIN FALLS,1099,LEXUS,RX 300,2002,25,6afcfcefc56163b9e3d11db03fca36a8478ecfa8465b2625e306e843bc8cc00b,2026-08-29
TWIN FALLS,1099,LEXUS,RX 330,2005,6,c1426f390b8eadf41517e4fb95c0313e15ce29ecac5c1892d67a7678cc381993,2026-05-28
TWIN FALLS,1099,LINCOLN,AVIATOR,2003,39,9c315bcd3d9a6e332e9837fe263eee4de744f901c0c58aae7c1e4316a4016caa,2026-02-15
TWIN FALLS,1099,LINCOLN,CONTINENTAL,1999,82,3861cd1af45613749711a8be2a9bf1825e70623ecba551fb39ff45fc5b120572,2026-07-15
TWIN FALLS,1099,LINCOLN,CONTINENTAL,1995,82,518d339648d5ac5b9ab2f76d9f9fa7d9835d1c946966c904ea43dac3807bcdc8,2026-07-18
TWIN FALLS,1099,LINCOLN,LS,2000,80,e2fd202eb4d0a523335c3a2de030c7e0611fed6f05db5f268b5a4c251911b2f9,2026-06-28
TWIN FALLS,1099,LINCOLN,MKX,2011,37,c59eacb825f1c0b1de942827a2b9a44c4c902264528e93860782d65b8b8bf2be,2025-11-05
TWIN FALLS,1099,LINCOLN,MKZ,2014,82,8bd2215425df1247dfc4a91d10ce7c7135cdbdd9ec6cdf70267bf4560f19dcdf,2026-07-28
TWIN FALLS,1099,LINCOLN,NAVIGATOR,2000,31,0f7b20075f2df6f7ce60d5bc7a4a406b82c4e99e3a6c8db518c7fe3c0c9c2ebe,2025-10-16
TWIN FALLS,1099,LINCOLN,NAVIGATOR,1999,32,3fae7dd039be4dc93219dcc7eb4ab79208a4cd5dacf39bfe6a5038f6eb6ee943,2026-03-09
TWIN FALLS,1099,LINCOLN,NAVIGATOR,2003,41,510a020eacab036f33013bed485188d2f59afad61d4530634338a25a16d35c1b,2026-03-27
TWIN FALLS,1099,LINCOLN,NAVIGATOR,2003,43,a50137145f2a6de7bdd009741e0b4f0ca2d2ddc7710620afc1ea9a9a97d21784,2026-05-08
TWIN FALLS,1099,LINCOLN,NAVIGATOR,2003,42,3d6f2a1a0cc3f600c6953491fe3dac5734c2460a7c7772e6e6e70f6fd508834e,2026-06-26
TWIN FALLS,1099,LINCOLN,TOWN CAR,1992,80,c0edfb2b7fa72e67e214410aa082acc8c4a8169aa49ce544426dd434cd90f452,2026-06-28
TWIN FALLS,1099,LINCOLN,TOWN CAR,1987,82,76dbd80f7792cc43dcce4aa09814b92166a26419b074017dd034cfe104e0e4e6,2026-07-15
TWIN FALLS,1099,LINCOLN,TOWN CAR,2000,84,5ede6611ed1820d0a07fb525ee352b3fa0dff825fc86090aef3422523bfbf689,2026-08-07
TWIN FALLS,1099,LINCOLN,ZEPHYR,2006,81,ab23d93457beaea3fe8ee63d7d3db8c04cbcb5bf9f57aac36ca43ef7fab53cfe,2026-04-04
TWIN FALLS,1099,MAZDA,626,1999,13,3855e0017e0d4dff57b30a4ddb0b4851350b4ab8c82c3b0626cda9dbe0b5194e,2026-07-16
TWIN FALLS,1099,MAZDA,B-SERIES,1987,6,8bf4420b5c74ddebfa989f2a31e59f681145e1155dfeb8b98f58a6fc244a7706,2026-05-28
TWIN FALLS,1099,MAZDA,B-SERIES,1998,7,1fb2de37321dfa081a7f16973cfa563ab6c8a80bc078690f68186759e7ebf644,2026-07-28
TWIN FALLS,1099,MAZDA,B-SERIES,1987,7,36c0faaf5fe0aa06fa557dde87ab8f50f3fdd1fbc6ed3b472fde238c76eaf900,2026-07-28
TWIN FALLS,1099,MAZDA,CX-7,2009,3,3827bbe12970d5224ad5d020adac9fbf910c6208a2b808df5873a8c9c4010b94,2026-05-26
TWIN FALLS,1099,MAZDA,CX-7,2007,25,2993e7bf1937863f91b2e50b989781158eb421186bc7451bcdf75c5b3df14ff3,2026-08-29
TWIN FALLS,1099,MAZDA,MAZDA3,2006,1,913cfbf12c65df8ae0137bc3e6a3ec08d40170659ee66dce0d605d6c6d3fba9b,2026-07-04
TWIN FALLS,1099,MAZDA,MAZDA3,2010,9,a3fc77371071eb613d1602660ec65b10ef3596ac84f413c29f8e04c6a12d1ff6,2026-06-03
TWIN FALLS,1099,MAZDA,MAZDA3,2006,7,8ac4afd7a92d15f5cda62c5f225b8c2164b0bc9ba8b21a7e1c704febc06a0343,2026-07-28
TWIN FALLS,1099,MAZDA,MAZDA6,2005,200,ad0e463215d4ff75cf001172d32f3eb022d68a4b63f288027788601dcdb1f865,2026-07-02
TWIN FALLS,1099,MAZDA,MAZDA6,2010,10,3d0e554577d41fa41a566a46ac676591771d7561ad84416e1a44f93a80c770d4,2026-08-04
TWIN FALLS,1099,MAZDA,MILLENIA,1998,7,2f4ee1d0465fdc1eceeff4c252694109f2eb58ecf871ccfcf575f08f4037ffbd,2026-07-28
TWIN FALLS,1099,MAZDA,MPV,2000,24,7a5126ef2f43a8cf153c93cd646df85e229820b2ccb013060ae9e610288d15f2,2026-06-20
TWIN FALLS,1099,MAZDA,MX-5 MIATA,1994,19,eb4a95e5b56d253f36d633c5a48598122f8d29ceae69c6235fdce0e74098d65a,2026-08-18
TWIN FALLS,1099,MAZDA,PROTEGE,2001,15,0cb200d444f342878d62b0233f165db18b9731a7938c4904953313776bc9adf2,2026-06-04
TWIN FALLS,1099,MAZDA,PROTEGE,2002,25,c51341e18d34b7e7c00e49a463089faec4af2d37ec66daae074c95e71e1bbece,2026-08-29
TWIN FALLS,1099,MERCEDES-BENZ,190,1993,16,b8af666e9ece857ee444480edff91ccb9dc8d7ced278101bfc2d6cc7005706a7,2026-08-06
TWIN FALLS,1099,MERCEDES-BENZ,240,1978,2,6e6fc69f20a83cd8d84ce4df8b453550fa9fc51d0c84ad79a5628585a975403b,2026-08-08
TWIN FALLS,1099,MERCEDES-BENZ,300,1986,19,b94f13802c2f3ed031b1241143eb0955559d86a2b678fe1e8cd44c5873d7ae7a,2026-08-18
TWIN FALLS,1099,MERCEDES-BENZ,C-CLASS,2006,9,cdf30b8d597f5330f79154706d5e25b4c3671b882c3351c1ced53544a17f8724,2026-05-29
TWIN FALLS,1099,MERCEDES-BENZ,C-CLASS,2001,24,ef23aa844b528e66cc14324e1888f5078dd1b18ae90289395390b88513f3010d,2026-06-20
TWIN FALLS,1099,MERCEDES-BENZ,C-CLASS,2002,10,d917fbeedc97b4e633c2ad016eb41faf4f07578506831148b27260fbd676ad98,2026-08-04
TWIN FALLS,1099,MERCEDES-BENZ,C-CLASS,2003,8,88ecd5ea3e2e33291afc99f1363ab8500ba75bd17df996cdb1637cc00e56fe47,2026-09-03
TWIN FALLS,1099,MERCEDES-BENZ,C-CLASS,1994,19,33805ead45507f2230e1354f6cd01ba0315ec56a388ea5db0c745b23389d0463,2026-08-18
TWIN FALLS,1099,MERCEDES-BENZ,R-CLASS,2008,24,e3d3dd0ab31bbd3796e0d11363f8003af9f5b56995eda230587090730193c02e,2026-06-20
TWIN FALLS,1099,MERCURY,COUGAR,2000,85,ba28fc6f5b06505b330d93fa5144b2ce3b67842da82d0e39817fa3f61dd70434,2026-05-28
TWIN FALLS,1099,MERCURY,GRAND MARQUIS,1986,83,e45047906051b69b8d73f6c2fe54cd1447cb6ba64fa09832b87a3dfd064ce0a6,2026-05-02
TWIN FALLS,1099,MERCURY,GRAND MARQUIS,2006,85,7951d606dce66e89c1e889f51f60f685f4dda8de506d0bea76e87442e5cef100,2026-05-28
TWIN FALLS,1099,MERCURY,GRAND MARQUIS,2003,85,0940e7c17810e9c441ae80c9cf03619055ebae5681d07979a00105c416627f23,2026-05-28
TWIN FALLS,1099,MERCURY,GRAND MARQUIS,2000,80,164b99adc2ddf04e167c94b7d94dcf667a4c71a7c3c58b6a1d971c9779344637,2026-06-28
TWIN FALLS,1099,MERCURY,GRAND MARQUIS,2000,82,a3281d0641765bfb14a0cf584d3b2c317119af9cb93bad3bc4f31561507a2f34,2026-07-15
TWIN FALLS,1099,MERCURY,GRAND MARQUIS,1999,86,ecac29fee8b59cdad5682e0d5b3c9d4c88ee9b427ef0f99fb4d06891e7cf6aee,2026-08-29
TWIN FALLS,1099,MERCURY,LYNX,1986,83,8321e7d516754ecc04501b3e421ad28132b5de9572f8fc0dc1e3065c3c6ed9c8,2026-05-02
TWIN FALLS,1099,MERCURY,MONTEGO,2005,86,84cc82753dbae090b5493105fc90990420c731dff7426011eac0403431b84811,2026-08-29
TWIN FALLS,1099,MERCURY,MONTEREY,2004,37,c236a038d417c6cd7df23e8c46ad4d0255825825d359fc2770e7809a8e5003e3,2025-10-31
TWIN FALLS,1099,MERCURY,MOUNTAINEER,2003,31,7569c6a2bf58c23d82115b21b9dd4485e61de8a28ca84fec706b20ef9eaec39a,2025-10-17
TWIN FALLS,1099,MERCURY,MOUNTAINEER,1997,39,305a9c63ca3d35e93887201c35f9ada8ce1ad98a6eedf7556542c717c28968c9,2026-02-15
TWIN FALLS,1099,MERCURY,MOUNTAINEER,2006,40,8afb970480e9635c9c7fa4a2cbf142f453dfdbde8477fac98c533ea90644b3a3,2026-06-18
TWIN FALLS,1099,MERCURY,MOUNTAINEER,2003,30,7e6745abd2c356c239e3877a75c22589b87319d921397c1c1fe692e9c6b6b891,2026-07-15
TWIN FALLS,1099,MERCURY,MOUNTAINEER,1997,36,6c4094d52490bcb17f64a597396affc49fe41971250bbbec9fb523f40f7cc474,2026-09-08
TWIN FALLS,1099,MERCURY,MYSTIQUE,1998,81,ba588240974a88280fd1d6faed2ebe8dfcd08127a9ad7758455fbbeb36b20006,2026-04-09
TWIN FALLS,1099,MERCURY,MYSTIQUE,1998,82,6d6dcc58c3f71f0cddd08e59034326155b269b7ff72c1c6c25e91a5c7d10816e,2026-07-15
TWIN FALLS,1099,MERCURY,MYSTIQUE,1996,84,f116b33a6ce4513ed211f20fa524a37b40ada6a066a5fca8a943d4610eb5e2d0,2026-08-06
TWIN FALLS,1099,MERCURY,SABLE,1990,83,a2d89475da6469b544473554cdef070ffa6a9723d496a6af35c1cc19774415f2,2026-05-02
TWIN FALLS,1099,MERCURY,SABLE,1997,80,a90d81099965564bb6afcc6a5246b1687286a8561c09547294edca91f4071967,2026-06-28
TWIN FALLS,1099,MERCURY,SABLE,1999,84,e3eb29c7d24fca81756ed1d33327b408ad8f3a60deea502ffad28f1847678a91,2026-08-04
TWIN FALLS,1099,MERCURY,SABLE,1996,84,df0397d9897b69c19c601a1f8c6ac08d07246459f5bfc281d5a28d4b74b4a508,2026-08-13
TWIN FALLS,1099,MERCURY,SABLE,2001,86,17a7dbb77cba87f6fabe2e6f72040f288b79a71939f6005f8485272ed35113da,2026-08-29
TWIN FALLS,1099,MERCURY,SABLE,1991,86,f813ed5c8735762e6d32a63016cf511e365fbd4a3540dd10e75236be5b8ca91c,2026-08-29
TWIN FALLS,1099,MERCURY,TRACER,1993,81,85de9ff1d3dedee39e538eb2115d1e8cc53b410976eb79ce215ffba9210eabed,2026-04-10
TWIN FALLS,1099,MERCURY,TRACER,1994,83,bb15d79bc52411d7e003be1af4c2cfbb604c340d0f91b87627c62e66aa56ad20,2026-05-02
TWIN FALLS,1099,MERCURY,VILLAGER,2001,41,d0bf1d37f3e9a8ac4a127ea30d11ff16907c949008d93ec1dffaa2349174af25,2026-03-18
TWIN FALLS,1099,MINI,COOPER,2011,7,87e0f0a18a1413ac454813c59dd79245f74266812537281c7d32c60b2ff0f33d,2026-07-28
TWIN FALLS,1099,MINI,COOPER COUNTRYMAN,2012,7,85c309b6e262deb5fc638a48859c4af89c68f9a8d9ac877c6a7c498dca1092a7,2026-07-28
TWIN FALLS,1099,MITSUBISHI,ECLIPSE,2003,11,11204079527c2d8d3ee227c4d064c7bbfcc250c9da095283489077fa79f8243b,2026-09-04
TWIN FALLS,1099,MITSUBISHI,ECLIPSE,1994,200,2a059732c6ab005b1403a78f9f61f941c66161e90fc57159d8f7e37d9680af4a,2026-07-02
TWIN FALLS,1099,MITSUBISHI,ENDEAVOR,2004,16,d390459aec109060b1ef914dc7da233679e471d1225163a145800a9b0a36b925,2026-08-06
TWIN FALLS,1099,MITSUBISHI,GALANT,2008,200,9d286288adef2a66e1c5443026f9bbf2fc526592f18902c54e217b5204c11559,2026-07-02
TWIN FALLS,1099,MITSUBISHI,GALANT,2001,18,1fd6075cf16e360d610fd30101ea4faecbd383357946e541ffda2444d09cfd3f,2026-06-20
TWIN FALLS,1099,MITSUBISHI,GALANT,2011,16,44e912c6a8ba052ecd71343b978cd825b64037d7c978ff07081d840d4a25cb3d,2026-08-06
TWIN FALLS,1099,MITSUBISHI,GALANT,2004,22,2c05a54888a35bb873fd4920fc8d840a42cf4bb64273f1256e8fa5363554e04a,2026-08-21
TWIN FALLS,1099,MITSUBISHI,LANCER,2002,7,088a24097c6a6e2f7b778b1810a12ca8dbf31f02edb4f04dfcd3d3cb69061a42,2026-07-28
TWIN FALLS,1099,MITSUBISHI,MIGHTY MAX,1987,21,118d95d64aef47acc5e0b298cd949c6d7e98c8fbdc1add6d4169d120778f0520,2026-06-10
TWIN FALLS,1099,MITSUBISHI,MIRAGE,1985,4,a94685b130f70471df5cbad0b40fb72ed72d6084228650ffd2e1d9c2cb7b9b3b,2026-07-08
TWIN FALLS,1099,MITSUBISHI,MIRAGE,2017,14,83a51a188892622c1ac967ed619e9568bab01b240a9e63079dcf11061850d09d,2026-09-04
TWIN FALLS,1099,MITSUBISHI,MONTERO SPORT,1998,16,4a306005dd177191b7583a2aed2461f554e263443042654fccf9a63c5004ac03,2026-08-06
TWIN FALLS,1099,MITSUBISHI,OUTLANDER,2010,4,7f92858de7280114563216c4ef3c5acda82960253df9c0c21c70120b7274c1b7,2026-07-08
TWIN FALLS,1099,NISSAN,ALTIMA,2009,26,67fbe23759e2dba4a85c00b3cfab982ef2918e9e901800281c056e45023df0ed,2026-05-24
TWIN FALLS,1099,NISSAN,ALTIMA,2005,9,e9ba78fd090276687c326433bb72fc2844ec4e4a3a21730515040880c1989edd,2026-05-29
TWIN FALLS,1099,NISSAN,ALTIMA,2008,9,799a442a7931ee8dacb71f3e511adaa908efc061474ae1a175c642557dd7912d,2026-05-29
TWIN FALLS,1099,NISSAN,ALTIMA,2003,9,bbfc137966cf5f248ab96ed136847e2057017006cc42be965d8333bd39032512,2026-05-29
TWIN FALLS,1099,NISSAN,ALTIMA,2002,6,6651c207e4dd54294aa68f3f588c0b7fa4f2f12a10246c765bc0cc9c7a21d29e,2026-05-28
TWIN FALLS,1099,NISSAN,ALTIMA,2008,26,0ad90b4223d9ea556344aa997f6f1f526919f2fcea8c2be5d3be48edf2863add,2026-05-24
TWIN FALLS,1099,NISSAN,ALTIMA,2008,12,83fb59a811ba0d75d330521a89e98acace8fd9e928e392cc60d2a63df3614191,2026-06-02
TWIN FALLS,1099,NISSAN,ALTIMA,2013,18,df54a17dbbc899c07558776d1833cfd0d25d6c52b00468090819c7d7279d6f4e,2026-06-20
TWIN FALLS,1099,NISSAN,ALTIMA,2005,24,6bbeaf9cbdaa5ca2cb0d64a1f17589eb4344fa1c3584ab944567a6975d4f6522,2026-06-20
TWIN FALLS,1099,NISSAN,ALTIMA,2006,4,b8c1f5b821fbe5844b040e35a4d7228379958c1f18b100628b7bfbaa1fda4c30,2026-07-08
TWIN FALLS,1099,NISSAN,ALTIMA,2013,4,9a9d02a1011f1744c36b388725bb33be5616981c75a165635c92040c1d36b3e4,2026-07-08
TWIN FALLS,1099,NISSAN,ALTIMA,2008,16,d7d5b9f3bf0fd4048058e6043c1432b642d204a190d1181e4df019cacc4893d2,2026-08-06
TWIN FALLS,1099,NISSAN,ALTIMA,2010,22,ff4fb83e58906b41c045b895510fe3b12eda3eae2eae91e76435428b6b2e45dc,2026-08-19
TWIN FALLS,1099,NISSAN,ALTIMA,2005,14,bc94a83fcf518596e0832d557e810c6ed2e1612649c18096a92d70e8ad580a48,2026-09-04
TWIN FALLS,1099,NISSAN,ALTIMA,2008,14,b693c9dc56aa86eef7342f4b8aa96bbd3c37f9d4789010939ea93ea395204f05,2026-09-04
TWIN FALLS,1099,NISSAN,ALTIMA,2001,14,325f7bf0e087d85168e223f60e7a0ee7eb747a2fd081a9062c690b34fd78ea16,2026-09-04
TWIN FALLS,1099,NISSAN,ARMADA,2004,7,d0e966ab36c0e385530d1ac1fe96ae2104d3f88096bbf1205f2d99697b296680,2026-07-28
TWIN FALLS,1099,NISSAN,CUBE,2009,200,60d4bc0057cfd47c6b39b142c78eeaec77420570ebecc47dc9b0ef8b6a5183bd,2026-07-02
TWIN FALLS,1099,NISSAN,CUBE,2009,7,cdcdb865fc483f72e6063cca8bc7af4b04843a9a8c6f931eb176aaccaf500706,2026-07-28
TWIN FALLS,1099,NISSAN,FRONTIER,2002,1,598e2a56900f5ea662bf9201d0223dc6af4a8fe61dc76258e8710546bdc71b9f,2026-07-04
TWIN FALLS,1099,NISSAN,FRONTIER,2000,7,a2bf92c2d6054c26f58db081358228da5e9b6b174bddbd22f78de8fbceccfa00,2026-07-28
TWIN FALLS,1099,NISSAN,MAXIMA,1997,8,bbc4a62e9f4d1e164824cbfa240c8c4212e67724cbf84f44bf76f6ea69b10c70,2026-09-03
TWIN FALLS,1099,NISSAN,MAXIMA,2007,24,82e4a9101152796666eea131275fe0e8aba12b2d951d11a023f34f50865cc17c,2026-06-20
TWIN FALLS,1099,NISSAN,MAXIMA,1989,2,cdb3a0d404915a9c9cf4790890cdc2b2d4936af88bc949ce2118850751b77e88,2026-08-08
TWIN FALLS,1099,NISSAN,MAXIMA,2004,5,75c8750bb92236a8bbbd5e26d0aafee3904aaea210b976e747e58305cf96e1ef,2026-08-12
TWIN FALLS,1099,NISSAN,MAXIMA,2009,11,27aaaec49021609fc3188d8d7524e546c46e9134ea31147b8b2f66402890eaec,2026-09-04
TWIN FALLS,1099,NISSAN,MURANO,2006,200,7950872e6552bd58af1814e0b4adf116c8ce337fb5df24ea246c5f4c84e53099,2026-07-02
TWIN FALLS,1099,NISSAN,MURANO,2006,26,248782530b2b3b90113623532e5d9515fdcb8b4e1cb97716e76b335f1a7c62d6,2026-05-28
TWIN FALLS,1099,NISSAN,MURANO,2007,6,14836f9e8c0fc97024383e2c6bc5b58f0368d9811e2ccb8a83c4237f69b53cab,2026-05-28
TWIN FALLS,1099,NISSAN,MURANO,2011,16,a16c786bc1c475c4263868fe2eedc1666758682fa1fbf052505a167c7a273f34,2026-08-06
TWIN FALLS,1099,NISSAN,MURANO,2003,200,a395057d2fd64db93629530e879dbb0e60d996a8f613400adf73917c581883d8,2026-07-02
TWIN FALLS,1099,NISSAN,MURANO,2006,25,cf8c728accb3725fa9517e85d4d0c8af76df3983a67610f63308f5f593c3ff24,2026-08-29
TWIN FALLS,1099,NISSAN,MURANO,2009,11,7213921e12bf3dedac9bfdcbbd25b883a20aff24b15f545989f6e36c39d9f1e9,2026-09-04
TWIN FALLS,1099,NISSAN,PATHFINDER,2006,13,1ace72eacad04808972c452167c45d451cdb70a2560153beb1e43052c111a150,2026-07-16
TWIN FALLS,1099,NISSAN,PATHFINDER,2008,7,4d3b76af8f7bb30d3492ccd6f058c84d6cbc54ce7f339c6d66673e91d0c679d9,2026-07-28
TWIN FALLS,1099,NISSAN,PATHFINDER,1994,22,93b809a044c62d0823d1afa55377c3aa6ecf659aa8685e19017ff0d9aaead990,2026-08-19
TWIN FALLS,1099,NISSAN,PICKUP,1986,21,f8d9868a3f49af53e6d38b13e863befb96b52ead6937da94b7c3cd50fa4d1dc4,2026-06-10
TWIN FALLS,1099,NISSAN,PICKUP,1981,16,10e2a0f173696da352a913ad4b8fc676bb54dc734f85dea2dd542424f177abfb,2026-08-06
TWIN FALLS,1099,NISSAN,QUEST,2007,1,1193e4ee0ba3fb84fb16b26ccd73043278811754e099cf1bc7e22b0a3a908094,2026-07-04
TWIN FALLS,1099,NISSAN,QUEST,2005,200,a5b15b391ba25f3a8b0d3f53d3cc69991f82504f6615ff088948dcf20aa9e945,2026-07-02
TWIN FALLS,1099,NISSAN,QUEST,1995,200,197ae9e224ac0ff1456468f88e96364c7106a73bd152fc8e2ef1d03f71d30563,2026-07-02
TWIN FALLS,1099,NISSAN,QUEST,2001,4,e55d002830733c20d90c73ade0caaea06c25756bdb647ec66a050b41b753e701,2026-07-08
TWIN FALLS,1099,NISSAN,QUEST,2001,4,e55d002830733c20d90c73ade0caaea06c25756bdb647ec66a050b41b753e701,2026-07-08
TWIN FALLS,1099,NISSAN,ROGUE,2011,22,9466fedbee3ff34d789689c01afd00c4bb81af99601c6dbd21b94a7dccf2a40f,2026-08-22
TWIN FALLS,1099,NISSAN,ROGUE,2016,5,c67f5afd6250cd4e25b4652d52a4c3cedc5cd9016089fd5e047fa03739e25c80,2026-08-12
TWIN FALLS,1099,NISSAN,SENTRA,2018,13,72fd18dd7e6b2777754a2b0102b5a2d60ec06ef9a9cecdf1dc1247b7356417c5,2026-07-16
TWIN FALLS,1099,NISSAN,SENTRA,2007,9,e81e774a59a182e152b3cf086af17a24bfcfa22925b3d8b2a69659b6ba962e98,2026-06-03
TWIN FALLS,1099,NISSAN,SENTRA,2008,21,4d59b22ecba44ac1d046af908f0775ee4ee74023a5ec7c4854c32d1c77025f52,2026-06-10
TWIN FALLS,1099,NISSAN,SENTRA,1993,24,b038dadfce9223e9166e9f756b8b2b49c980513b09a108365149b365696e5dd7,2026-06-20
TWIN FALLS,1099,NISSAN,SENTRA,2014,24,6b9e86de5eb92958e9c6f40ce79e58fd967ea456429f8d50afefb6a9b6913d15,2026-06-20
TWIN FALLS,1099,NISSAN,SENTRA,2007,24,bc989777835723ed86f1ee2ad66295fbcf162ed53ba91f733e624ab3b15c90f8,2026-06-20
TWIN FALLS,1099,NISSAN,SENTRA,2010,4,e5ea2a4686e4c034f84624331af1ebca0c804c2b006adf0e9e5a9a48482c8122,2026-07-08
TWIN FALLS,1099,NISSAN,SENTRA,2013,13,a2a23ad008604c143746160370430fd8664a25a370cfb58fe9665a4dc9317974,2026-07-16
TWIN FALLS,1099,NISSAN,SENTRA,2011,16,b2768bc8de8a8ed02079178762ba3d4a12bbc1a556722d8037f738823ed1ddd8,2026-08-06
TWIN FALLS,1099,NISSAN,SENTRA,1991,2,b8d94242cd986be02c726c2b84849a8016f89e4ef1a31093af05113401daebcd,2026-08-08
TWIN FALLS,1099,NISSAN,SENTRA,2002,11,aeea757d7875b774115f60cc46c5af89ce2e80bf1d0d555611d8e77941089474,2026-09-04
TWIN FALLS,1099,NISSAN,TITAN,2008,13,f90bbc7267ed60435a26da4618cbd822a557f29b137987904d1456de93e4cf27,2026-07-16
TWIN FALLS,1099,NISSAN,VERSA,2012,3,b141cf689265768f623162af6d77777074fa920d3e7b573122170c6a4b1f3150,2026-05-26
TWIN FALLS,1099,NISSAN,VERSA,2009,21,aae2145f3e8cc9d3dac95f79f365fd61c0a952df2e89bb29a092b2849e802740,2026-06-10
TWIN FALLS,1099,NISSAN,VERSA,2016,200,45b84e1b18432bd8f548e2af6fb2022daab2aa9d62ebeca9d0e732c4f5c2daec,2026-07-02
TWIN FALLS,1099,NISSAN,VERSA,2007,7,363392b7f7270e2949712e74a649041873e749d4802b60ca543a371253d98a55,2026-07-28
TWIN FALLS,1099,NISSAN,XTERRA,2001,26,2791da76649326a08610d330f6c6d731d9379fb6aebaacc969267c09cf8e1cd8,2026-05-24
TWIN FALLS,1099,OLDSMOBILE,ALERO,2000,76,3844df1ca06b65e0cf8d2b069a205ea3b3d8e322b4132537bf84d99fc7899272,2026-06-06
TWIN FALLS,1099,OLDSMOBILE,ALERO,2003,70,7e99c90b6bf131a32120b4ea89c143b786e02f6d60448babda05343046831ed6,2026-04-18
TWIN FALLS,1099,OLDSMOBILE,ALERO,2003,72,b202c644ba16034e8b10619db6464999846846f48031c72aee9a2acd14cba90a,2026-05-02
TWIN FALLS,1099,OLDSMOBILE,ALERO,2002,78,d6d963d9e767accc2c8c8e53615bd88005048b17689a636c0521073a8e97452c,2026-05-28
TWIN FALLS,1099,OLDSMOBILE,ALERO,2004,76,c9ffa898ca481ef399c28ecfb7f59c375904d40125143252ec946053313ac67d,2026-06-06
TWIN FALLS,1099,OLDSMOBILE,ALERO,2003,69,4cda5cb38d30c19a88ae679910c6537a4f147c150ba28a393704582be045cbfb,2026-08-04
TWIN FALLS,1099,OLDSMOBILE,BRAVADA,2002,48,58dae8ebd5ca5f5ad1081b0f7a5b0355a21da2572b4ba142741e3afd04760e5f,2026-05-02
TWIN FALLS,1099,OLDSMOBILE,CUTLASS SUPREME,1995,78,91df9d18999eb395cc366be5ac6c9aadaf7ec204929f099ed1c52217ff558dbd,2026-05-22
TWIN FALLS,1099,OLDSMOBILE,CUTLASS SUPREME,1995,76,5f8b4e8706e1a51e28ac58e0f0357a1ebc847c47b890fec6430284be84c41376,2026-06-12
TWIN FALLS,1099,OLDSMOBILE,INTRIGUE,2000,75,eea598bc7f120eef925701eb710c0ad869eddf441f64e457f4d80431541bb766,2026-08-04
TWIN FALLS,1099,OLDSMOBILE,SILHOUETTE,2004,53,25b2fd6945031570d4075751171a04d3b60581724d4602f4397bfbd1d5f8e14d,2026-08-21
TWIN FALLS,1099,PEUGEOT,505,1981,4,96216aa009036461011d61f7f5a8ad55dc630d051d647971fba616d945f5dd10,2026-07-08
TWIN FALLS,1099,PLYMOUTH,ACCLAIM,1990,94,8ddc0b3166a2c216fa05c7193e95e167b3d85e78b3b4a908ddd4509398b0be77,2026-07-18
TWIN FALLS,1099,PLYMOUTH,GRAND VOYAGER,1999,62,633663d7c6c8d2b13cecbfcee05425dd1378219bd9e079dbd33a40f6ddd07250,2026-04-02
TWIN FALLS,1099,PLYMOUTH,GRAND VOYAGER,1996,66,7a0cd3ac171bf0b67149d868200f2b0021b6adfc84e836b8cb47d357e2ad04eb,2026-05-14
TWIN FALLS,1099,PLYMOUTH,VOYAGER,1997,56,c0b340cd6611c6c4d02a65a60031c45013bda9a3ea232599f581dde7ea6449dd,2026-02-25
TWIN FALLS,1099,PONTIAC,AZTEK,2005,50,6747bee53baaed54cdc01659164a56d1061442515310802c0e90f9df4c397f6e,2026-05-15
TWIN FALLS,1099,PONTIAC,BONNEVILLE,1996,72,ddb9d1ca60aba512e0e8ebc1f543b46386a24b42bcc1f798946a06db00907396,2026-05-02
TWIN FALLS,1099,PONTIAC,BONNEVILLE,1993,70,601be048c3fdc08ade46065fdc47449dcbd2bee45cfc2b1faa8e70433f785e36,2026-04-24
TWIN FALLS,1099,PONTIAC,BONNEVILLE,2005,74,b03eb1c84623dfda85ede4047ba4086e99587e400039c981ebde0b46ccf26dd1,2026-05-16
TWIN FALLS,1099,PONTIAC,BONNEVILLE,2004,74,c1d524082b3fe253f0f13a6091c1f68b3d957862e0225f9f5f0eba73f3bf5034,2026-05-16
TWIN FALLS,1099,PONTIAC,BONNEVILLE,2001,76,3874be590aee9f64651c75eda1002466c31c37b1546b2c76ba574296cd378a05,2026-06-06
TWIN FALLS,1099,PONTIAC,BONNEVILLE,1999,75,fdca3e3afbce3771e1ed5d5a98f4279acbda33e9113e9d8bf00bb10541095d56,2026-08-18
TWIN FALLS,1099,PONTIAC,FIREBIRD,2001,70,f4e871e4e744eb3999f5ee11036e14f6f3c631c72dae789071b0ba3ed7bf1300,2026-04-18
TWIN FALLS,1099,PONTIAC,FIREBIRD,1995,75,bb1c23ada9aa9f9d2f940dd7659869291d99a9ef0e7ac0faad885f7292b010f3,2026-08-18
TWIN FALLS,1099,PONTIAC,G5,2007,74,97c079c12669a5454acdec0d5cacbc3a27b45ddb8f592c5081672312c87a64d9,2026-05-14
TWIN FALLS,1099,PONTIAC,G5,2008,79,e2db0ca62dcda01818119801cddf58e3c700cf3c7157a2601ca786f0e4198fc9,2026-08-29
TWIN FALLS,1099,PONTIAC,G6,2006,74,3f932159677bade4216aec158da31e7bf19e684cebac927087e7dfb69368c310,2026-05-10
TWIN FALLS,1099,PONTIAC,G6,2009,70,381ca5d6dc3e63deddabfb7e1c8c59ab68916dc8bbcf1b542c368c3275df9c0f,2026-04-28
TWIN FALLS,1099,PONTIAC,G6,2008,74,b82d77098cfd28cb8cd195fd707a9585707820cbf60c1f0e5144cec135ebec3d,2026-05-12
TWIN FALLS,1099,PONTIAC,G6,2009,71,56a1e4f6fbd6f15ed13a0fd2edda2e422382d9a2a2a85cbb5b4afbe0673d92f7,2026-06-23
TWIN FALLS,1099,PONTIAC,G6,2006,73,aaf1e55683ae187e8170e63ab4e921f9bcfac7bbe0308e274a831c7d5a584084,2026-06-30
TWIN FALLS,1099,PONTIAC,G6,2006,73,aaf1e55683ae187e8170e63ab4e921f9bcfac7bbe0308e274a831c7d5a584084,2026-06-30
TWIN FALLS,1099,PONTIAC,G6,2005,73,d2b3a6d26a0d692d7fce48b4ad049b217a7055faceb416cd65c56661eedb60ee,2026-06-30
TWIN FALLS,1099,PONTIAC,G6,2007,77,896bb208878c28edaf6ccd14eca83f15d26a1e6a1d0d96a5bbd8adef54fd13ee,2026-07-07
TWIN FALLS,1099,PONTIAC,G6,2007,77,896bb208878c28edaf6ccd14eca83f15d26a1e6a1d0d96a5bbd8adef54fd13ee,2026-07-07
TWIN FALLS,1099,PONTIAC,G6,2006,69,1771b15cdeaa8c5530f18f83ce077c2fc5ce8909f40cd6f499b9ac4feee7c851,2026-07-21
TWIN FALLS,1099,PONTIAC,G6,2008,69,f6a6ada5ea0037ea773ec4a575bd98a90b2303637e81b33a69628fa248af03c0,2026-07-28
TWIN FALLS,1099,PONTIAC,G6,2007,75,af9e60e1b46115c5ae04f3b330839ce4d55ddd764d8f9f8be1f0ded2d805373e,2026-08-21
TWIN FALLS,1099,PONTIAC,G6,2007,68,52887bbb5d0a1c8b0c7f5c15d5310f5b60d1f7e4455e2c2243e43e0aefdeef55,2026-09-08
TWIN FALLS,1099,PONTIAC,GRAND AM,1997,70,c220ce1a1b7b216abc578c97d79c9e32041a7be23d9216160890a6b0e0d6dc52,2026-04-18
TWIN FALLS,1099,PONTIAC,GRAND AM,2004,74,71954f4036185f4fd6d6f4e6511e90c717a79aae5bf54bf0228b6bd3033318fb,2026-05-20
TWIN FALLS,1099,PONTIAC,GRAND AM,2003,74,4b7c1067911eedf4ac1fa3590d196abcad76db7ce39a4726dd5df879609ab649,2026-05-10
TWIN FALLS,1099,PONTIAC,GRAND AM,1996,74,9453cce99f9072e9e123dfcbac7623872e8e686e063ce33e0e0a1e647ee6e74a,2026-05-14
TWIN FALLS,1099,PONTIAC,GRAND AM,1999,74,6a86cb98e6148c3f12ed2edc7b918becf5d260c53aa6ba2388bda44e81fb3976,2026-05-20
TWIN FALLS,1099,PONTIAC,GRAND AM,2001,73,76a5a4db4e792eb9682e52133cde8c527c05512da7b4afa704454897d4cc0196,2026-06-30
TWIN FALLS,1099,PONTIAC,GRAND AM,2002,71,c03860a2b3760a9eeff3eee796522653ef86319be3c73eeaae04e490d9186d69,2026-06-20
TWIN FALLS,1099,PONTIAC,GRAND AM,1998,73,b3465c32c6bf6e4115e8d74dfdcbd622d46884b938f787253b6f99ed4f706ea4,2026-06-30
TWIN FALLS,1099,PONTIAC,GRAND AM,1999,77,4023b3b2a677831b846c25eb41140f6f50d01cc775ada545afcea030a6173554,2026-07-07
TWIN FALLS,1099,PONTIAC,GRAND AM,2002,77,822f9119d8d0e0d59b08b138674ff07636e76923577d786e7aee973f67044572,2026-07-07
TWIN FALLS,1099,PONTIAC,GRAND AM,2002,69,fb7f7b78a6806b812aa376ca9799aa71a2d1e8616cd4d695ec4fe0688e40d876,2026-07-23
TWIN FALLS,1099,PONTIAC,GRAND AM,2005,69,04d582776e5cc9da9a3fc132970a271da5226ce5ef05c15b5654f12b60f45191,2026-07-23
TWIN FALLS,1099,PONTIAC,GRAND AM,2005,68,ab6c7d0bd848d595d1783da98f10c96021c930253ddccb51d9f8453637f3cba0,2026-09-08
TWIN FALLS,1099,PONTIAC,GRAND PRIX,1994,72,7b18dfcdc0b2cd41a6221af24d7308fe36e99de0eee0385835d9700012799328,2026-05-02
TWIN FALLS,1099,PONTIAC,GRAND PRIX,1995,73,34831a1c0df84dbd8577439f1edb0135da6000c78bf02c948fc518686ac4e9c5,2026-06-30
TWIN FALLS,1099,PONTIAC,GRAND PRIX,1999,73,08cb6880370577747e8fa4666eae526543638dd66248bc1c4931e7e0beaba9c0,2026-06-30
TWIN FALLS,1099,PONTIAC,GRAND PRIX,2007,71,990240f96a62bc8435a49d9ed1b2dd6729bae8ab2a5ea2d595d7108ffa5f1986,2026-06-23
TWIN FALLS,1099,PONTIAC,GRAND PRIX,2007,69,afdd68737731ca4a5d6cbf866d67b76360b1e4066ef87e65d661bfe1ad174917,2026-07-21
TWIN FALLS,1099,PONTIAC,GRAND PRIX,1999,68,368b8e05dd19f59540f68ad2559bfbad5091935e6f98bb8fdb9a3ef698f3758f,2026-09-08
TWIN FALLS,1099,PONTIAC,GRAND PRIX,2002,79,9f2539f69b92ee181025bcf21f2bf2fdac934e0190e4b4ca30a03ef9cd62d785,2026-08-29
TWIN FALLS,1099,PONTIAC,GTO,1973,79,70926bc9152795d828e58ba787f54417d2361bfa3e2efe90f8574f06fdfb97cb,2026-08-29
TWIN FALLS,1099,PONTIAC,MONTANA,2002,54,4f97fe8144703f0bab3bce7760753f9b8258a3187fb03ee87739f1a8c2bbb17b,2026-06-18
TWIN FALLS,1099,PONTIAC,MONTANA SV6,2006,53,7dc11e7758d91e60f2d411e496379175ce72aad3d3babff316cb13ec607c1a6f,2026-08-21
TWIN FALLS,1099,PONTIAC,SUNFIRE,2002,79,a11cb22109f0f5b4be80d4e99d6daf48eccb76eba7b006973afbf75a44d57ec8,2026-08-29
TWIN FALLS,1099,PONTIAC,VIBE,2005,73,8d8ad932b03345bdb85ecdd08bab2cf26b35630159d37c151ad73c5914cdb900,2026-06-30
TWIN FALLS,1099,PONTIAC,VIBE,2003,73,9d6e545f43a50ce54f8c2fca531a6183d7686557d8ec601bec9a82bf90c63dc1,2026-06-30
TWIN FALLS,1099,PONTIAC,VIBE,2005,73,8d8ad932b03345bdb85ecdd08bab2cf26b35630159d37c151ad73c5914cdb900,2026-06-30
TWIN FALLS,1099,PONTIAC,VIBE,2009,69,6b3ed9f2930d295c59a7ac6adfaf481a5c471c93e24931733a00db3b1693a32f,2026-07-23
TWIN FALLS,1099,PONTIAC,VIBE,2008,75,887114a01a4fea44c1f51d65838c7daf5f352b097d9f7e6d651483cc88623220,2026-08-21
TWIN FALLS,1099,RAM,2500,2012,61,92e77337fbbb0add7ff97e24378f553a382bc8340addd3ca1c0ec940730a75a3,2026-06-30
TWIN FALLS,1099,SAAB,9-3,2003,26,7357ec5b9495d3b4d5e63fb65e4808796176044d283e8bb66478be184a924c7a,2026-05-28
TWIN FALLS,1099,SAAB,9-3,2011,1,78346c0033c943c6c5f64dd3effb78b6a0ca0ec3edf4479cabe9d340d48f9a89,2026-07-04
TWIN FALLS,1099,SAAB,9-3,2004,8,4970e234d8bd7425c6602faa3b81ead1be07a54292c9d9d383d76cedfb68d924,2026-09-03
TWIN FALLS,1099,SAAB,9-5,2003,4,c9bde0dfeb39413b87d99b472801e9f7641c31c844b755adb16a308dff5835a4,2026-07-08
TWIN FALLS,1099,SAAB,9-5,2005,16,9f6f952e5118b343f37ae345c00d27d2fbce32fc21ea4c52e418fd3447e647ad,2026-08-06
TWIN FALLS,1099,SATURN,ION,2007,75,1ceaae871e55af70f4e35f2c0a21504d24d99f7602c4172e96aae83833d0dfa9,2026-08-13
TWIN FALLS,1099,SATURN,ION,2005,75,1f85f90e39c57524e5bff3964b992b0f29f7df66bd54a630c1e5d8603c8520fc,2026-08-07
TWIN FALLS,1099,SATURN,ION,2007,75,1ceaae871e55af70f4e35f2c0a21504d24d99f7602c4172e96aae83833d0dfa9,2026-08-13
TWIN FALLS,1099,SATURN,L300,2004,72,f916eaa8706e26d2e46718d5f5fabd374b64d4e4f5e5c1a05bf407bb5e2830a7,2026-05-02
TWIN FALLS,1099,SATURN,L300,2004,76,69c9fb7b29fcd4ff8b08f13b5d55969186586231bb1ddf0b4d31acc077262476,2026-06-12
TWIN FALLS,1099,SATURN,OUTLOOK,2008,47,8751489b5e8ed4de373cefdf826fb6dcab63a9f8b87acc364eda1a1eb7249b30,2026-06-26
TWIN FALLS,1099,SATURN,RELAY,2005,53,107d3f331cea3940067237c760d5786ff1d638b5dad5d5f6618f9425b1f44947,2026-08-21
TWIN FALLS,1099,SATURN,S SERIES,2000,72,3ea2cc687ebe5f46beb5606ea458f40198dfb1da81e670adf0ca0f2e5b76412b,2026-05-02
TWIN FALLS,1099,SATURN,S SERIES,2002,76,8e6c07955c022cbdc063d6fb8b03bf69657735ac96ecc73c808c61461e26e257,2026-06-10
TWIN FALLS,1099,SATURN,S SERIES,1994,77,cea8a9b8ae00190da0b03b33e64aa7e7e8f194ca0640f98673fad90c14191f21,2026-07-08
TWIN FALLS,1099,SATURN,S SERIES,2000,79,596324ca4e5d3bfeffd1e505c4838a968923eadaa986a61e6d3de491dac324a9,2026-08-29
TWIN FALLS,1099,SATURN,S SERIES,2000,68,9cca00552328fd3f418087f02445e76d0f343c45dde55461ce4ce9476413ce5e,2026-09-08
TWIN FALLS,1099,SATURN,VUE,2007,48,4fa19392c28a66cc07938931f1e0adc616224ee46a0d71a21c6874380fba1b7c,2026-05-02
TWIN FALLS,1099,SATURN,VUE,2006,50,28d07d867d1fd2161afd6e56f45ef0c6b8b23d90c5468b74fb2258d0dad0bb99,2026-05-15
TWIN FALLS,1099,SATURN,VUE,2008,47,91a0a7882e84ed4ecae41dac35bb234ec3828b1544818dd6a3b3b5a88234f13c,2026-06-25
TWIN FALLS,1099,SATURN,VUE,2007,54,94ac0d6abda3e38e78e236595d058d3dcc593fa1dc70bb211f9fbe7d09e026b5,2026-06-24
TWIN FALLS,1099,SATURN,VUE,2005,47,cc3b08b12d1dd46f1d9284a20ac6bf3f7cc732dfa72191dbf0b0c409f7d0188d,2026-06-25
TWIN FALLS,1099,SATURN,VUE,2009,47,feafdba2e5e2f38f4ddfa7a53fc84944813ed8a895099e3338ae9ee9250e2ddd,2026-06-25
TWIN FALLS,1099,SCION,TC,2012,19,520a5f0b55a8d9e5fa5a481033c5d312903eb2973294d9c5e47e43a444717322,2026-08-18
TWIN FALLS,1099,SCION,XB,2012,200,a360e988e4ef3381125e809e94bb678d11bb1b61d2ac8930a29b5af0d9a8adf4,2026-07-02
TWIN FALLS,1099,SCION,XB,2009,25,6ec4cb657d0e0fba40a9491536183ddd80c3bca5297c0393aa05571618f80397,2026-08-29
TWIN FALLS,1099,SUBARU,BAJA,2003,22,c5c822d40a239db6e8fd302320aae6d868a6860488c6fe8dd4380e3803327965,2026-08-19
TWIN FALLS,1099,SUBARU,FORESTER,2013,4,118c81115b1665079649abff52798c115a9675f4d2d18dd9dab79ef5cd64bd0d,2026-07-08
TWIN FALLS,1099,SUBARU,FORESTER,1998,13,223e266ccef20ec814e59227277f983726a75710128419e78e9dd966412b0d71,2026-07-16
TWIN FALLS,1099,SUBARU,FORESTER,2015,19,7c4675488520e4ab93e8e9bed31dfc161036995a47cf7a55fb11665a9a9a3886,2026-08-18
TWIN FALLS,1099,SUBARU,FORESTER,2005,22,6a6701e95ee04c1a79f6666aa896deb2fd93fcdce5598571e1ab64e00075f17c,2026-08-19
TWIN FALLS,1099,SUBARU,FORESTER,2009,25,4a6350fbd0d5d929de4dcc07d16a144bb64c497c0fa510d135d6f690082cb4e1,2026-08-29
TWIN FALLS,1099,SUBARU,IMPREZA,2002,21,60baf351b57b54263a7e593a4cd6702dcc162467735f123ebb4d57edd6872b89,2026-06-10
TWIN FALLS,1099,SUBARU,IMPREZA,2002,12,76bbebc570f1fee65711f60ce9685da497512865a8d3e0b19f08885494e58785,2026-06-02
TWIN FALLS,1099,SUBARU,IMPREZA,1995,15,2d04d0c8154555d8e0c5de882fdd7c07277cd3af258862d5a50bc61512494177,2026-06-04
TWIN FALLS,1099,SUBARU,IMPREZA,2008,18,0a3503e1735d67af070d652d1cc49c8170a9120ac2d9beff06f041da4970281b,2026-06-20
TWIN FALLS,1099,SUBARU,IMPREZA,2007,13,70950bf8bcb3e881dcf0939e38399efb4499dcecd4a8718d042302823ff5ab97,2026-07-16
TWIN FALLS,1099,SUBARU,IMPREZA,2017,19,5b0d89cb066aac2f31923f3d7b0a4f6eb8d1f0a8eb836477130ad00265f21059,2026-08-18
TWIN FALLS,1099,SUBARU,L LINE,1986,1,15f6012b8618e4d38018640a85913c30c64569f0c997fa12e520e84a7a4725ab,2026-07-04
TWIN FALLS,1099,SUBARU,LEGACY,1997,26,3da4e5a509c7a4e89c03e730b9198236bde36c41935bd81e106887f309799058,2026-05-24
TWIN FALLS,1099,SUBARU,LEGACY,2006,15,94c70cf350a0b1778e472991be49c13d7324afff244023b11867ca568f06d0ab,2026-06-04
TWIN FALLS,1099,SUBARU,LEGACY,1990,1,e9783a8ae1a0f697e56f51a757baa55c120ba6ac25df4f64f12a516a1647beaf,2026-07-04
TWIN FALLS,1099,SUBARU,LEGACY,2000,200,e3573f26a8ba70139f8e55a9b29cc5a221e7b9fac786c4703252c1b33334a42b,2026-07-02
TWIN FALLS,1099,SUBARU,LEGACY,1994,18,b6927f05c2b8d8e36c9b07beb884809ba826947d1525ec799524b2d40dda0c13,2026-06-20
TWIN FALLS,1099,SUBARU,LEGACY,1998,16,373c4eaa8c2ad8f3f1f1c619c8027f13a2f01b9bacd07a887774923405aba36a,2026-08-06
TWIN FALLS,1099,SUBARU,LEGACY,2005,22,dd9e7801d3dac59851df70b5cfd453935d358c067ffd7280f8ba0052652b420a,2026-08-19
TWIN FALLS,1099,SUBARU,LEGACY,2011,10,8a810b609394416f3d16c438238110f94a22a878ddfa8c743c8e18c2b5f566d5,2026-08-04
TWIN FALLS,1099,SUBARU,LEGACY,2009,22,e14cecc88662342d722a9c8c31523ae0e10ab9eab977de027b1aee2896662fda,2026-08-19
TWIN FALLS,1099,SUBARU,LEGACY,2014,19,0c5661ddec91950b37a063a1090b9e5dc6ae287b5b6624b760fc495c17ea05a6,2026-08-18
TWIN FALLS,1099,SUBARU,LOYALE,1993,21,eea9729f7d858ff14490ac758831ec5a61623941ddd5b9b741321b200a5d2f43,2026-06-10
TWIN FALLS,1099,SUBARU,OUTBACK,2007,15,8771825ec337f5fb9bdd80f8356c729edd4bc25959a3ac869a69ad70363f12d9,2026-06-04
TWIN FALLS,1099,SUBARU,OUTBACK,2005,3,a5a1b568c162e4b303e77a9244b54b52d8aa53dfeefa41b9172a2e89dbb39110,2026-05-26
TWIN FALLS,1099,SUBARU,OUTBACK,2012,12,08d8bddb6024c6fc524504d51320ec562e58f8cef23c1ef63077e4faf28fb4fc,2026-06-02
TWIN FALLS,1099,SUBARU,OUTBACK,2007,21,cfee1941b9d9dc9adc0e1595e85b4e763e8d0c4b11938e5712f173cf999874de,2026-06-10
TWIN FALLS,1099,SUBARU,OUTBACK,2014,24,c1acd7a30a4ef5ba5f9bbe57e48771822561825d56f39e5095da656acb16bbda,2026-06-20
TWIN FALLS,1099,SUBARU,OUTBACK,2004,4,e9ac41c73038fdd9ad8563ab8c8cb427a4161a5e955f5e76d17261b6d7b39de9,2026-07-08
TWIN FALLS,1099,SUBARU,OUTBACK,2005,4,548297aadec955124588337aa594e5289c6a2bb7fb46298e6be4661c28626f52,2026-07-08
TWIN FALLS,1099,SUBARU,OUTBACK,2005,4,548297aadec955124588337aa594e5289c6a2bb7fb46298e6be4661c28626f52,2026-07-08
TWIN FALLS,1099,SUBARU,OUTBACK,2002,13,bf0b14c60c90a64078ffcd6ab4ebb3498a0d98386b69c87838aa4ade977ac004,2026-07-16
TWIN FALLS,1099,SUBARU,OUTBACK,2008,13,4edc437a8a10abdfeb64d8a0a661fb3aff9bde3ea119ab1b19af0921d409ddb4,2026-07-16
TWIN FALLS,1099,SUBARU,OUTBACK,2008,7,2a8cce8a54b2a631ea3b3aeafccebbc16c63b66f84daf95c68c0a5bfcd80c68d,2026-07-28
TWIN FALLS,1099,SUBARU,OUTBACK,2004,10,5f37cc5028f9e3815dc4f1c448fe7dba2cd10fe145f706064ac21f9c3e62305f,2026-08-04
TWIN FALLS,1099,SUBARU,OUTBACK,2001,7,ad1dc6b46606c7cd936bd793e365706308e38a585b517cb938289801bddb7edf,2026-07-28
TWIN FALLS,1099,SUBARU,OUTBACK,2001,10,b0295c4bb75045869427f742cd2c6d629b2ca849c567c567eeaa1501a78b64ec,2026-08-04
TWIN FALLS,1099,SUBARU,OUTBACK,2006,10,1b7538f7b94fb5921e61fdb6c1e9c7d65e37590d83fc4594add1df42a524c16d,2026-08-04
TWIN FALLS,1099,SUBARU,OUTBACK,2003,22,6744352513d369ab633ef0fd05d55c629383e8c34d9eb7f0515ebeb2176d896b,2026-08-19
TWIN FALLS,1099,SUBARU,OUTBACK,2007,25,0c0ff7afcb593399ade55ac7e86095726e6d8a13f798fc1959e710dc39997d66,2026-09-01
TWIN FALLS,1099,SUBARU,TRIBECA,2008,12,0368aaec56c46f100931988ffa2e6c9bb58a87b01628f36d8bf97bfd3b909a36,2026-06-02
TWIN FALLS,1099,SUBARU,TRIBECA,2008,19,f30c252bcc990bb422dc3ea44359fd0a58ea323bac8fdbbde4b47b5192c5a230,2026-08-18
TWIN FALLS,1099,SUZUKI,FORENZA,2006,7,0c6cc9c9cc8bef58798cb0e03cc149c41cb07fdfff6b9319fa89eacefe8deb9f,2026-07-28
TWIN FALLS,1099,SUZUKI,FORENZA,2007,25,edc2e8585520adfe84753fef0fe5e513739aca3255e7a6594f16165a668e3580,2026-08-29
TWIN FALLS,1099,SUZUKI,GRAND VITARA,2006,200,82f5b8510939080a90d53456306ede07b0a4f18bc4de34cd339a98824ffcedb7,2026-07-02
TWIN FALLS,1099,SUZUKI,SIDEKICK,1994,4,9e74c7c9935ab13abfa63df68fd6c75f847325a329355b0f8fd0d3a49f0b0d26,2026-07-08
TWIN FALLS,1099,SUZUKI,XL-7,2007,13,e755253ee98c863daf9554d31b0d9101a6adee6d87cb5f6a6c6ba350569b0434,2026-07-16
TWIN FALLS,1099,SUZUKI,XL-7,2003,19,a0799db77e07d8828537b26f94fb0aaa95c29f3c7415a1d1378c04f6a1a99c98,2026-08-18
TWIN FALLS,1099,TOYOTA,4RUNNER,1988,16,8597ccde9a3fde9406830724ddc53e844df80f144916210609fa4fbce15ad17e,2026-08-06
TWIN FALLS,1099,TOYOTA,AVALON,2006,4,7cf9bae40537e1029dfa34533b9d91f30c4edad007c7d2682bd5f57d4af590d7,2026-07-08
TWIN FALLS,1099,TOYOTA,AVALON,2006,3,e9d8c7f5b0923dbf50807511a2f8696ada16f10574805e25e3b6ff1459c3be47,2026-05-26
TWIN FALLS,1099,TOYOTA,AVALON,2002,21,1d6068c3dffc51962acd90d0936b61399cfef1608280470f66c635b317338e61,2026-06-10
TWIN FALLS,1099,TOYOTA,AVALON,1995,5,5c6915b25e6485242a9f236ed16e13d9c37fe8a7a957deee5b84b197ed842128,2026-08-13
TWIN FALLS,1099,TOYOTA,CAMRY,1999,24,05597cf0b3b7f479ce4e487c7576ec6f8fb4d3eafdd45b9099d3af9a62016d43,2026-06-20
TWIN FALLS,1099,TOYOTA,CAMRY,2000,24,de91b84b6585f4bc6b0f681ec80b680128d141968d0902c57d1b3e81217717a8,2026-06-20
TWIN FALLS,1099,TOYOTA,CAMRY,2002,200,0cf07c522f947da26d1784f3ed81555b9a097bbc40ef1942292e22e2e3ef6e99,2026-07-02
TWIN FALLS,1099,TOYOTA,CAMRY,2004,1,f525a033f5a0dba18c3b1ed98f879921d8e2be9f1cd685cf829cc6606691763d,2026-07-04
TWIN FALLS,1099,TOYOTA,CAMRY,1997,13,070c4c88fee5338747529004bddf25875db7274b053b29a48c35aca318cb35d0,2026-07-16
TWIN FALLS,1099,TOYOTA,CAMRY,1992,13,3b50b80bab6d63467ddb40435fc71d49702e5d33df36596f1909f53dd1937a32,2026-07-16
TWIN FALLS,1099,TOYOTA,CAMRY,1997,10,7b4c67623d446a8879e3edb61032701726bbdba72a65f3cc64a026a65af62826,2026-08-04
TWIN FALLS,1099,TOYOTA,CAMRY,2008,10,aaf687e5089a94018e2165c002b2563979ac3de03393549f4979ebd3a0cda70b,2026-08-04
TWIN FALLS,1099,TOYOTA,CAMRY,2004,7,e28b9e98ce01855152851ba8ab76feeea8f43360c1693bdba37ee66c4a8fa4fc,2026-07-28
TWIN FALLS,1099,TOYOTA,CAMRY,1998,10,e280328033682abc2f326182d22283097e0db7e78f71ced7dc22b6bc4888ecb8,2026-08-04
TWIN FALLS,1099,TOYOTA,CAMRY,2009,16,cf5db51637d3f8bb8615f88ee16df12f4efb79422a0123483c04c9c976966a14,2026-08-06
TWIN FALLS,1099,TOYOTA,CAMRY,2003,22,cc146d3e3ca63b2b0571b9f6b405205f08c128d2b50d73d7c3b3b3969d26ef2d,2026-08-19
TWIN FALLS,1099,TOYOTA,CAMRY,2000,5,cfaa1d29444f720f847000b020f5a1e6cd69f9d30ada99291f90d1c998d376fe,2026-08-12
TWIN FALLS,1099,TOYOTA,CAMRY,2001,19,5e6c4b2a2643438dcbb244072a29a7cf3b8119fcccbb9605f9011eb7752b463c,2026-08-18
TWIN FALLS,1099,TOYOTA,CAMRY,1994,14,0fc55ebf5fb7360f097b5ad9f855281ec3742def719cd824a6acab8b1124baa5,2026-09-04
TWIN FALLS,1099,TOYOTA,CAMRY SOLARA,1999,21,be65f7504926331244b46bcbfd4b0005b735c31689446e1f1da1cc2c5f9f3971,2026-06-10
TWIN FALLS,1099,TOYOTA,COROLLA,2002,26,341ce03c31b11ae6a7eeb329abf4b4a5e02826adb6fdf0e1c1a0bed572fcf6b5,2026-05-24
TWIN FALLS,1099,TOYOTA,COROLLA,2010,3,2cd403b64634b1670ece9ca9ef7d1d407d8bbd22af56d579c735c74efc2d2ffc,2026-05-26
TWIN FALLS,1099,TOYOTA,COROLLA,2005,24,08bd2efac446745ce70d3ef42db98da4970b2e1eef796b11f31fce512680cd7b,2026-06-20
TWIN FALLS,1099,TOYOTA,COROLLA,2001,24,9e8bcc84d089970ebad339fba99e95803c49f8f4a47c079b465e6503542121c0,2026-06-20
TWIN FALLS,1099,TOYOTA,COROLLA,2004,13,dde524db94eda0bd412d81503fe5c7b0f472cb76ff6c9a18760768b11e7c00a7,2026-07-16
TWIN FALLS,1099,TOYOTA,COROLLA,1971,16,7bfe562d00ee1b67f27c075cdafd5604e568ad363978cbd24f880b062e450c4e,2026-08-06
TWIN FALLS,1099,TOYOTA,COROLLA,2001,16,0cb63ae8dd101c1a3895d2c29e4f7591047b30e302320c79231ce1b889cd9042,2026-08-06
TWIN FALLS,1099,TOYOTA,COROLLA,1985,2,c3309f67492242c2db16377d1314acd0018ebfb531671a7429776197b4125ddd,2026-08-08
TWIN FALLS,1099,TOYOTA,COROLLA,2005,22,3778d21db3dd30435643cd285be9dfbe443dfb27c6c99e72be681ab46bbbfb75,2026-08-19
TWIN FALLS,1099,TOYOTA,COROLLA,2000,25,f091d42be826515a91db25b2082a93b07aa9f40c5e7e7c7e632be77e04076eb4,2026-08-29
TWIN FALLS,1099,TOYOTA,HIGHLANDER,2011,200,72672df406faab503b6dd598d1d5511f5f0e087e554ee9532fab2c62afa4d485,2026-07-08
TWIN FALLS,1099,TOYOTA,HIGHLANDER,2007,24,ea559e330292997c8bab2a8b1a6c06e105e92959393c4aa508f21da6345d552c,2026-06-20
TWIN FALLS,1099,TOYOTA,MATRIX,2003,10,b4adb97da4e63d37a771879824fff45ba0f05ed0d9b426ab6f2ad15902164f52,2026-08-04
TWIN FALLS,1099,TOYOTA,PRIUS,2007,18,01ba190a2170cf048021c252fad97cb93087975170d9b7587612694b166f4b20,2026-06-20
TWIN FALLS,1099,TOYOTA,PRIUS,2002,24,90472953dbf2afd462a94dee521c232b2bc454760341a2c30e22ce52ea37d233,2026-06-20
TWIN FALLS,1099,TOYOTA,PRIUS,2005,25,c09898fd56fdc55910802fb9b7373edd3da3bfc441ed248a82a10798555d4530,2026-08-29
TWIN FALLS,1099,TOYOTA,PRIUS,2008,22,a5865a6c91cecc7755c3a0cb4f9d12703c2e4856ba8184cbfbc0c4ff478f2ddb,2026-08-21
TWIN FALLS,1099,TOYOTA,PRIUS,2005,14,02f3c4d30f32e780eddc2e43ceb76aa526db8f2701aaff8a7d2bb71670ae7445,2026-09-04
TWIN FALLS,1099,TOYOTA,PRIUS V,2012,200,cc5ec66679374a4d2b3e648d20b27bd0bcda67c9124b0a007a3ec2a5184a845b,2026-07-02
TWIN FALLS,1099,TOYOTA,SIENNA,2011,21,2dd49ea1f0b22653a5218f8eff31413dd7a1521a613a746fe775bb10e2aa9094,2026-06-12
TWIN FALLS,1099,TOYOTA,SIENNA,2001,200,c4675cc1b62c1567793f08ca0c8c35a7658e104f691e221e7e23d97d98f8676e,2026-07-02
TWIN FALLS,1099,TOYOTA,SIENNA,2005,21,11b5d3ec18f8e634d2166758155a937828d78950cc2e7dd6616ab53871fd4d64,2026-06-10
TWIN FALLS,1099,TOYOTA,SIENNA,2002,1,82a2213690807ec51528fe1fa3afb8288c46d77e6027d5703886244d8edc8981,2026-07-04
TWIN FALLS,1099,TOYOTA,TERCEL,1983,10,1fea52993d5f275a980d499281b243bd2483a00f859403d99e59078037c97dd4,2026-08-04
TWIN FALLS,1099,TOYOTA,TERCEL,1980,10,97909b2d78923b0c43c577de8d41b13caf591a4d5d3dbeb255d90d8c07f94b99,2026-08-04
TWIN FALLS,1099,TOYOTA,TERCEL,1983,16,01e338989f8d9db3cdbc14155fc39aac80828daa162468c6503cda5f96c3ea61,2026-08-06
TWIN FALLS,1099,TOYOTA,TERCEL,1995,2,72b633c446afd05a14a422750b0617e92cf683bf48284cb630514c7fe7f359ab,2026-08-08
TWIN FALLS,1099,TOYOTA,TUNDRA,2005,21,3cce20fbc99eb07f4dc4fa86f88aa83c4ee0b5028c4b3c12646dd989803dde18,2026-06-12
TWIN FALLS,1099,VOLKSWAGEN,BEETLE,2014,1,5ca1194ed552dd40ab53bd8dfcee7c4ac464ae1f2b99a53dfe19289c1ae92037,2026-07-04
TWIN FALLS,1099,VOLKSWAGEN,GTI,2005,10,33042ded0d9a651e53010acef58e03987e0f4ffcad22886219f2741da09d5d24,2026-08-04
TWIN FALLS,1099,VOLKSWAGEN,JETTA,2010,200,1a4046b01b5dd49ecf9d344e752c0d86d4941adb5fe11b7be2118c099e7cd1f4,2026-07-02
TWIN FALLS,1099,VOLKSWAGEN,JETTA,2020,200,282f759d6bd91040856b311007a09eac23b31a057720effd76ea92ad81dd99cd,2026-07-08
TWIN FALLS,1099,VOLKSWAGEN,JETTA,2006,1,d04c3e2c93ebc19103fe29abea20c1f0717262304f89fbf9e5fdaa67a4838773,2026-07-04
TWIN FALLS,1099,VOLKSWAGEN,JETTA,2006,24,da99f44bc724ab8b64b40a3fbb3b180ac95a56c98b551088afc9012f8b7dc57b,2026-06-20
TWIN FALLS,1099,VOLKSWAGEN,JETTA,1999,18,e15cbca3c0322ca16679b3ee0922106f506d26323637370112449c4e4b3ab6f8,2026-06-20
TWIN FALLS,1099,VOLKSWAGEN,JETTA,2005,24,fb23b51ba701d54838da5e4ecce2ed685b00874cf120335d7e280588b87e08f9,2026-06-20
TWIN FALLS,1099,VOLKSWAGEN,JETTA,2009,4,dc495a0c074593aa8474080c3f38655676b4f2b8f53870ecc32663abc3a2d72a,2026-07-08
TWIN FALLS,1099,VOLKSWAGEN,JETTA,2004,1,74071df056af02f7fe8eae14f1257ffbf2c6beb9fef362d84fedc2fd72318bd3,2026-07-04
TWIN FALLS,1099,VOLKSWAGEN,JETTA,2006,13,4fd61ef0f6fa85b73d35fac7148186c7dbc186e05bf298ca8e20735126b5221b,2026-07-16
TWIN FALLS,1099,VOLKSWAGEN,JETTA,2009,16,049c6a346615dad6a4e95ca5b022a31eb9a39c38e113ae1d7e255a6a3defe452,2026-08-12
TWIN FALLS,1099,VOLKSWAGEN,JETTA,2005,14,b8732d58aec35665b03ef88a22213465facaf11c1c5beee7e7dc5755d726ac76,2026-09-04
TWIN FALLS,1099,VOLKSWAGEN,NEW BEETLE,1999,21,f65e6077da08a0a2aa7f87e6358e50df9bbd12def5e96bb9c578b328b45aa49a,2026-06-10
TWIN FALLS,1099,VOLKSWAGEN,NEW BEETLE,2002,1,11a78daadeb46145b0cd3886f33e9465ebba7932857ff9c3ae12c5cd6b5a9c22,2026-07-04
TWIN FALLS,1099,VOLKSWAGEN,NEW BEETLE,2001,10,a54cfcaa4b45254d246796044d9bdd980f22a8daf76cffa3901e431c664fbb35,2026-08-04
TWIN FALLS,1099,VOLKSWAGEN,NEW BEETLE,1999,22,be68c2420b3bc1aecf320bbb4d4f203974fa6906f6addfbb6cb26295678cb1eb,2026-08-22
TWIN FALLS,1099,VOLKSWAGEN,PASSAT,2014,9,685ed719dc6969c9977b83fe186cea00d59cf8fa7c079cf4f2c5ab344cb662c2,2026-05-29
TWIN FALLS,1099,VOLKSWAGEN,PASSAT,2012,3,1dfc4c28f78708f6d0f861105135ad84849fdbb3a6268173669990fba3da3a42,2026-05-26
TWIN FALLS,1099,VOLKSWAGEN,PASSAT,1999,15,15785d5ae4c21b56267f6173755544b5b5a588cb72a737137e116f7723284683,2026-06-04
TWIN FALLS,1099,VOLKSWAGEN,PASSAT,2004,21,63e8f35cd5690c4fc5debe26d0e579b748d3c22c0dcfa03eee85dc7d52746160,2026-06-10
TWIN FALLS,1099,VOLKSWAGEN,PASSAT,2004,24,97522350e19cf8e8a277171c365151bfdd3a3705d03cc6c72dc862371d96291d,2026-06-20
TWIN FALLS,1099,VOLKSWAGEN,PASSAT,2012,4,9382fc570b696800844dd04dab1d5d2964264bd47cd2bf979734b84552b5ea00,2026-07-08
TWIN FALLS,1099,VOLKSWAGEN,PASSAT,2001,16,6e4de9e30b064d4fbb1e8fe5cf8ac13b302a8f6bb90db803b4916dbb263851e7,2026-08-06
TWIN FALLS,1099,VOLKSWAGEN,PASSAT,2004,10,1b53f6547638cf009227c41d677c64e466cfd502975da249652fa1628f85ec4d,2026-08-04
TWIN FALLS,1099,VOLKSWAGEN,PASSAT,2013,5,19e4aa6e0b6fc84afffe13bf67e828d9098a8e481023dae631f71f09b6230a46,2026-08-13
TWIN FALLS,1099,VOLKSWAGEN,TOUAREG,2011,1,374df12d2e183a4858f79aa52d6e6cc36299439e430502373e0b469bf88dc87b,2026-07-04
TWIN FALLS,1099,VOLVO,960 SERIES,1997,25,d08681bc9ab08cf9a358af3fad8eb381127dd559a4a41d720789565e4342de73,2026-08-29
TWIN FALLS,1099,VOLVO,S40,2009,21,67904882c4583ae2bd3f87307b06a133bbae13440c919cd48d36a8217a06e2e3,2026-06-10
TWIN FALLS,1099,VOLVO,S60,2004,10,ecc5a7364b946d2a7e1cbcab71d89fd132d5911a183857ddc6e2c351e7623c7b,2026-08-04
TWIN FALLS,1099,VOLVO,S60,2004,19,ec068984f01d5e06f9a19ae67892e1fa3e6f4b49f86c43aa1643e69f3f28e959,2026-08-18
TWIN FALLS,1099,VOLVO,S80,2008,1,fae91136d40ddb5786f62e1595c503e782c528d41870f05439f1dd33490d0214,2026-07-04
TWIN FALLS,1099,VOLVO,V50,2006,25,24971cd6be1c815017d5a195a26d7ab536bdeb02b1243669d64393260b73c3b0,2026-08-29
TWIN FALLS,1099,VOLVO,V70 XC,2002,13,48beb0daaeb81ccc4ad9fdbb7b345266adc106eed56d2159955f732078885744,2026-07-16
TWIN FALLS,1099,VOLVO,XC90,2009,8,d3b1c88fd14713e7096f84b8885c560e1bdf3719c029d2f7582a5aee623187e1,2026-09-03
TWIN FALLS,1099,VOLVO,XC90,2005,11,6913621e4219fcc824cad63f0a878afe754b43647bf5d689379568b7f11d2d92,2026-09-04
